instance,algo,seed,phi,nv,dist,fuel,emis,IF,plow,pmed,phigh,lam,runtime,iters,error
C101,GLS,2,"(0.85, 1.0, 1.18)",10,833.2427178513223,247.80736036091864,644.2991369383885,0.2974011714137003,65.60028575837988,34.39971424162014,0.0,0.428001593932215,30.16305899620056,222,
C101,RGLS,3,"(0.85, 1.0, 1.18)",10,854.350679594325,253.01005326532243,657.8261384898383,0.2961430935894617,63.17417175507249,36.82582824492753,0.0,0.41463905141213026,30.08327555656433,228,
C101,IGLS,4,"(0.85, 1.0, 1.18)",10,828.9368669428338,244.71358928551035,636.2553321423269,0.2952137841184793,70.39556721263416,29.604432787365823,0.0,0.4257939201055819,30.131272554397583,229,
C101,IGLS,5,"(0.85, 1.0, 1.18)",10,828.9368669428338,244.71358928551035,636.2553321423269,0.2952137841184793,70.39556721263419,29.60443278736583,0.0,0.425793920105582,30.136274099349976,214,
C101,GLS,1,"(0.85, 1.0, 1.18)",10,828.9368669428338,244.71358928551035,636.2553321423269,0.2952137841184793,70.39556721263418,29.60443278736582,0.0,0.42579392010558187,30.281683683395386,202,
C101,GLS,5,"(0.85, 1.0, 1.18)",10,828.9368669428338,244.71358928551035,636.2553321423269,0.2952137841184793,70.39556721263416,29.60443278736583,0.0,0.4257939201055819,30.185518980026245,193,
C101,GLS,4,"(0.85, 1.0, 1.18)",10,828.9368669428338,244.71358928551035,636.2553321423269,0.2952137841184793,70.39556721263418,29.604432787365823,0.0,0.4257939201055819,30.211517333984375,227,
C101,RGLS,4,"(0.85, 1.0, 1.18)",11,927.2736500216116,265.1482606425919,689.385477670739,0.28594391810487896,69.95555032594832,30.044449674051695,0.0,0.3927580053466515,30.121506214141846,251,
C101,IGLS,2,"(0.85, 1.0, 1.18)",10,828.936866942834,244.71358928551038,636.255332142327,0.2952137841184793,70.39556721263418,29.604432787365827,0.0,0.425793920105582,30.1817409992218,229,
C101,IGLS,3,"(0.85, 1.0, 1.18)",10,828.9368669428338,244.71358928551038,636.255332142327,0.2952137841184793,70.39556721263419,29.604432787365823,0.0,0.42579392010558215,30.176233053207397,218,
C101,GLS,3,"(0.85, 1.0, 1.18)",10,828.9368669428338,244.71358928551038,636.255332142327,0.2952137841184793,70.39556721263416,29.604432787365827,0.0,0.42579392010558187,30.322261095046997,255,
C101,IGLS,1,"(0.85, 1.0, 1.18)",10,828.936866942834,244.71358928551038,636.255332142327,0.2952137841184793,70.39556721263419,29.604432787365823,0.0,0.42579392010558204,30.276259183883667,215,
C101,RGLS,2,"(0.85, 1.0, 1.18)",10,828.9368669428338,244.71358928551035,636.2553321423269,0.2952137841184793,70.39556721263416,29.604432787365823,0.0,0.42579392010558204,30.242022037506104,213,
C101,RGLS,1,"(0.85, 1.0, 1.18)",10,828.9368669428338,244.71358928551035,636.2553321423269,0.2952137841184793,70.39556721263418,29.60443278736582,0.0,0.42579392010558187,30.487813472747803,211,
C101,RGLS,5,"(0.85, 1.0, 1.18)",10,828.9368669428338,244.71358928551035,636.2553321423269,0.2952137841184793,70.39556721263419,29.60443278736583,0.0,0.42579392010558187,30.056798219680786,199,
C101,HGLS,4,"(0.85, 1.0, 1.18)",10,828.9368669428338,244.71358928551035,636.2553321423269,0.2952137841184793,70.39556721263419,29.60443278736583,0.0,0.4257939201055819,30.08360981941223,192,
C101,HGLS,5,"(0.85, 1.0, 1.18)",10,828.936866942834,244.71358928551035,636.2553321423269,0.29521378411847926,70.39556721263419,29.60443278736583,0.0,0.42579392010558204,30.083605766296387,216,
C101,HGLS,1,"(0.85, 1.0, 1.18)",10,828.9368669428338,244.71358928551035,636.2553321423269,0.2952137841184793,70.39556721263416,29.604432787365816,0.0,0.42579392010558204,30.127333641052246,243,
C101,ALNS,5,"(0.85, 1.0, 1.18)",11,975.5637016292575,269.324428893155,700.2435151222031,0.2760705717559653,84.20075174672883,15.799248253271175,0.0,0.3785100120975443,30.131502151489258,135,
C102,GLS,1,"(0.85, 1.0, 1.18)",10,921.9439185017812,264.12581937844186,686.7271303839489,0.2864879458261013,80.1138370162705,19.886162983729502,0.0,0.41366669246353166,30.155246257781982,239,
C102,GLS,2,"(0.85, 1.0, 1.18)",10,838.818184430606,243.16803544404812,632.2368921545251,0.2898936145609573,78.15699814744998,21.84300185255003,0.0,0.42371941619501435,30.18424940109253,235,
C101,ALNS,3,"(0.85, 1.0, 1.18)",11,952.8855670813796,267.5053749681509,695.5139749171923,0.28073189920118186,79.41098626114909,20.58901373885088,0.0,0.3877335484365525,30.414068937301636,141,
C101,ALNS,4,"(0.85, 1.0, 1.18)",11,1083.1826713446396,301.9609277809163,785.0984122303823,0.2787719336444595,77.40596095454062,22.594039045459393,0.0,0.38049022976693403,30.412068367004395,156,
C101,HGLS,3,"(0.85, 1.0, 1.18)",10,828.9368669428338,244.71358928551038,636.255332142327,0.2952137841184793,70.39556721263416,29.604432787365827,0.0,0.42579392010558204,30.471032857894897,206,
C101,ALNS,2,"(0.85, 1.0, 1.18)",11,907.1152499886108,254.98939281147156,662.9724213098261,0.2810992239571246,80.62463829274382,19.37536170725619,0.0,0.39009990297675445,30.451076984405518,147,
C101,ALNS,1,"(0.85, 1.0, 1.18)",11,1149.6326916409027,344.6122140729516,895.9917565896742,0.29975853729513985,65.69552438727246,19.646218510670863,14.65825710205668,0.39884518627106547,30.526901483535767,159,
C101,HGLS,2,"(0.85, 1.0, 1.18)",10,828.9368669428338,244.71358928551038,636.255332142327,0.2952137841184793,70.39556721263419,29.604432787365823,0.0,0.42579392010558204,30.560632467269897,233,
C102,GLS,3,"(0.85, 1.0, 1.18)",10,840.0392941473123,245.27212430236045,637.7075231861372,0.29197696585291955,73.28052040128505,26.719479598714976,0.0,0.4253037620515636,30.273906230926514,232,
C102,GLS,4,"(0.85, 1.0, 1.18)",10,838.8181844306059,243.16803544404812,632.2368921545251,0.28989361456095736,78.15699814744995,21.84300185255003,0.0,0.42371941619501424,30.23440647125244,220,
C102,IGLS,2,"(0.85, 1.0, 1.18)",10,885.9589370601119,254.95535574785387,662.8839249444201,0.2877733324682917,83.73933874255832,16.260661257441672,0.0,0.4245923659426498,30.128140926361084,258,
C102,IGLS,1,"(0.85, 1.0, 1.18)",10,894.3243625477419,256.6600405210596,667.316105354755,0.2869876425929952,81.70386371444661,18.296136285553374,0.0,0.41855767291567836,30.17414116859436,259,
C102,GLS,5,"(0.85, 1.0, 1.18)",10,865.009769044925,246.60595262633444,641.1754768284695,0.2850903671280119,84.79354442953864,15.206455570461358,0.0,0.4164154303669526,30.292656183242798,235,
C102,IGLS,5,"(0.85, 1.0, 1.18)",10,870.1671265764562,252.96934076492857,657.7202859888143,0.2907135112770796,72.89641802632396,27.103581973676032,0.0,0.41661769104106366,30.12147355079651,266,
C102,IGLS,4,"(0.85, 1.0, 1.18)",10,835.7334432388238,242.1783532269522,629.6637183900757,0.2897794209220678,78.07637434555255,21.923625654447445,0.0,0.42310014234263116,30.204477071762085,261,
C102,RGLS,1,"(0.85, 1.0, 1.18)",10,975.6205482345702,282.13967751230797,733.5631615320008,0.28918997044788836,76.03042391612821,18.421614918889176,5.547961164982585,0.40877989745188636,30.099529027938843,264,
C102,IGLS,3,"(0.85, 1.0, 1.18)",10,841.4353867221305,244.93478448112316,636.8304396509202,0.2910916136238143,78.58147227836768,21.41852772163234,0.0,0.4275520797578636,30.31958246231079,236,
C102,RGLS,4,"(0.85, 1.0, 1.18)",10,874.6642862965203,255.33538165754473,663.8719923096163,0.29192386800046316,79.39517202333715,20.60482797666284,0.0,0.4341397418573163,30.119526624679565,254,
C102,RGLS,3,"(0.85, 1.0, 1.18)",10,957.0954913493064,273.0963537150256,710.0505196590666,0.2853386691123331,78.73618442174937,16.722719311782146,4.541096266468474,0.3968986698420149,30.183228015899658,213,
C102,RGLS,5,"(0.85, 1.0, 1.18)",10,870.2334613515065,249.81763106806156,649.5258407769601,0.28706966827049496,79.52008518634571,20.479914813654304,0.0,0.4147603583618888,30.129628658294678,258,
C102,RGLS,2,"(0.85, 1.0, 1.18)",11,1093.5595314215082,300.4726972354675,781.2290128122155,0.27476574306374135,84.51836796992441,15.481632030075595,0.0,0.3778424387024075,30.245235919952393,223,
C102,HGLS,2,"(0.85, 1.0, 1.18)",10,887.3168503722694,253.3192528066624,658.6300572973223,0.28548905917923634,79.35088559539541,20.649114404604564,0.0,0.4090094899388599,30.08437705039978,237,
C102,HGLS,1,"(0.85, 1.0, 1.18)",10,835.7334432388237,242.1783532269522,629.6637183900757,0.2897794209220678,78.07637434555255,21.923625654447456,0.0,0.423100142342631,30.491726398468018,238,
C102,HGLS,4,"(0.85, 1.0, 1.18)",10,848.0129589174098,245.20290416217904,637.5275508216655,0.28914994940078503,78.39383589153992,21.606164108460096,0.0,0.4208131946182296,30.092592000961304,217,
C102,HGLS,5,"(0.85, 1.0, 1.18)",10,874.1077963937385,254.10200021706711,660.6652005643746,0.29069870016650423,77.05274427625064,22.94725572374937,0.0,0.42443076175067307,30.081591606140137,231,
C102,ALNS,1,"(0.85, 1.0, 1.18)",10,862.9102986552826,251.23334820545983,653.2067053341956,0.291146540488588,79.11450682121253,20.88549317878749,0.0,0.42904729192582247,30.09499454498291,152,
C102,ALNS,4,"(0.85, 1.0, 1.18)",10,1080.0062908025884,310.54433505166367,807.4152711343255,0.28753937610945574,83.16638274416458,16.83361725583542,0.0,0.4245056024281582,30.07860541343689,143,
C102,ALNS,2,"(0.85, 1.0, 1.18)",10,870.6232648308334,249.05637887999922,647.546585087998,0.28606676267534864,80.86120473256388,19.13879526743611,0.0,0.4149896905419672,30.216179609298706,145,
C102,ALNS,5,"(0.85, 1.0, 1.18)",10,1137.7041888799797,329.87308512446185,857.6700213236008,0.28994626929273026,85.58924630659304,14.41075369340698,0.0,0.4383494394858538,30.17512083053589,166,
C102,HGLS,3,"(0.85, 1.0, 1.18)",10,841.4353867221305,244.93478448112316,636.8304396509202,0.2910916136238143,78.58147227836764,21.418527721632337,0.0,0.4275520797578637,30.544206619262695,219,
C102,ALNS,3,"(0.85, 1.0, 1.18)",11,1014.608265215549,270.522319022513,703.3580294585338,0.2666273558938944,89.61021699884067,10.389783001159325,0.0,0.35738144728397114,30.347712993621826,148,
C103,GLS,1,"(0.85, 1.0, 1.18)",10,987.9678168792117,286.46305862578936,744.8039524270523,0.2899518119230519,87.02667892547429,12.973321074525698,0.0,0.44166224804136833,30.311445236206055,252,
C103,GLS,2,"(0.85, 1.0, 1.18)",10,901.3050567693258,258.2155525764909,671.3604366988764,0.2864907398856156,87.48604528344006,12.513954716559919,0.0,0.4319670081925569,30.32050347328186,280,
C103,GLS,5,"(0.85, 1.0, 1.18)",10,1056.293524884752,295.75169241763,768.954400285838,0.2799900647406679,82.4374487099498,17.562551290050198,0.0,0.395078044114658,30.282453298568726,222,
C103,IGLS,1,"(0.85, 1.0, 1.18)",10,977.4143310997383,279.3609278313544,726.3384123615215,0.28581627969075435,88.29659750285627,11.703402497143733,0.0,0.4291938866660598,30.135454416275024,279,
C103,GLS,4,"(0.85, 1.0, 1.18)",10,932.7931017035572,261.9121270448358,680.9715303165732,0.28078265862655555,92.16354995826573,7.836450041734247,0.0,0.4167025827990119,30.505549430847168,215,
C103,GLS,3,"(0.85, 1.0, 1.18)",10,1057.0403393300503,299.35982153805907,778.3355359989536,0.28320567380407885,83.27023985651176,16.72976014348826,0.0,0.4148569400406921,30.536062479019165,235,
C103,IGLS,2,"(0.85, 1.0, 1.18)",10,1090.9617346088878,312.7284642204993,813.0940069732982,0.2866539258891726,86.7225106458623,13.277489354137701,0.0,0.4298793826498365,30.194700956344604,270,
C103,IGLS,3,"(0.85, 1.0, 1.18)",10,1112.3385043360333,314.5287889622671,817.7748513018944,0.28276355420242566,85.91180569732342,14.08819430267658,0.0,0.4118842731555501,30.23954129219055,235,
C103,IGLS,5,"(0.85, 1.0, 1.18)",10,1035.6778501771628,294.9116458595226,766.7702792347587,0.2847522961016064,90.0843277974133,9.91567220258673,0.0,0.42855567976479514,30.11099123954773,219,
C103,IGLS,4,"(0.85, 1.0, 1.18)",10,1144.1548696231912,336.0975133153599,873.8535346199358,0.2937517658130041,81.20848648187345,18.791513518126543,0.0,0.44861302199445247,30.349186420440674,215,
C103,RGLS,1,"(0.85, 1.0, 1.18)",10,1000.5122387127547,278.57723016839435,724.3007984378254,0.27843460518464824,80.33033189764579,19.66966810235422,0.0,0.38722251319133894,30.184524297714233,234,
C103,RGLS,3,"(0.85, 1.0, 1.18)",10,991.2767897433289,280.1139468081694,728.2962617012404,0.28257894233627645,82.6862884330137,17.31371156698631,0.0,0.4055816481182574,30.148016929626465,222,
C103,HGLS,1,"(0.85, 1.0, 1.18)",10,1183.2855180691588,332.94531754267655,865.6578256109591,0.2813736097150621,90.7791233710062,9.22087662899384,0.0,0.41799356290840206,30.10296130180359,261,
C103,RGLS,2,"(0.85, 1.0, 1.18)",10,879.3004708598177,251.5778377597145,654.1023781752577,0.28611134202363264,89.79937623846621,10.200623761533791,0.0,0.4318643993486216,30.3630473613739,244,
C103,RGLS,5,"(0.85, 1.0, 1.18)",10,1101.36965751679,308.3135847769931,801.615320420182,0.2799365160214548,87.68820556138628,12.311794438613699,0.0,0.414447680450898,30.2539165019989,221,
C103,RGLS,4,"(0.85, 1.0, 1.18)",10,886.9727678841136,253.96259594261903,660.3027494508095,0.2863251332376872,84.33879360966223,15.661206390337746,0.0,0.4245503352541852,30.474634170532227,217,
C103,HGLS,2,"(0.85, 1.0, 1.18)",10,1128.062082250424,319.61101480038,830.9886384809881,0.283327504602205,84.6507032370141,15.349296762985944,0.0,0.4162584948284728,30.317970037460327,277,
C103,HGLS,3,"(0.85, 1.0, 1.18)",10,1157.5292943581894,325.6824119056997,846.7742709548193,0.2813599737761104,89.97623565980865,10.023764340191347,0.0,0.4140272166193576,30.169437408447266,217,
C103,HGLS,4,"(0.85, 1.0, 1.18)",10,1109.630635846972,311.4423653384127,809.750149879873,0.2806721041012817,93.97978803172805,6.020211968271954,0.0,0.4226188517455196,30.25594997406006,216,
C103,HGLS,5,"(0.85, 1.0, 1.18)",10,976.465304681105,282.05604928399515,733.3457281383875,0.28885414354390127,88.04734084249411,11.952659157505902,0.0,0.4411368361705912,30.3848557472229,275,
C103,ALNS,1,"(0.85, 1.0, 1.18)",10,1108.937362507314,320.2995647237354,832.778868281712,0.28883467682929914,85.16009075147548,14.8399092485245,0.0,0.435395252467356,30.175854682922363,138,
C103,ALNS,2,"(0.85, 1.0, 1.18)",10,1035.5684091388532,300.56817329637954,781.4772505705869,0.29024463342438456,86.00844370618611,13.99155629381383,0.0,0.4426889324903897,30.247588872909546,152,
C103,ALNS,3,"(0.85, 1.0, 1.18)",10,1204.5412680611742,328.16784710446535,853.23640247161,0.2724421784507917,86.80793260369876,13.192067396301272,0.0,0.38196496383428635,30.116058826446533,158,
C103,ALNS,5,"(0.85, 1.0, 1.18)",10,1063.2808585416692,305.9065697271567,795.3570812906074,0.28770062704478605,90.36630752163218,9.633692478367813,0.0,0.4436378610919857,30.195061445236206,157,
C104,GLS,1,"(0.85, 1.0, 1.18)",10,1042.2043348733837,282.5744682535659,734.6936174592713,0.27113154186591976,94.39109676836051,5.608903231639478,0.0,0.38753389968590557,30.177597284317017,232,
C103,ALNS,4,"(0.85, 1.0, 1.18)",10,1052.8506864375545,300.3331385615762,780.8661602600982,0.28525710476362903,89.85716511963238,10.142834880367612,0.0,0.431414803251969,30.27162790298462,165,
C104,GLS,3,"(0.85, 1.0, 1.18)",10,1010.1545475374639,282.68280645941,734.9752967944661,0.2798411462370079,89.04472375752009,10.95527624247991,0.0,0.4095875955654192,30.2012357711792,239,
C104,GLS,4,"(0.85, 1.0, 1.18)",10,972.921757661168,273.10212853029367,710.0655341787635,0.2807030744042676,93.74620809728124,6.2537919027187705,0.0,0.42497709476093637,30.35291051864624,220,
C104,GLS,5,"(0.85, 1.0, 1.18)",10,1118.5144811532164,306.50640460096076,796.916651962498,0.27402989390440885,94.08270532526471,5.917294674735282,0.0,0.39748269039508594,30.270219326019287,230,
C104,GLS,2,"(0.85, 1.0, 1.18)",10,988.3336207020935,271.53205269356823,705.9833370032775,0.274737241560878,97.83624027765615,2.163759722343846,0.0,0.4068618310316982,30.53890109062195,260,
C104,IGLS,2,"(0.85, 1.0, 1.18)",10,1128.677042966018,303.93819749339696,790.2393134828321,0.26928712636405405,97.53108571482149,2.468914285178519,0.0,0.38463105940818654,30.297404766082764,256,
C104,IGLS,1,"(0.85, 1.0, 1.18)",10,1070.074307711833,285.1454083547904,741.3780617224551,0.2664725302717753,99.4967485184604,0.5032514815396081,0.0,0.37715432850573766,30.4145565032959,241,
C104,IGLS,3,"(0.85, 1.0, 1.18)",10,922.545645766503,257.9414202034437,670.6476925289537,0.27959746098972854,98.33231397516904,1.66768602483096,0.0,0.4268754799655749,30.35804057121277,295,
C104,IGLS,4,"(0.85, 1.0, 1.18)",10,933.5544075820363,261.8069756456441,680.6981366786747,0.28044104716268264,90.19171033119711,7.287043515314901,2.521246153487985,0.41031313809999453,30.659263849258423,255,
C104,IGLS,5,"(0.85, 1.0, 1.18)",10,1040.1446037934159,287.0694730958569,746.380630049228,0.27598996528839564,93.78077649710048,6.219223502899523,0.0,0.40010677986813387,30.13475275039673,248,
C104,RGLS,1,"(0.85, 1.0, 1.18)",10,885.4618964445477,246.31630693717,640.422398036642,0.2781783246983521,97.58485770048337,2.41514229951664,0.0,0.4201194797228051,30.33134174346924,235,
C104,RGLS,2,"(0.85, 1.0, 1.18)",10,1080.631004815092,295.0677895057597,767.1762527149752,0.27305138219335945,96.8892685867513,3.1107314132487143,0.0,0.39825249533560453,30.418174028396606,220,
C104,RGLS,5,"(0.85, 1.0, 1.18)",10,1088.166860675291,293.883974064947,764.0983325688621,0.2700725271881276,96.32535767354116,3.6746423264588515,0.0,0.38587982764758744,30.34838366508484,208,
C104,RGLS,4,"(0.85, 1.0, 1.18)",10,1011.6721444788038,281.2035337021999,731.1291876257197,0.2779591542940733,97.78028556567908,2.219714434320917,0.0,0.419309098697322,30.481409549713135,181,
C104,RGLS,3,"(0.85, 1.0, 1.18)",10,881.8446221117651,243.22043931499164,632.3731422189783,0.27580872323351974,96.44096431274072,3.5590356872592843,0.0,0.4080751601807014,30.634857654571533,232,
C104,HGLS,3,"(0.85, 1.0, 1.18)",10,953.8287258824844,268.25010260672843,697.450266777494,0.28123508479841897,98.387009702093,1.6129902979070077,0.0,0.43343594295440346,30.210761070251465,268,
C104,HGLS,4,"(0.85, 1.0, 1.18)",10,1091.1984875326123,295.27317479936926,767.7102544783601,0.2705952933155477,98.4067825417862,1.5932174582137983,0.0,0.39174361735725743,30.180180549621582,290,
C104,HGLS,2,"(0.85, 1.0, 1.18)",10,899.7495461961848,247.5926631598193,643.7409242155302,0.2751795365794308,97.77715920118517,2.2228407988148198,0.0,0.40848073299597226,30.3686101436615,250,
C104,ALNS,1,"(0.85, 1.0, 1.18)",10,1072.4293763494193,289.28710063811883,752.146461659109,0.2697493252402881,97.44643652896247,2.5535634710375423,0.0,0.38542661065978906,30.14333987236023,169,
C104,HGLS,1,"(0.85, 1.0, 1.18)",10,905.8252993845316,251.7881536618261,654.6491995207479,0.2779654684329363,94.06359765784038,5.936402342159625,0.0,0.41507318470213866,30.738834619522095,228,
C104,ALNS,2,"(0.85, 1.0, 1.18)",10,1009.3874515403663,273.86636110284644,712.0525388674008,0.27131936372392507,97.98044202193856,2.019557978061438,0.0,0.39390584881964646,30.240879774093628,162,
C104,HGLS,5,"(0.85, 1.0, 1.18)",10,959.523491625577,266.0593251073585,691.7542452791322,0.27728276319385786,96.72908844014195,3.2709115598580403,0.0,0.4145950614894288,30.4510338306427,240,
C104,ALNS,3,"(0.85, 1.0, 1.18)",10,1112.0497186179664,299.3448214107887,778.2965356680506,0.2691829478476993,90.50347787074003,9.496522129259937,0.0,0.3761034474178806,30.3063747882843,164,
C104,ALNS,4,"(0.85, 1.0, 1.18)",10,1177.38811351077,309.8502898252008,805.610753545522,0.26316750294113317,96.06027466983316,3.9397253301668393,0.0,0.3572232864080431,30.301923274993896,176,
C105,GLS,1,"(0.85, 1.0, 1.18)",10,828.9368669428338,234.1402797237779,608.7647272818225,0.2824585189307607,91.53220925460946,8.467790745390547,0.0,0.42579392010558204,30.068981885910034,215,
C104,ALNS,5,"(0.85, 1.0, 1.18)",10,1000.5297162566069,271.29222005321054,705.3597721383475,0.2711485882380648,96.88004102279218,3.119958977207806,0.0,0.390782542199394,30.391425609588623,171,
C105,GLS,2,"(0.85, 1.0, 1.18)",10,903.6917692557345,264.42389400702484,687.5021244182647,0.29260407475526745,74.83743971869744,25.16256028130256,0.0,0.42744043753031646,30.22231936454773,185,
C105,GLS,3,"(0.85, 1.0, 1.18)",10,871.6596662723888,243.5686859641483,633.2785835067856,0.2794309469494651,97.54661530932282,2.4533846906771704,0.0,0.425076504047281,30.183326244354248,210,
C105,GLS,4,"(0.85, 1.0, 1.18)",10,890.6512505784667,254.18481933732488,660.8805302770447,0.28539208716344927,84.15524302217698,13.85519651460463,1.989560463218392,0.41907174452942253,30.264991998672485,213,
C105,IGLS,3,"(0.85, 1.0, 1.18)",10,828.9368669428338,234.1402797237779,608.7647272818225,0.2824585189307607,91.53220925460946,8.467790745390547,0.0,0.42579392010558215,30.055002212524414,210,
C105,IGLS,1,"(0.85, 1.0, 1.18)",10,828.9368669428338,234.14027972377792,608.7647272818226,0.28245851893076074,91.53220925460944,8.467790745390545,0.0,0.4257939201055821,30.15833830833435,259,
C105,GLS,5,"(0.85, 1.0, 1.18)",10,828.9368669428338,234.1402797237779,608.7647272818225,0.2824585189307607,91.53220925460946,8.467790745390547,0.0,0.4257939201055819,30.268365621566772,202,
C105,IGLS,5,"(0.85, 1.0, 1.18)",10,865.7643887934403,249.32736533907087,648.2511498815843,0.28798524005652654,83.08849543320004,16.91150456679995,0.0,0.4282265033834109,30.10850715637207,216,
C105,IGLS,2,"(0.85, 1.0, 1.18)",10,828.9368669428338,234.1402797237779,608.7647272818225,0.2824585189307607,91.53220925460946,8.467790745390547,0.0,0.425793920105582,30.312567234039307,191,
C105,IGLS,4,"(0.85, 1.0, 1.18)",10,902.8244445000859,261.27152132091766,679.305955434386,0.2893934949508257,72.79600585942431,27.203994140575663,0.0,0.4184261174061717,30.18753433227539,234,
C105,RGLS,1,"(0.85, 1.0, 1.18)",10,828.936866942834,234.1402797237779,608.7647272818225,0.2824585189307607,91.53220925460946,8.467790745390547,0.0,0.42579392010558204,30.231053352355957,239,
C105,RGLS,2,"(0.85, 1.0, 1.18)",10,850.5697883876921,235.86950484173963,613.260712588523,0.27730764490100795,99.36687560730996,0.6331243926900364,0.0,0.4199577136687448,30.073810815811157,206,
C105,RGLS,4,"(0.85, 1.0, 1.18)",10,875.1974818543098,250.95403861557384,652.480500400492,0.2867399002152854,85.96461159286399,14.035388407135974,0.0,0.4298021762983584,30.144502639770508,202,
C105,RGLS,5,"(0.85, 1.0, 1.18)",10,870.8916309458214,247.94362779038022,644.6534322549886,0.2847008961621368,90.62956781856754,9.37043218143245,0.0,0.4277097584577081,30.048412322998047,193,
C105,RGLS,3,"(0.85, 1.0, 1.18)",10,834.7918658830288,236.62964809092335,615.2370850364007,0.2834594558975733,90.0343255961034,9.965674403896575,0.0,0.42734906972699493,30.506592512130737,216,
C105,HGLS,1,"(0.85, 1.0, 1.18)",10,828.9368669428338,234.1402797237779,608.7647272818225,0.2824585189307607,91.53220925460946,8.467790745390547,0.0,0.4257939201055819,30.093012809753418,222,
C105,HGLS,2,"(0.85, 1.0, 1.18)",10,828.9368669428338,234.1402797237779,608.7647272818225,0.2824585189307607,91.53220925460946,8.467790745390547,0.0,0.4257939201055819,30.110004425048828,200,
C105,HGLS,5,"(0.85, 1.0, 1.18)",10,870.0702397019286,252.33777616426448,656.0782180270877,0.2900200060292962,78.43336872790974,21.566631272090273,0.0,0.4303286943503642,30.129541397094727,221,
C105,HGLS,4,"(0.85, 1.0, 1.18)",10,870.8916309458214,247.9436277903802,644.6534322549885,0.28470089616213673,90.62956781856754,9.370432181432452,0.0,0.42770975845770826,30.15848708152771,187,
C105,HGLS,3,"(0.85, 1.0, 1.18)",11,1021.2012931209737,285.4729273236406,742.2296110414655,0.2795461866790085,79.18559639995291,18.586208957182723,2.2281946428643473,0.38778772984637966,30.2104914188385,198,
C105,ALNS,2,"(0.85, 1.0, 1.18)",11,1078.4651901463185,300.2413999029749,780.6276397477347,0.2783969317194561,85.88751946309982,14.11248053690018,0.0,0.39247403748791176,30.23486876487732,152,
C105,ALNS,3,"(0.85, 1.0, 1.18)",10,828.936866942834,234.1402797237779,608.7647272818225,0.2824585189307607,91.53220925460944,8.467790745390547,0.0,0.425793920105582,30.260364055633545,131,
C105,ALNS,4,"(0.85, 1.0, 1.18)",10,960.037775054871,290.093627759467,754.2434321746142,0.302168972197877,64.83411492668647,34.540909665480534,0.6249754078329958,0.4394733350929268,30.25887703895569,160,
C105,ALNS,1,"(0.85, 1.0, 1.18)",11,960.775259104429,257.54055487352747,669.6054426711714,0.2680549404588017,99.43949797248587,0.5605020275141345,0.0,0.3838203080585423,30.46311640739441,146,
C105,ALNS,5,"(0.85, 1.0, 1.18)",10,891.8684410115483,259.93042691328475,675.8191099745404,0.29144480840523324,71.33762889640073,28.662371103599266,0.0,0.4193347723608356,30.291057586669922,141,
C106,GLS,1,"(0.85, 1.0, 1.18)",10,838.3826540305447,242.07552157294688,629.3963560896619,0.2887410902517639,81.48496870295378,18.515031297046225,0.0,0.4227527439243765,30.307002067565918,225,
C106,GLS,4,"(0.85, 1.0, 1.18)",10,828.9368669428338,240.09430398266767,624.245190354936,0.2896412423640284,81.27398877127429,18.726011228725703,0.0,0.4257939201055819,30.170766592025757,202,
C106,GLS,2,"(0.85, 1.0, 1.18)",10,828.9368669428338,240.0943039826677,624.2451903549361,0.2896412423640284,81.27398877127429,18.726011228725703,0.0,0.42579392010558204,30.39004683494568,220,
C106,GLS,3,"(0.85, 1.0, 1.18)",10,1047.5998918875146,303.82153420653816,789.9359889369993,0.2900167674312445,58.09488248541186,41.905117514588134,0.0,0.3897696095992426,30.3085298538208,235,
C106,GLS,5,"(0.85, 1.0, 1.18)",10,828.9368669428338,240.09430398266767,624.245190354936,0.2896412423640284,81.27398877127429,18.726011228725703,0.0,0.4257939201055819,30.161901473999023,254,
C106,IGLS,1,"(0.85, 1.0, 1.18)",10,893.5099879457376,269.4897780026846,700.6734228069799,0.3016080196509796,73.64508750323562,15.265139285398837,11.089773211365552,0.43443485495065537,30.136903047561646,258,
C106,IGLS,3,"(0.85, 1.0, 1.18)",10,878.8827397634349,260.9825357334091,678.5545929068637,0.29694807273568335,76.00840811201158,23.99159188798843,0.0,0.439297280362625,30.11237931251526,236,
C106,IGLS,2,"(0.85, 1.0, 1.18)",10,839.9769529679209,246.65604364199314,641.3057134691821,0.29364620394699453,71.9186232962899,28.08137670371009,0.0,0.4214401742882249,30.316246271133423,239,
C106,IGLS,4,"(0.85, 1.0, 1.18)",10,878.4595438482535,260.29763614767984,676.7738539839676,0.29631146701121625,74.42920135694884,25.570798643051162,0.0,0.4394325680875404,30.302927255630493,263,
C106,RGLS,1,"(0.85, 1.0, 1.18)",10,828.9368669428338,240.0943039826677,624.2451903549361,0.2896412423640284,81.27398877127429,18.7260112287257,0.0,0.4257939201055819,30.067587852478027,216,
C106,RGLS,3,"(0.85, 1.0, 1.18)",11,994.3938163106608,278.2578259447322,723.4703474563037,0.27982658518242537,86.27453077179534,13.72546922820464,0.0,0.40016155941203374,30.206921815872192,215,
C106,RGLS,4,"(0.85, 1.0, 1.18)",11,960.5113735150301,270.30354760486244,702.7892237726423,0.2814162903825654,78.21442133736069,21.78557866263932,0.0,0.39104180675645955,30.14847159385681,214,
C106,IGLS,5,"(0.85, 1.0, 1.18)",10,1008.6350027019345,305.3141365768912,793.8167550999171,0.3027003185086922,46.80787862193335,48.53235844359619,4.659762934470472,0.40991940257602616,30.40971612930298,276,
C106,RGLS,2,"(0.85, 1.0, 1.18)",10,828.9368669428338,240.09430398266772,624.2451903549361,0.28964124236402844,81.27398877127429,18.726011228725703,0.0,0.42579392010558204,30.49298095703125,201,
C106,RGLS,5,"(0.85, 1.0, 1.18)",10,828.9368669428338,240.0943039826677,624.2451903549361,0.2896412423640284,81.2739887712743,18.726011228725703,0.0,0.42579392010558187,30.136813402175903,250,
C106,HGLS,2,"(0.85, 1.0, 1.18)",10,871.6596662723888,250.46347932329599,651.2050462405696,0.28734090725384964,86.03624791461628,13.963752085383705,0.0,0.4250765040472809,30.104299068450928,219,
C106,HGLS,1,"(0.85, 1.0, 1.18)",10,828.9368669428338,240.0943039826677,624.2451903549361,0.2896412423640284,81.27398877127429,18.7260112287257,0.0,0.4257939201055819,30.163554191589355,227,
C106,HGLS,3,"(0.85, 1.0, 1.18)",10,828.9368669428338,240.09430398266767,624.245190354936,0.2896412423640284,81.2739887712743,18.726011228725703,0.0,0.42579392010558187,30.10630226135254,212,
C106,HGLS,5,"(0.85, 1.0, 1.18)",10,828.9368669428338,240.09430398266772,624.2451903549361,0.28964124236402844,81.27398877127429,18.726011228725707,0.0,0.425793920105582,30.11339259147644,250,
C106,ALNS,1,"(0.85, 1.0, 1.18)",10,829.6978883244199,240.6981806111812,625.8152695890711,0.29010340269428997,81.29116477610378,18.708835223896216,0.0,0.42764610967696837,30.073974132537842,159,
C106,HGLS,4,"(0.85, 1.0, 1.18)",10,951.775894402928,275.36333902983074,715.9446814775599,0.289315311145354,70.96382156207893,24.93274264128952,4.103435796631554,0.4005124667058077,30.544349193572998,202,
C106,ALNS,2,"(0.85, 1.0, 1.18)",11,1057.7483720790426,288.5065335198193,750.1169871515302,0.27275535574944854,88.00956440096756,11.990435599032425,0.0,0.3750095333843204,30.15738582611084,146,
C106,ALNS,4,"(0.85, 1.0, 1.18)",11,1162.826494722549,337.20970036014756,876.7452209363837,0.28999141479022283,78.88077318052072,18.602798009560665,2.5164288099186387,0.4180156492355446,30.071308851242065,141,
C107,GLS,1,"(0.85, 1.0, 1.18)",10,974.3813880481326,291.98667665756324,759.1653593096645,0.2996636432500696,79.5799044152607,16.28041168888923,4.139683895850071,0.456285990540087,30.0553982257843,222,
C106,ALNS,3,"(0.85, 1.0, 1.18)",11,1208.470385036139,344.97595235310627,896.9374761180763,0.2854649618433056,68.8355387672824,27.190201129034232,3.9742601036833576,0.383887886319013,30.45898461341858,142,
C107,GLS,2,"(0.85, 1.0, 1.18)",10,828.936866942834,233.96660815874782,608.3131812127443,0.28224900772193895,92.18185641374659,7.818143586253409,0.0,0.42579392010558204,30.247114658355713,208,
C106,ALNS,5,"(0.85, 1.0, 1.18)",11,954.0671198418936,266.59380079266145,693.1438820609199,0.27942876894954827,83.20300911463764,16.796990885362366,0.0,0.39272205313902364,30.479990005493164,142,
C107,GLS,3,"(0.85, 1.0, 1.18)",10,1107.8704037079742,315.51594121290157,820.3414471535441,0.28479499060259134,76.78278426993346,20.056591430512277,3.160624299554272,0.3922037551403759,30.267141342163086,177,
C107,GLS,4,"(0.85, 1.0, 1.18)",10,888.7716773780653,248.4660248595909,646.0116646349363,0.2795611417238024,98.64938350099719,1.3506164990028076,0.0,0.42717002189510966,30.15327477455139,227,
C107,IGLS,1,"(0.85, 1.0, 1.18)",10,864.9003404530167,245.31374152802715,637.8157279728706,0.2836323794248213,90.77263925515629,9.227360744843693,0.0,0.42887948761406464,30.056472063064575,261,
C107,IGLS,2,"(0.85, 1.0, 1.18)",10,833.2427178513224,235.6352007988637,612.6515220770457,0.2827929914665137,92.22225731967994,7.777742680320058,0.0,0.42800159393221515,30.112999200820923,183,
C107,GLS,5,"(0.85, 1.0, 1.18)",10,828.9368669428338,233.96660815874782,608.3131812127443,0.282249007721939,92.18185641374659,7.818143586253409,0.0,0.4257939201055822,30.16351008415222,204,
C107,IGLS,3,"(0.85, 1.0, 1.18)",10,1125.0009465545177,320.4024170238855,833.0462842621023,0.2848019088385352,80.56086069542445,19.439139304575576,0.0,0.41209139197054595,30.087624549865723,201,
C107,IGLS,4,"(0.85, 1.0, 1.18)",10,828.9368669428338,233.96660815874782,608.3131812127443,0.282249007721939,92.18185641374657,7.81814358625341,0.0,0.425793920105582,30.169148683547974,213,
C107,IGLS,5,"(0.85, 1.0, 1.18)",10,903.5790912522535,265.79117898856435,691.0570653702673,0.294153750968506,82.65208704592257,12.88662238950425,4.461290564573165,0.4437415657678704,30.084227800369263,234,
C107,RGLS,2,"(0.85, 1.0, 1.18)",10,828.9368669428338,233.96660815874782,608.3131812127443,0.282249007721939,92.18185641374659,7.818143586253409,0.0,0.425793920105582,30.362808227539062,211,
C107,RGLS,4,"(0.85, 1.0, 1.18)",10,864.9003404530167,245.31374152802715,637.8157279728706,0.2836323794248213,90.77263925515629,9.227360744843693,0.0,0.4288794876140646,30.074227571487427,197,
C107,RGLS,3,"(0.85, 1.0, 1.18)",10,970.6541407679451,276.7068227680804,719.437739197009,0.2850725208354443,85.97842091550376,11.394989808547429,2.626589275948811,0.4181043307986563,30.168107986450195,189,
C107,RGLS,1,"(0.85, 1.0, 1.18)",10,828.936866942834,233.96660815874782,608.3131812127443,0.28224900772193895,92.18185641374659,7.818143586253409,0.0,0.42579392010558215,30.46534776687622,235,
C107,RGLS,5,"(0.85, 1.0, 1.18)",10,850.5697883876921,235.68371665589353,612.7776633053232,0.27708921698552996,100.0,0.0,0.0,0.4199577136687447,30.197972297668457,240,
C107,HGLS,2,"(0.85, 1.0, 1.18)",10,885.6722739352749,251.10379038557573,652.8698550024969,0.2835177274657764,90.98905127261402,9.010948727385982,0.0,0.4288224259968281,30.13615322113037,222,
C107,HGLS,1,"(0.85, 1.0, 1.18)",10,828.9368669428338,233.96660815874782,608.3131812127443,0.282249007721939,92.18185641374659,7.8181435862534086,0.0,0.4257939201055819,30.382213592529297,227,
C107,HGLS,3,"(0.85, 1.0, 1.18)",10,1084.178510511502,311.3993086274706,809.6382024314236,0.28722143596127564,72.06904077135283,27.930959228647172,0.0,0.40845027454230975,30.49075937271118,176,
C107,HGLS,4,"(0.85, 1.0, 1.18)",10,853.1732455484397,243.16124822947108,632.2192453966248,0.28500805609904156,85.821391529821,14.178608470178993,0.0,0.42320646070530094,30.082902431488037,190,
C107,HGLS,5,"(0.85, 1.0, 1.18)",10,929.0841079495425,270.551183528679,703.4330771745655,0.2912020356539909,77.0784313261272,20.36607080724584,2.555497866626921,0.42069898073541573,30.066860675811768,204,
C107,ALNS,1,"(0.85, 1.0, 1.18)",10,947.6576137621082,265.1802525202447,689.4686565526363,0.2798270690481819,94.34783516361941,5.652164836380585,0.0,0.42144855128580744,30.149928092956543,149,
C107,ALNS,2,"(0.85, 1.0, 1.18)",10,895.6894095396956,252.2346000255867,655.8099600665255,0.28160944780536457,89.3984342843639,10.6015657156361,0.0,0.4195077775145641,30.238258361816406,134,
C107,ALNS,3,"(0.85, 1.0, 1.18)",10,910.3937207152142,258.80253155130447,672.8865820333916,0.284275391693153,89.89970118767158,7.204773593383743,2.8955252189446874,0.41576974855401294,30.066777229309082,146,
C107,ALNS,4,"(0.85, 1.0, 1.18)",10,1137.4845648699777,357.44089202622024,929.3463192681727,0.3142380152359062,58.4696954449923,34.58588390486923,6.94442065013844,0.4577189117612022,30.44899582862854,143,
C108,GLS,2,"(0.85, 1.0, 1.18)",10,1085.5971402329733,310.4888787219643,807.2710846771072,0.2860074582135802,81.66135368848036,12.635681143854363,5.702965167665238,0.4054454128904643,30.039225578308105,225,
C108,GLS,3,"(0.85, 1.0, 1.18)",10,828.9368669428338,233.96660815874782,608.3131812127443,0.282249007721939,92.1818564137466,7.8181435862534086,0.0,0.4257939201055818,30.08918857574463,209,
C107,ALNS,5,"(0.85, 1.0, 1.18)",10,1072.9588249270396,330.92823194175503,860.413403048563,0.3084258447329122,71.20115361968378,15.251157027037033,13.547689353279175,0.43848531555249126,30.197221994400024,167,
C108,GLS,1,"(0.85, 1.0, 1.18)",10,989.3674712523577,274.3003014295416,713.1807837168082,0.27724815035845857,95.588762276845,4.046807783801929,0.3644299393530719,0.409457623789805,30.359655141830444,215,
C108,GLS,4,"(0.85, 1.0, 1.18)",10,897.1662780501745,260.07197125274746,676.1871252571434,0.289881572252098,80.96749756793952,19.03250243206049,0.0,0.4272611240947341,30.15557026863098,228,
C108,GLS,5,"(0.85, 1.0, 1.18)",10,1145.0722816282846,334.44402427980424,869.5544631274911,0.2920724129346902,75.66623477449231,24.33376522550766,0.0,0.42419485933126516,30.03457546234131,185,
C108,IGLS,1,"(0.85, 1.0, 1.18)",10,892.38826083807,249.0256196288058,647.4666110348951,0.27905523924635445,98.54323498296681,1.456765017033201,0.0,0.4250045593361649,30.314210176467896,261,
C108,IGLS,2,"(0.85, 1.0, 1.18)",10,882.8669164487942,253.88606513716547,660.1037693566302,0.2875700294200465,89.4185669769481,10.581433023051874,0.0,0.4400399367675691,30.193653106689453,285,
C108,IGLS,5,"(0.85, 1.0, 1.18)",10,873.863808680826,247.72493519751632,644.0848315135424,0.28348231467724794,89.44154294800724,10.558457051992747,0.0,0.4265648520677507,30.087591409683228,202,
C108,RGLS,1,"(0.85, 1.0, 1.18)",10,1120.8306384007496,328.41582266097794,853.8811389185427,0.293011103916267,71.28678817878334,26.36213482341336,2.3510769978032937,0.417532696831038,30.10865879058838,231,
C108,IGLS,4,"(0.85, 1.0, 1.18)",10,1158.8464673715885,320.33019329080383,832.85850255609,0.27642159881399436,82.4597962668918,17.540203733108182,0.0,0.3866210205808149,30.43431067466736,273,
C108,RGLS,2,"(0.85, 1.0, 1.18)",10,951.7188536782423,270.54074589379366,703.4059393238635,0.28426540553252316,88.33786644729244,8.797561058817553,2.864572493889991,0.4170410522878446,30.17799425125122,212,
C108,IGLS,3,"(0.85, 1.0, 1.18)",10,881.894174663439,256.1755895825605,666.0565329146574,0.29048336744068626,80.57375917550274,19.42624082449725,0.0,0.43241062616701453,30.624833583831787,243,
C108,RGLS,4,"(0.85, 1.0, 1.18)",10,882.2785610524047,249.00933081223366,647.4242601118075,0.2822343665646923,85.45021364255194,14.549786357448047,0.0,0.41493097949506386,30.19311285018921,196,
C108,HGLS,1,"(0.85, 1.0, 1.18)",10,866.5411728931326,243.45644578655256,632.9867590450367,0.2809519655871876,89.0498743887554,10.950125611244573,0.0,0.4168912739663292,30.108627319335938,235,
C108,RGLS,5,"(0.85, 1.0, 1.18)",10,964.2879089192108,276.74285088987966,719.5314123136872,0.28699193293842856,87.01717756830331,10.345565571738435,2.637256859958261,0.42242334175915297,30.178144693374634,194,
C108,HGLS,3,"(0.85, 1.0, 1.18)",10,828.9368669428338,233.96660815874782,608.3131812127443,0.282249007721939,92.18185641374659,7.818143586253409,0.0,0.425793920105582,30.13491725921631,213,
C108,HGLS,2,"(0.85, 1.0, 1.18)",10,828.9368669428341,233.96660815874782,608.3131812127443,0.2822490077219389,92.18185641374659,7.818143586253409,0.0,0.4257939201055819,30.20592451095581,285,
C108,RGLS,3,"(0.85, 1.0, 1.18)",10,1067.5639569816376,298.9769320980174,777.3400234548453,0.28005528862488555,84.23982245407574,13.348825571228161,2.4113519746960788,0.39229228485803314,30.544352769851685,213,
C108,HGLS,4,"(0.85, 1.0, 1.18)",10,828.9368669428338,233.96660815874782,608.3131812127443,0.282249007721939,92.1818564137466,7.818143586253409,0.0,0.4257939201055819,30.230714082717896,214,
C108,ALNS,1,"(0.85, 1.0, 1.18)",10,828.936866942834,233.96660815874782,608.3131812127443,0.28224900772193895,92.1818564137466,7.818143586253409,0.0,0.42579392010558204,30.09469175338745,152,
C108,HGLS,5,"(0.85, 1.0, 1.18)",10,1021.1919096728791,297.6610541352587,773.9187407516727,0.2914839525418971,86.68556487502148,9.496801546444964,3.817633578533526,0.43248878331226104,30.177711486816406,213,
C108,ALNS,2,"(0.85, 1.0, 1.18)",10,828.9368669428338,233.96660815874782,608.3131812127443,0.282249007721939,92.18185641374657,7.8181435862534086,0.0,0.425793920105582,30.11703372001648,136,
C108,ALNS,4,"(0.85, 1.0, 1.18)",10,1340.7349553306508,437.9604218752855,1138.6970968757423,0.32665697282970896,49.59141362187667,32.817665184269046,17.59092119385426,0.46159473808581347,30.1121084690094,151,
C108,ALNS,3,"(0.85, 1.0, 1.18)",10,904.5433218649478,259.34686961541166,674.3018610000704,0.286715808238683,86.93597102023531,13.064028979764684,0.0,0.4345468119164156,30.284935235977173,141,
C109,GLS,1,"(0.85, 1.0, 1.18)",10,958.639166048222,269.48543275167356,700.6621251543513,0.28111247933105804,88.15697444489867,9.104893166350893,2.7381323887504285,0.41104830674266757,30.11889934539795,227,
C108,ALNS,5,"(0.85, 1.0, 1.18)",10,1400.813486771088,437.880306461011,1138.4887967986288,0.31259001330029784,39.18180857571228,45.14955852150974,15.668632902777986,0.40683306531279795,30.233421802520752,157,
C109,GLS,2,"(0.85, 1.0, 1.18)",10,861.9105904186736,240.09310850306554,624.2420821079704,0.2785591813954162,100.0,0.0,0.0,0.42572227998202394,30.25294780731201,219,
C109,GLS,3,"(0.85, 1.0, 1.18)",10,917.4602166503939,261.2522497664602,679.2558493927964,0.2847559436639993,91.07736162715736,8.922638372842634,0.0,0.43266099396278435,30.39454460144043,230,
C109,GLS,4,"(0.85, 1.0, 1.18)",10,929.4849590668863,259.6039230301467,674.9701998783814,0.2792986809498931,94.53127762864773,5.468722371352269,0.0,0.4185497593516438,30.434544324874878,190,
C109,IGLS,3,"(0.85, 1.0, 1.18)",10,1007.2296185052516,282.9169725261911,735.5841285680968,0.2808862719367262,91.99887975081859,5.327279875083939,2.6738403740974666,0.41357638926313073,30.12852644920349,201,
C109,IGLS,2,"(0.85, 1.0, 1.18)",10,1007.1534324553141,281.3085327941063,731.4021852646765,0.2793105039698979,98.02915498258405,1.9708450174159422,0.0,0.42565440946315924,30.232321977615356,246,
C109,GLS,5,"(0.85, 1.0, 1.18)",10,906.7353718152287,252.14162771424213,655.5682320570296,0.27807631151464846,97.31173153122211,2.688268468777894,0.0,0.4206352313905655,30.257324934005737,237,
C109,IGLS,1,"(0.85, 1.0, 1.18)",10,870.1002582619265,244.045663036331,634.5187238944607,0.28047993402947125,100.0,0.0,0.0,0.4332546432528278,30.27932071685791,242,
C109,IGLS,4,"(0.85, 1.0, 1.18)",10,912.3134917676759,257.7949964981964,670.2669908953106,0.2825728204443181,100.0,0.0,0.0,0.44146204095811026,30.25394368171692,210,
C109,IGLS,5,"(0.85, 1.0, 1.18)",10,899.2919914075269,253.16026732596652,658.216695047513,0.28151064364504425,100.0,0.0,0.0,0.437296641745271,30.19593906402588,256,
C109,RGLS,1,"(0.85, 1.0, 1.18)",10,916.9607125677285,251.063143938689,652.7641742405914,0.2737992375220165,100.0,0.0,0.0,0.4070558334196725,30.248816967010498,179,
C109,RGLS,3,"(0.85, 1.0, 1.18)",10,997.6577972823607,285.0924609629262,741.2403985036082,0.28576177296416033,87.87407120809458,12.125928791905412,0.0,0.429044667552648,30.243443250656128,188,
C109,RGLS,4,"(0.85, 1.0, 1.18)",10,904.6247705245038,251.61508035087027,654.1992089122627,0.2781430362613033,100.0,0.0,0.0,0.42409033827962084,30.231931686401367,205,
C109,RGLS,2,"(0.85, 1.0, 1.18)",10,942.4207589969635,262.68720758617945,682.9867397240666,0.2787366524754426,100.0,0.0,0.0,0.4264182450017355,30.359725952148438,213,
C109,RGLS,5,"(0.85, 1.0, 1.18)",10,955.4540237315654,264.19304143056786,686.9019077194764,0.2765104702775241,100.0,0.0,0.0,0.41768811873538875,30.236446142196655,208,
C109,HGLS,2,"(0.85, 1.0, 1.18)",10,1055.3785040894763,296.65849984702635,771.3120996022685,0.2810920429945343,93.46422786832534,6.535772131674645,0.0,0.4242301485100423,30.105775594711304,216,
C109,HGLS,1,"(0.85, 1.0, 1.18)",10,875.9914843950976,245.39682073226658,638.0317339038932,0.2801360802059869,100.0,0.0,0.0,0.43190619688622284,30.34589409828186,231,
C109,HGLS,5,"(0.85, 1.0, 1.18)",10,1007.1341248245429,287.6264724105734,747.8288282674908,0.2855890445184568,96.8601226170156,3.139877382984408,0.0,0.4493193492644874,30.121333837509155,234,
C109,ALNS,2,"(0.85, 1.0, 1.18)",10,1158.3124867159938,333.8579313795392,868.0306215868019,0.2882278618320703,84.25687487550984,11.183786525752362,4.559338598737794,0.41608232645683424,30.10834002494812,149,
C109,HGLS,4,"(0.85, 1.0, 1.18)",10,951.2543723394638,262.09732249281564,681.4530384813207,0.27552811331445193,100.0,0.0,0.0,0.4138357384880467,30.25359582901001,228,
C109,HGLS,3,"(0.85, 1.0, 1.18)",10,973.1544601789642,272.79307017478357,709.2619824544373,0.2803183680878538,94.28938967874237,5.710610321257632,0.0,0.42481029765478034,30.324108123779297,230,
C109,ALNS,1,"(0.85, 1.0, 1.18)",10,913.9312971815511,255.10312138754992,663.2681156076299,0.2791272409362233,98.02744949944102,1.9725505005589883,0.0,0.4256293168080611,30.47316002845764,156,
C109,ALNS,3,"(0.85, 1.0, 1.18)",10,1086.3860545196544,303.9311449332008,790.2209768263222,0.27976348156234754,94.05896554287362,5.9410344571264035,0.0,0.4182879438949318,30.221113204956055,152,
C109,ALNS,4,"(0.85, 1.0, 1.18)",10,880.8241938193,243.814425575906,633.9175064973556,0.27680259839221016,100.0,0.0,0.0,0.4188337191851379,30.32863187789917,173,
C109,ALNS,5,"(0.85, 1.0, 1.18)",10,1097.3370092115647,314.47902625023625,817.6454682506143,0.2865838148265764,86.83115362606371,9.66655971723556,3.5022866567007034,0.4180678071113047,30.319400787353516,153,
C201,GLS,2,"(0.85, 1.0, 1.18)",3,700.898189667469,211.92314434153013,551.0001752879783,0.30235938323948874,26.589114138500083,54.4316909644042,18.979194897095677,0.355617478682934,31.660322904586792,7,
C201,RGLS,1,"(0.85, 1.0, 1.18)",3,688.5754622509047,209.42658263642258,544.5091148546987,0.304144707613922,24.45382491976626,56.227329036496435,19.318846043737224,0.35978656916330404,32.41231107711792,3,
C201,IGLS,2,"(0.85, 1.0, 1.18)",3,688.5754622509047,209.42658263642258,544.5091148546987,0.304144707613922,24.45382491976626,56.227329036496435,19.318846043737224,0.35978656916330404,32.840134620666504,7,
C201,RGLS,3,"(0.85, 1.0, 1.18)",3,688.5754622509047,209.42658263642258,544.5091148546987,0.304144707613922,24.45382491976626,56.227329036496435,19.318846043737224,0.35978656916330404,32.234384536743164,3,
C201,GLS,1,"(0.85, 1.0, 1.18)",3,688.5754622509047,209.42658263642258,544.5091148546987,0.304144707613922,24.45382491976626,56.227329036496435,19.318846043737224,0.35978656916330404,33.81170725822449,5,
C201,RGLS,2,"(0.85, 1.0, 1.18)",3,702.7052746113388,227.11138968464377,590.4896131800738,0.32319579472383697,20.707689106281123,29.650685945797782,49.64162494792102,0.36239586585958067,32.41161060333252,2,
C201,GLS,3,"(0.85, 1.0, 1.18)",3,688.5754622509047,209.42658263642258,544.5091148546987,0.304144707613922,24.45382491976626,56.227329036496435,19.318846043737224,0.35978656916330404,33.842782735824585,5,
C201,GLS,4,"(0.85, 1.0, 1.18)",3,757.6984646418529,250.5895233835092,651.532760797124,0.33072460230199524,10.83910904004401,63.37328784905894,25.787603110897052,0.41070465875472717,34.23565435409546,5,
C201,GLS,5,"(0.85, 1.0, 1.18)",3,688.5754622509047,209.42658263642258,544.5091148546987,0.304144707613922,24.45382491976626,56.227329036496435,19.318846043737224,0.35978656916330404,34.03000998497009,5,
C201,IGLS,4,"(0.85, 1.0, 1.18)",3,757.6984646418529,250.5895233835092,651.532760797124,0.33072460230199524,10.83910904004401,63.37328784905894,25.787603110897052,0.41070465875472717,34.285505294799805,5,
C201,IGLS,3,"(0.85, 1.0, 1.18)",3,688.5754622509047,209.42658263642258,544.5091148546987,0.304144707613922,24.45382491976626,56.227329036496435,19.318846043737224,0.35978656916330404,34.82853722572327,6,
C201,IGLS,5,"(0.85, 1.0, 1.18)",3,688.5754622509047,209.42658263642258,544.5091148546987,0.304144707613922,24.45382491976626,56.227329036496435,19.318846043737224,0.35978656916330404,34.80293917655945,6,
C201,IGLS,1,"(0.85, 1.0, 1.18)",3,688.5754622509047,209.42658263642258,544.5091148546987,0.304144707613922,24.45382491976626,56.227329036496435,19.318846043737224,0.35978656916330404,35.04676580429077,6,
C201,HGLS,2,"(0.85, 1.0, 1.18)",3,700.898189667469,211.92314434153013,551.0001752879783,0.30235938323948874,26.589114138500083,54.4316909644042,18.979194897095677,0.355617478682934,30.660036325454712,4,
C201,ALNS,2,"(0.85, 1.0, 1.18)",3,724.314981435442,204.60954796132933,531.9848246994562,0.28248697487360497,43.468044931825624,56.531955068174355,0.0,0.3484808732700645,31.153505325317383,9,
C201,ALNS,4,"(0.85, 1.0, 1.18)",3,779.4765471187594,237.2150394987371,616.7591026967165,0.30432607674416084,24.89680694400424,75.10319305599575,0.0,0.389379819736517,30.45245051383972,9,
C201,ALNS,1,"(0.85, 1.0, 1.18)",3,724.314981435442,204.60954796132933,531.9848246994562,0.28248697487360497,43.468044931825624,56.531955068174355,0.0,0.3484808732700645,31.838201761245728,11,
C201,ALNS,5,"(0.85, 1.0, 1.18)",3,745.6325595417536,208.28983222422642,541.5535637829887,0.27934648180095023,41.14293308945758,58.85706691054237,0.0,0.333438247641175,30.128965139389038,11,
C201,ALNS,3,"(0.85, 1.0, 1.18)",3,721.4124128202182,204.3839481719861,531.3982652471639,0.28331082823067566,36.202927787392596,63.7970722126074,0.0,0.34283995952816376,32.06766390800476,11,
C201,RGLS,5,"(0.85, 1.0, 1.18)",3,688.5754622509047,209.42658263642258,544.5091148546987,0.304144707613922,24.45382491976626,56.227329036496435,19.318846043737224,0.35978656916330404,35.71033334732056,11,
C201,RGLS,4,"(0.85, 1.0, 1.18)",3,757.6984646418529,250.5895233835092,651.532760797124,0.33072460230199524,10.83910904004401,63.37328784905894,25.787603110897052,0.41070465875472717,37.44991993904114,3,
C202,GLS,2,"(0.85, 1.0, 1.18)",4,1121.3612334435409,292.2921791970876,759.9596659124278,0.2606583592153439,82.4313400826585,17.56865991734147,0.0,0.327759260964295,33.19022035598755,17,
C201,HGLS,4,"(0.85, 1.0, 1.18)",3,757.6984646418529,250.5895233835092,651.532760797124,0.33072460230199524,10.83910904004401,63.37328784905894,25.787603110897052,0.41070465875472717,35.228052616119385,5,
C201,HGLS,5,"(0.85, 1.0, 1.18)",3,688.5754622509047,209.42658263642258,544.5091148546987,0.304144707613922,24.45382491976626,56.227329036496435,19.318846043737224,0.35978656916330404,36.206230878829956,7,
C201,HGLS,1,"(0.85, 1.0, 1.18)",3,688.5754622509047,209.42658263642258,544.5091148546987,0.304144707613922,24.45382491976626,56.227329036496435,19.318846043737224,0.35978656916330404,39.373305797576904,4,
C201,HGLS,3,"(0.85, 1.0, 1.18)",3,688.5754622509047,209.42658263642258,544.5091148546987,0.304144707613922,24.45382491976626,56.227329036496435,19.318846043737224,0.35978656916330404,39.81503462791443,4,
C202,GLS,1,"(0.85, 1.0, 1.18)",3,842.9415066923486,247.68052380103921,643.969361882702,0.2938288384598862,52.344230534110565,47.655769465889435,0.0,0.4012479648916473,41.74570655822754,15,
C202,IGLS,1,"(0.85, 1.0, 1.18)",3,885.8123867247006,261.69965180237557,680.4190946861765,0.2954346267046597,39.27572628659375,60.72427371340625,0.0,0.3841718234936628,30.34880304336548,10,
C202,IGLS,2,"(0.85, 1.0, 1.18)",4,820.1851091143576,205.58229283999435,534.5139613839854,0.2506535299842053,100.0,0.0,0.0,0.3162883528792368,31.3069429397583,48,
C202,IGLS,3,"(0.85, 1.0, 1.18)",4,831.0259298119458,210.4178808674714,547.0864902554257,0.25320254557530736,100.0,0.0,0.0,0.3262844924521861,31.277923107147217,51,
C202,GLS,5,"(0.85, 1.0, 1.18)",3,900.0687212221823,263.9828686898618,686.3554585936407,0.2932919036797608,41.91644821108976,58.083551788910206,0.0,0.3871844583796089,32.63953757286072,14,
C202,IGLS,5,"(0.85, 1.0, 1.18)",3,925.6470452608565,280.3325174174094,728.8645452852645,0.30285033464176286,37.00049052267701,53.260466297328115,9.739043179994832,0.3893061102394105,32.108110189437866,13,
C202,RGLS,1,"(0.85, 1.0, 1.18)",3,863.1511275706017,255.91766817485717,665.3859372546286,0.29649230592463577,45.888137347447795,54.111862652552205,0.0,0.4005802050764504,30.65030264854431,5,
C202,RGLS,2,"(0.85, 1.0, 1.18)",4,1074.787447458535,283.7385698124544,737.7202815123815,0.2639950536111941,85.18329301369664,14.816706986303378,0.0,0.3434825900690893,30.756683349609375,23,
C202,GLS,3,"(0.85, 1.0, 1.18)",3,992.0203671541727,314.5792070524658,817.905938336411,0.31710962543531745,29.83730735003474,57.411866905422464,12.750825744542794,0.4122495556236923,35.72676396369934,20,
C202,RGLS,3,"(0.85, 1.0, 1.18)",4,998.8674493042411,262.70151576530645,683.0239409897968,0.2629993758914565,92.3754564320731,7.624543567926896,0.0,0.3545965816392091,31.381346464157104,32,
C202,GLS,4,"(0.85, 1.0, 1.18)",3,1005.230802527625,309.99521491221043,805.9875587717471,0.30838212889292294,17.878580214653173,82.12141978534682,0.0,0.39533303977577894,37.17496085166931,12,
C202,IGLS,4,"(0.85, 1.0, 1.18)",3,1004.5259385532192,313.3481192268762,814.7051099898781,0.3119363146343236,25.346713275717903,65.67898730876479,8.97429941551729,0.4028775910229577,40.1304817199707,10,
C202,RGLS,4,"(0.85, 1.0, 1.18)",3,1000.9062786766301,311.92534152547114,811.005887966225,0.31164290620485463,28.21623373843776,58.14421345715731,13.639552804404929,0.3916849746628419,34.72923707962036,7,
C202,HGLS,1,"(0.85, 1.0, 1.18)",3,842.1958890753149,256.17700343301175,666.0602089258306,0.30417745652294753,45.367263959428485,48.21103892313009,6.421697117441445,0.3974128677840513,31.543909072875977,6,
C202,RGLS,5,"(0.85, 1.0, 1.18)",3,862.0557832857419,255.30440826324127,663.7914614844274,0.2961576422469364,41.387171555618025,58.612828444381975,0.0,0.3924382698051582,36.957348585128784,14,
C202,HGLS,2,"(0.85, 1.0, 1.18)",4,1067.1498105749276,281.93215357756986,733.0235993016817,0.264191729018514,77.09516221345154,22.90483778654846,0.0,0.3346975967252103,31.485368251800537,21,
C202,HGLS,4,"(0.85, 1.0, 1.18)",3,1010.8122462510171,314.9818239741632,818.9527423328244,0.31161259189566953,24.534372730745293,66.54713961077472,8.918487658479972,0.4071135324235686,30.453670024871826,9,
C202,HGLS,3,"(0.85, 1.0, 1.18)",4,1122.542874863888,305.90684709697643,795.3578024521388,0.2725123948019078,59.99159109435303,40.00840890564697,0.0,0.3309605114013558,31.815388202667236,11,
C202,ALNS,1,"(0.85, 1.0, 1.18)",3,822.7380891821765,241.0657758262306,626.7710171481996,0.29300427316529903,60.1164376324117,33.7531681043553,6.13039426323298,0.3959147666227588,30.339773654937744,8,
C202,ALNS,3,"(0.85, 1.0, 1.18)",3,844.0196479244482,261.22954943650694,679.196828534918,0.3095064790007006,34.88933448629453,61.0786824943243,4.031983019381146,0.4094918494829698,30.535037994384766,13,
C202,ALNS,2,"(0.85, 1.0, 1.18)",4,879.6292455517427,221.04532419783817,574.7178429143793,0.25129374144351996,100.0,0.0,0.0,0.3187989860530195,31.01111674308777,11,
C202,ALNS,4,"(0.85, 1.0, 1.18)",3,897.3381877072843,266.01039535352527,691.6270279191657,0.2964438591799896,42.6684431600307,57.33155683996927,0.0,0.39801810486013794,31.348251342773438,8,
C202,HGLS,5,"(0.85, 1.0, 1.18)",3,892.4682971941015,260.6519186230594,677.6949884199544,0.29205734191628163,41.48867376090013,58.51132623909985,0.0,0.38001462248398254,34.24620079994202,9,
C202,ALNS,5,"(0.85, 1.0, 1.18)",3,848.5148980613819,256.764341972275,667.587289127915,0.3026044004164327,54.853174184274486,24.694992183866397,20.45183363185908,0.39088858893045436,31.445738792419434,7,
C203,GLS,1,"(0.85, 1.0, 1.18)",3,1187.6069710962086,385.492001759755,1002.279204575363,0.32459560371553775,0.0,58.9594157327463,41.040584267253664,0.34472013700072013,30.566829442977905,10,
C203,GLS,2,"(0.85, 1.0, 1.18)",4,1086.753694540448,272.45713981443174,708.3885635175226,0.2507073508773714,86.10185263919065,13.898147360809347,0.0,0.2953122031184959,31.663544416427612,34,
C203,GLS,3,"(0.85, 1.0, 1.18)",3,1012.648415737463,297.3915022741526,773.2179059127967,0.2936769540666063,22.252069849202034,77.74793015079796,0.0,0.35066828799804617,31.886353492736816,10,
C203,GLS,4,"(0.85, 1.0, 1.18)",3,1112.8406527395875,354.6455760255419,922.078497666409,0.3186849574127945,9.982245798979633,48.492139433372515,41.52561476764785,0.3502644938096292,32.1964898109436,42,
C203,GLS,5,"(0.85, 1.0, 1.18)",3,1039.9819721505485,319.5024640774135,830.7064066012751,0.3072192332495184,22.296316754768444,57.878977281471094,19.82470596376042,0.36039643281427297,31.642240285873413,19,
C203,IGLS,2,"(0.85, 1.0, 1.18)",4,1159.4768526417763,328.7220260073573,854.6772676191289,0.28350891633445735,49.52887857887908,50.471121421120934,0.0,0.35192848054108755,32.81423234939575,22,
C203,IGLS,3,"(0.85, 1.0, 1.18)",3,977.9354650528308,285.4545311206294,742.1817809136364,0.2918950598700379,29.018763603878693,68.779059365279,2.2021770308423143,0.3562037586699553,33.19694209098816,18,
C203,IGLS,5,"(0.85, 1.0, 1.18)",3,1093.3583070812265,346.700302036591,901.4207852951366,0.31709669171684846,6.997664442448292,67.26713023014166,25.735205327410007,0.36355998600042755,31.875645399093628,20,
C203,RGLS,1,"(0.85, 1.0, 1.18)",3,1265.4179199399925,422.04834345816596,1097.3256929912316,0.3335248670085057,0.0,70.58689991345267,29.413100086547292,0.3887194402121064,32.23045492172241,13,
C203,RGLS,5,"(0.85, 1.0, 1.18)",3,987.0260472522065,288.3340657052372,749.6685708336167,0.2921240695804673,23.71132498274179,76.28867501725817,0.0,0.3495545206081895,30.152950763702393,16,
C203,RGLS,3,"(0.85, 1.0, 1.18)",3,994.628054883244,296.960351999209,772.0969151979435,0.2985642226169341,28.11411630665218,61.837036803425065,10.048846889922716,0.3551575072103876,30.968727588653564,9,
C203,IGLS,4,"(0.85, 1.0, 1.18)",4,1241.468208813129,351.6103767197049,914.1869794712328,0.2832214101204027,49.766190374674565,35.37138916519956,14.862420460125856,0.3335750238077173,33.67339873313904,23,
C203,IGLS,1,"(0.85, 1.0, 1.18)",3,1157.4165763749052,379.9692151796078,987.9199594669802,0.3282908011994204,4.644758013124114,66.07000712757187,29.285234859303994,0.38428796614927613,36.026801347732544,12,
C203,RGLS,4,"(0.85, 1.0, 1.18)",3,1053.7006861539498,356.13728565864125,925.9569427124673,0.33798714410878555,7.657321127928752,39.98074002943213,52.36193884263915,0.3723474232875553,31.53733205795288,48,
C203,RGLS,2,"(0.85, 1.0, 1.18)",4,1167.573608779389,314.640370493183,818.0649632822758,0.2694822563025521,59.84949342937556,40.15050657062441,0.0,0.31936658333332074,33.40412759780884,18,
C203,HGLS,1,"(0.85, 1.0, 1.18)",3,1175.0276582334373,392.1497352746435,1019.5893117140731,0.3337365997530732,17.584951912636676,35.35597334480726,47.05907474255608,0.3852221262206242,31.64326763153076,13,
C203,HGLS,2,"(0.85, 1.0, 1.18)",4,1001.6023695212148,246.60957365191155,641.1848914949701,0.24621504616627024,82.64811822953922,17.351881770460754,0.0,0.27489555064381016,31.875481605529785,48,
C203,HGLS,3,"(0.85, 1.0, 1.18)",3,1019.8830203934949,298.68125109322983,776.5712528423976,0.2928583426930586,21.200981203531153,78.79901879646884,0.0,0.34676794325909915,31.19479203224182,10,
C203,HGLS,4,"(0.85, 1.0, 1.18)",4,1082.4770524097592,259.2409172629497,674.0263848836693,0.2394886031864046,95.9594658048509,4.040534195149071,0.0,0.26713958334024035,36.06001567840576,43,
C203,HGLS,5,"(0.85, 1.0, 1.18)",3,1034.3889775710445,315.11651296792223,819.3029337165979,0.30464024636832443,23.683427711113453,54.729990941631094,21.586581347255436,0.3560440494402206,31.3581120967865,19,
C203,ALNS,2,"(0.85, 1.0, 1.18)",4,782.7354387820924,194.5394727107408,505.8026290479261,0.24853796451766266,100.0,0.0,0.0,0.3079920177163238,30.515187978744507,19,
C203,ALNS,1,"(0.85, 1.0, 1.18)",3,1259.0007564793082,431.0284187063112,1120.6738886364092,0.342357553391506,0.0,59.80565846602596,40.194341533974,0.3945300829417282,30.903818130493164,13,
C203,ALNS,3,"(0.85, 1.0, 1.18)",3,1031.1303043225435,315.0540213068245,819.1404553977437,0.30554239361029756,17.42865642729362,66.78102324745842,15.79032032524796,0.3568941006074116,30.483399391174316,16,
C204,GLS,2,"(0.85, 1.0, 1.18)",3,1170.419153761674,375.6565374864763,976.7069974648383,0.3209589797630475,2.784032270924467,89.33443156771474,7.881536161360819,0.39871725216714904,30.523773431777954,13,
C203,ALNS,4,"(0.85, 1.0, 1.18)",4,863.9469959143678,212.05175261768133,551.3345568059715,0.2454453266467511,100.0,0.0,0.0,0.2958640260656905,31.628344774246216,21,
C203,ALNS,5,"(0.85, 1.0, 1.18)",3,923.7442457734558,275.59726728978416,716.5528949534388,0.29834802062450216,25.989097835003385,52.39599178493642,21.61491038006018,0.3357538884711945,32.17973184585571,9,
C204,GLS,1,"(0.85, 1.0, 1.18)",4,1399.7909743023222,344.70171071157364,896.2244478500915,0.2462522741178399,86.91054314470111,13.089456855298888,0.0,0.28147700613528853,32.77056431770325,52,
C204,GLS,4,"(0.85, 1.0, 1.18)",3,1330.9420761729784,436.4843556550111,1134.859324703029,0.32795142889320045,0.0,48.37179297894758,51.628207021052404,0.34462695788861225,32.74316382408142,12,
C204,GLS,3,"(0.85, 1.0, 1.18)",3,1255.7438239311468,416.33502973721016,1082.4710773167465,0.33154455694144674,1.9375807117269925,66.48362108561233,31.578798202660664,0.3914676435875552,35.029523611068726,25,
C204,IGLS,1,"(0.85, 1.0, 1.18)",3,1312.4528993750964,459.96966943964946,1195.9211405430885,0.3504656583551735,1.8538608229505018,49.41795478299151,48.728184394058005,0.4111348697435952,30.21293878555298,24,
C204,GLS,5,"(0.85, 1.0, 1.18)",3,1305.9996687142698,440.20126973321396,1144.5233013063564,0.3370607820801235,1.6475246771495247,51.038234992911406,47.31424032993903,0.3736909658968171,31.324752807617188,30,
C204,IGLS,2,"(0.85, 1.0, 1.18)",3,1088.039881783944,355.90610531741504,925.3558738252791,0.3271075916205143,19.845256052968097,55.17988726574263,24.97485668128927,0.4134788383659502,30.925488710403442,21,
C204,IGLS,3,"(0.85, 1.0, 1.18)",3,1235.6517559182157,404.0867536018831,1050.6255593648962,0.3270231694864588,5.223874543139734,59.62071798602804,35.1554074708322,0.3702525917392391,37.60632514953613,17,
C204,IGLS,4,"(0.85, 1.0, 1.18)",3,1254.5034865604848,410.4029034386368,1067.0475489404557,0.32714369297119494,1.9394964128718488,59.10481945018324,38.9556841369449,0.36150065949627175,30.191200733184814,18,
C204,RGLS,2,"(0.85, 1.0, 1.18)",3,1095.7161899865139,355.2341402631856,923.6087646842826,0.324202693644198,12.474764386905623,73.17008263933683,14.355152973757523,0.4121613265279002,31.498180866241455,23,
C204,RGLS,4,"(0.85, 1.0, 1.18)",3,1300.954063181482,420.51272567706405,1093.3330867603665,0.32323410762767485,0.0,62.9974430069058,37.00255699309424,0.3512110247287433,30.40808629989624,10,
C204,RGLS,1,"(0.85, 1.0, 1.18)",4,1344.6485397731458,339.598936039695,882.957233703207,0.25255591033251584,84.16291217351848,15.837087826481506,0.0,0.30355471132923956,32.645145893096924,60,
C204,RGLS,3,"(0.85, 1.0, 1.18)",3,1354.6323379768,475.25903980979916,1235.6735035054778,0.3508398747660331,1.3222123116332545,23.60164299747804,75.0761446908887,0.3706425172763848,31.623300313949585,29,
C204,IGLS,5,"(0.85, 1.0, 1.18)",4,1265.5503754754182,378.58500787487844,984.321020474684,0.299146533564623,37.73483868133909,45.067023285911354,17.19813803274951,0.36603126435503364,33.02823448181152,33,
C204,HGLS,2,"(0.85, 1.0, 1.18)",3,1057.176296649284,335.05019425451985,871.1305050617516,0.3169293478452554,12.920715379709609,87.07928462029038,0.0,0.41223009686554923,30.71829104423523,23,
C204,RGLS,5,"(0.85, 1.0, 1.18)",3,1198.0948619374806,393.6424199168704,1023.470291783863,0.3285569719248254,6.738422482952752,61.72873304093826,31.53284447610898,0.38320923729835116,33.28121638298035,62,
C204,HGLS,1,"(0.85, 1.0, 1.18)",4,1191.13026331699,294.1206883586717,764.7137897325465,0.24692571200367422,87.62534504423385,12.374654955766147,0.0,0.2821895484496945,32.76794791221619,87,
C204,HGLS,4,"(0.85, 1.0, 1.18)",3,1275.2008703519882,424.61718464864236,1104.0046800864702,0.3329806264415716,0.0,48.12371966576245,51.876280334237585,0.3602773393572301,30.302159070968628,12,
C204,HGLS,3,"(0.85, 1.0, 1.18)",3,1220.1262338653685,416.0607602756904,1081.7579767167952,0.34099812685578196,1.4679723337602626,50.55960445516104,47.97242321107869,0.3886165765126425,34.70672249794006,37,
C204,ALNS,1,"(0.85, 1.0, 1.18)",3,1075.99091811334,349.0539867791574,907.5403656258093,0.32440235405629103,21.28227138542639,55.293914458188304,23.423814156385262,0.407747161622237,32.21660566329956,25,
C204,HGLS,5,"(0.85, 1.0, 1.18)",4,1108.3155838567895,287.44688037318053,747.3618889702694,0.2593547222108923,83.7214427100314,16.27855728996863,0.0,0.32049827631807865,35.62767148017883,41,
C204,ALNS,2,"(0.85, 1.0, 1.18)",3,1119.4054692501488,373.90594118688955,972.1554470859129,0.33402189953329087,4.6373826978769435,72.80834378493606,22.55427351718697,0.41121167992682817,31.277852773666382,10,
C204,ALNS,4,"(0.85, 1.0, 1.18)",3,1328.4922146731913,445.74545873052654,1158.938192699369,0.33552733979715477,0.5879033079488518,46.70151932951287,52.71057736253827,0.366656342938048,30.210987329483032,14,
C205,GLS,2,"(0.85, 1.0, 1.18)",3,773.1173837587262,254.13373989970074,660.7477237392219,0.3287130068970362,20.07954867665326,60.82658347736561,19.093867845981126,0.4218663608327348,30.595452308654785,9,
C204,ALNS,3,"(0.85, 1.0, 1.18)",4,900.0609403025601,220.9958349174181,574.5891707852871,0.24553430220305886,100.0,0.0,0.0,0.29621294981591706,33.72786474227905,17,
C204,ALNS,5,"(0.85, 1.0, 1.18)",4,995.7189057354784,249.38673617663088,648.4055140592403,0.2504589746565309,94.31882410095047,5.681175899049539,0.0,0.3055475272561324,32.95966577529907,14,
C205,GLS,5,"(0.85, 1.0, 1.18)",3,787.5336390965659,253.25300873840405,658.4578227198506,0.32157738560720783,15.964849085909131,69.27870697905719,14.756443935033644,0.4060540685441527,31.948593616485596,7,
C205,GLS,1,"(0.85, 1.0, 1.18)",4,880.4854574558265,220.48583047699972,573.2631592401993,0.250413937686258,88.9691526284774,11.030847371522597,0.0,0.3007815017933012,37.77853322029114,25,
C205,GLS,3,"(0.85, 1.0, 1.18)",3,885.5379363136067,305.6038750108652,794.5700750282494,0.3451053449873184,9.384416401562598,45.92662437794008,44.688959220497345,0.40840091530228023,38.348910093307495,40,
C205,GLS,4,"(0.85, 1.0, 1.18)",3,823.9521025713593,254.00888025265172,660.4230886568945,0.3082811239390617,31.445103856383167,68.55489614361682,0.0,0.41105209940884274,36.209712982177734,15,
C205,IGLS,1,"(0.85, 1.0, 1.18)",4,753.0515769609198,188.52407054712867,490.16258342253457,0.2503468239293154,91.7181760792154,8.281823920784605,0.0,0.3027538962359497,36.88714408874512,85,
C205,IGLS,3,"(0.85, 1.0, 1.18)",3,904.7992912778609,290.95986466661276,756.4956481331932,0.32157393078379404,4.8946703636872835,69.38343468194782,25.721894954364927,0.3746845964535892,31.9715313911438,27,
C205,IGLS,2,"(0.85, 1.0, 1.18)",3,725.4229399867268,221.30136311703467,575.3835441042902,0.30506529490380313,40.93843305626062,59.06156694373935,0.0,0.42701133306130484,38.310285806655884,23,
C205,IGLS,4,"(0.85, 1.0, 1.18)",3,760.9039012514302,222.92997521877655,579.617935568819,0.2929804602816886,61.806302784745405,38.19369721525458,0.0,0.41023556769350744,37.48223423957825,25,
C205,IGLS,5,"(0.85, 1.0, 1.18)",3,739.6130230464249,224.48056781008145,583.6494763062118,0.30351083717463284,37.49407383475447,62.505926165245505,0.0,0.41374093424190744,37.644002199172974,21,
C205,RGLS,1,"(0.85, 1.0, 1.18)",4,830.0961777138593,210.6642151603793,547.7269594169862,0.2537828998810267,91.98313835471798,8.016861645282015,0.0,0.3186449992636738,31.775445461273193,52,
C205,RGLS,2,"(0.85, 1.0, 1.18)",3,775.7888537200149,255.68249345311753,664.7744829781057,0.3295774259027886,18.92891479427028,61.64296640565654,19.42811880007317,0.42296313200834673,32.15507483482361,7,
C205,RGLS,3,"(0.85, 1.0, 1.18)",4,976.2526661286344,256.04845741318235,665.7259892742742,0.2622768329315318,78.69331552161572,21.306684478384277,0.0,0.327853868793973,32.02434182167053,28,
C205,RGLS,5,"(0.85, 1.0, 1.18)",3,777.1894382806047,246.9419887238605,642.0491706820374,0.31773719065222544,16.456426038243748,74.33974424266064,9.203829719095568,0.4059122630142567,34.27714681625366,14,
C205,RGLS,4,"(0.85, 1.0, 1.18)",3,824.292467290825,257.0430852056179,668.3120215346065,0.31183481034399474,28.47496489091608,69.01142256407253,2.513612545011391,0.4113022824513302,36.538503646850586,3,
C205,HGLS,2,"(0.85, 1.0, 1.18)",3,773.0793765699208,254.24154115083914,661.0280069921818,0.3288686114987112,18.740166559433728,62.86686710475366,18.392966335812584,0.4225927323331878,30.43998408317566,10,
C205,HGLS,3,"(0.85, 1.0, 1.18)",3,868.331667759164,299.3096197284755,778.2050112940364,0.34469504089477765,20.88153802102228,21.167978015788126,57.95048396318955,0.40166409281468146,32.46746015548706,34,
C205,HGLS,5,"(0.85, 1.0, 1.18)",3,790.6830320240746,254.2450803952887,661.0372090277507,0.32155120332409953,16.175584894023064,69.12674799842267,14.69766710755424,0.40647445999074894,30.74243426322937,7,
C205,ALNS,1,"(0.85, 1.0, 1.18)",4,803.0499909313817,209.35838361997307,544.33179741193,0.26070404829611926,87.88890166887182,12.111098331128135,0.0,0.3358923632016549,32.59765386581421,14,
C205,HGLS,1,"(0.85, 1.0, 1.18)",4,858.9179084966634,217.83055241507904,566.3594362792055,0.2536104443279579,92.16100852431488,7.838991475685113,0.0,0.3180877980917456,37.80490159988403,56,
C205,ALNS,2,"(0.85, 1.0, 1.18)",3,761.1790650532278,222.87766018462634,579.4819164800285,0.2928058198356269,61.302634989942575,38.69736501005739,0.0,0.41077484494452815,31.72822380065918,11,
C205,HGLS,4,"(0.85, 1.0, 1.18)",3,799.8383480201285,243.53910562100538,633.201674614614,0.3044854078625354,37.011315175529035,62.98868482447097,0.0,0.4079998220774484,38.93981623649597,20,
C205,ALNS,3,"(0.85, 1.0, 1.18)",3,714.060997065506,223.72556896862443,581.6864793184235,0.31331436654297545,42.47920788205341,48.27258108334526,9.248211034601301,0.4249082159013832,30.621556520462036,17,
C205,ALNS,4,"(0.85, 1.0, 1.18)",3,807.5597822610853,248.5128727889225,646.1334692511984,0.3077330969765628,31.840424534970985,68.15957546502902,0.0,0.4112660495276814,31.037083625793457,12,
C205,ALNS,5,"(0.85, 1.0, 1.18)",3,771.8702432515552,231.5805718576805,602.1094868299693,0.3000252618654294,50.38559331443781,44.80439525631378,4.810011429248417,0.39973583416631575,30.459564208984375,13,
C206,GLS,1,"(0.85, 1.0, 1.18)",3,909.760344434228,274.4080533440672,713.4609386945747,0.3016267471129654,25.596836135892467,62.398133802153396,12.005030061954145,0.3559154697311614,31.039169788360596,19,
C206,GLS,5,"(0.85, 1.0, 1.18)",3,798.4501182369664,258.2424483395602,671.4303656828566,0.32342965758434294,30.493702989168117,49.17595073949474,20.330346271337127,0.42481802208219915,30.584721326828003,7,
C206,GLS,2,"(0.85, 1.0, 1.18)",3,858.0668231276838,236.59577539972952,615.1490160392967,0.2757311773660349,43.41961405894676,52.61114114404458,3.9692447970086255,0.3104542397024545,36.29792881011963,45,
C206,GLS,3,"(0.85, 1.0, 1.18)",4,1032.8798169005872,264.1312730076029,686.7413098197675,0.25572314289206893,68.7423388693303,31.257661130669685,0.0,0.2855643171043343,32.48593711853027,35,
C206,IGLS,1,"(0.85, 1.0, 1.18)",3,896.8881411524452,261.29183757398823,679.3587776923695,0.29133157813664984,32.780911778316316,67.21908822168372,0.0,0.36113634349597956,30.20287847518921,28,
C206,IGLS,3,"(0.85, 1.0, 1.18)",3,958.1124792770214,288.5726252847424,750.2888257403303,0.3011886720257473,15.006908232060479,65.39883136237799,19.594260405561528,0.32448183792123464,30.99291682243347,94,
C206,GLS,4,"(0.85, 1.0, 1.18)",3,828.8633290164546,221.39454468288238,575.6258161754943,0.2671062127282111,57.76327173157269,42.236728268427285,0.0,0.31639329091837803,36.66736817359924,15,
C206,IGLS,2,"(0.85, 1.0, 1.18)",4,971.5855160501682,255.74587019771747,664.9392625140654,0.26322528071168977,43.359373564224114,48.957210408457165,7.6834160273186916,0.26464131515472133,35.5253369808197,28,
C206,RGLS,2,"(0.85, 1.0, 1.18)",3,779.7290887518906,217.9161177199387,566.5819060718406,0.2794767065427253,62.165106996162784,33.97030878540957,3.8645842184276042,0.3509937311684024,36.47189021110535,18,
C206,IGLS,5,"(0.85, 1.0, 1.18)",3,722.0163592077766,218.4565603192563,567.9870568300664,0.302564557621596,50.48787138812085,49.51212861187914,0.0,0.42612212190410026,39.223613262176514,28,
C206,IGLS,4,"(0.85, 1.0, 1.18)",3,841.5932827122269,249.68585870200374,649.1832326252097,0.2966823331780096,11.031567855012943,66.95748471269845,22.010947432288557,0.30933279355418564,43.871405839920044,17,
C206,RGLS,3,"(0.85, 1.0, 1.18)",4,1151.1257568692424,286.7566262483793,745.5672282457862,0.24910972979032409,76.07898897824306,23.9210110217569,0.0,0.27284783585638084,36.37504291534424,25,
C206,RGLS,1,"(0.85, 1.0, 1.18)",3,866.9975425784487,271.39029132795747,705.6147574526894,0.3130231378982268,30.337157662337752,44.4915675967669,25.17127474089533,0.3681548158601895,40.148892402648926,21,
C206,RGLS,5,"(0.85, 1.0, 1.18)",3,786.1417095103158,253.94566256936577,660.258722680351,0.3230278453582464,32.9534888035988,49.47377353192878,17.572737664472402,0.4214904399336465,30.23958992958069,13,
C206,RGLS,4,"(0.85, 1.0, 1.18)",3,874.2958793539686,246.67092641006195,641.3444086661611,0.28213666818643945,42.90775089691198,41.31642517383416,15.775823929253809,0.31013292399930553,45.062065839767456,7,
C206,HGLS,2,"(0.85, 1.0, 1.18)",3,906.3866577412318,257.1435591792172,668.5732538659648,0.2837018362781662,24.30264826180276,75.69735173819724,0.0,0.31256468245580094,33.139113903045654,16,
C206,HGLS,4,"(0.85, 1.0, 1.18)",3,847.9766834405766,242.5280933954549,630.5730428281828,0.2860079741950245,29.00380229006432,56.97345271929072,14.022744990644929,0.3092136539359069,31.137865781784058,11,
C206,HGLS,1,"(0.85, 1.0, 1.18)",3,971.3272813925618,313.6285895059407,815.4343327154457,0.3228866269011832,19.009668883604068,41.897834266025846,39.092496850370075,0.3665310392878365,33.76261758804321,7,
C206,HGLS,3,"(0.85, 1.0, 1.18)",4,1048.026836808931,277.059839405971,720.3555824555247,0.2643633060481281,52.192125010685466,39.42107127748228,8.386803711832211,0.27216603717522403,35.92724680900574,17,
C206,ALNS,1,"(0.85, 1.0, 1.18)",3,891.6028161420131,266.56249407623557,693.0624845982124,0.2989700001505804,32.073586830901625,52.42461885849903,15.50179431059937,0.3528000232572587,32.63950514793396,5,
C206,ALNS,2,"(0.85, 1.0, 1.18)",3,894.4745230622267,264.32319038059603,687.2402949895497,0.29550667298570743,15.523938403107394,69.23522051784994,15.240841079042655,0.32019631160980727,34.169371128082275,5,
C206,HGLS,5,"(0.85, 1.0, 1.18)",3,805.5461448997157,262.3144580452042,682.017590917531,0.3256355451590676,27.09271719955472,52.30843490482318,20.5988478956221,0.4266347065209243,40.01121783256531,3,
C206,ALNS,3,"(0.85, 1.0, 1.18)",3,730.9096044102123,198.59208263071815,516.3394148398672,0.2717053948018191,71.70254921747667,28.297450782523285,0.0,0.35546301191598423,31.2203369140625,9,
C206,ALNS,4,"(0.85, 1.0, 1.18)",3,850.6572021336118,244.2419328032482,635.0290252884454,0.2871214540835515,32.53732657129011,51.24845950074277,16.214213927967116,0.31315551675474407,30.34295392036438,6,
C207,GLS,2,"(0.85, 1.0, 1.18)",3,953.139184772898,270.69105073031335,703.7967318988148,0.2839994987666048,31.559353864126123,68.44064613587388,0.0,0.32932398016881026,30.211740255355835,8,
C207,GLS,1,"(0.85, 1.0, 1.18)",4,1168.638677746476,290.62168590345766,755.61638334899,0.24868395290824438,82.57969532824657,17.42030467175342,0.0,0.2746573755521603,31.91469717025757,27,
C206,ALNS,5,"(0.85, 1.0, 1.18)",3,809.0946941121822,238.22692126455416,619.3899952878409,0.29443639044742476,59.12567040729706,40.874329592702935,0.0,0.4172049778707269,32.60310745239258,7,
C207,GLS,3,"(0.85, 1.0, 1.18)",3,1050.6618044848253,337.3126093560468,877.0127843257217,0.32104775096629923,18.5176016675952,59.48466582017851,21.99773251222629,0.3947199702059903,30.62013006210327,10,
C207,GLS,4,"(0.85, 1.0, 1.18)",3,879.0728105024766,255.22419989094112,663.5829197164469,0.2903334022412266,37.697024426582345,47.31799659974599,14.984978973671636,0.33115540669173493,33.91390824317932,10,
C207,GLS,5,"(0.85, 1.0, 1.18)",3,884.7437754533132,300.26704487370824,780.6943166716414,0.33938305439884153,10.493277777812521,62.68244882536803,26.824273396819493,0.42603650647642455,32.64280700683594,5,
C207,IGLS,1,"(0.85, 1.0, 1.18)",4,1006.3720992694002,303.2010394811009,788.3227026508624,0.3012812454769135,29.786517205423365,47.944408181800696,22.269074612775942,0.34036936913594074,35.64044642448425,35,
C207,IGLS,4,"(0.85, 1.0, 1.18)",3,838.7058092441162,246.67155611928814,641.3460459101492,0.2941097502849073,17.129930625969763,62.00250762753369,20.86756174649651,0.31085795545394446,31.183438777923584,22,
C207,IGLS,3,"(0.85, 1.0, 1.18)",3,966.3900246956591,296.720669768705,771.4737413986331,0.30704028620551,29.137455765243534,64.5175266313878,6.345017603368668,0.3941129987948549,33.04636287689209,25,
C207,IGLS,2,"(0.85, 1.0, 1.18)",3,857.9437579394084,254.04054169758973,660.5054084137333,0.29610395710289805,12.041494133321947,63.5481932155741,24.410312651103908,0.3067302717511865,38.57859468460083,22,
C207,IGLS,5,"(0.85, 1.0, 1.18)",3,785.7984734248882,249.05236048758087,647.5361372677103,0.3169417718541635,33.71973963793962,47.35493353299899,18.925326829061383,0.4196232194039239,33.09774041175842,32,
C207,RGLS,1,"(0.85, 1.0, 1.18)",4,1123.8961511366178,272.5916229558563,708.7382196852263,0.24254164646811818,96.8542165551887,3.145783444811323,0.0,0.2806175123432441,31.36481022834778,33,
C207,RGLS,2,"(0.85, 1.0, 1.18)",3,915.2522517507382,271.56321023529244,706.0643466117604,0.296708595598463,13.697745254272219,75.46356317183451,10.838691573893284,0.3299240775772901,33.336262464523315,7,
C207,RGLS,4,"(0.85, 1.0, 1.18)",3,843.5774052600168,236.13406818724616,613.9485772868401,0.2799198588236989,44.60892417663857,55.39107582336142,0.0,0.3365624325192867,31.91091513633728,10,
C207,RGLS,3,"(0.85, 1.0, 1.18)",3,930.6910051570071,284.58319103388817,739.9162966881092,0.30577623449350855,41.504017809111296,32.947045790264,25.54893640062468,0.37170706693916994,35.99204349517822,18,
C207,HGLS,2,"(0.85, 1.0, 1.18)",3,897.4398254456762,256.989465337922,668.1726098785973,0.28635843657851806,27.981909730148683,72.01809026985133,0.0,0.3296956346055419,31.748581647872925,10,
C207,HGLS,1,"(0.85, 1.0, 1.18)",4,1073.0598201560274,300.62497368905565,781.6249315915447,0.2801567704262224,42.48438299399657,57.51561700600342,0.0,0.3332515681589771,35.70080041885376,15,
C207,RGLS,5,"(0.85, 1.0, 1.18)",3,882.3640160909083,299.2115710215807,777.9500846561099,0.33910219089300836,9.199912588249514,65.3552783059017,25.444809105848833,0.4263123248743235,41.58276605606079,14,
C207,HGLS,3,"(0.85, 1.0, 1.18)",3,1054.1738958341555,344.67833162918146,896.1636622358718,0.32696534508326214,15.266164491867576,53.601871477718994,31.131964030413428,0.391058831776922,30.297587633132935,8,
C207,HGLS,4,"(0.85, 1.0, 1.18)",3,841.8977502189003,243.95828563117672,634.2915426410596,0.28977187023928447,35.53729234156792,53.58341925281793,10.879288405614119,0.3451557922518048,31.889300107955933,17,
C207,ALNS,2,"(0.85, 1.0, 1.18)",3,900.3408554678886,245.81223278942454,639.1118052525038,0.27302130220635273,43.163196683278606,54.459315821121734,2.3774874955996412,0.3032260614297137,31.08518075942993,7,
C207,HGLS,5,"(0.85, 1.0, 1.18)",3,894.1377778882622,304.3975569986567,791.4336481965074,0.3404369712658493,11.096886670879533,58.19732323783611,30.705790091284378,0.42170136254125257,32.007174015045166,3,
C207,ALNS,1,"(0.85, 1.0, 1.18)",3,948.672837308458,295.12752114442867,767.3315549755146,0.3110951526574265,23.991891091585504,46.81311723202975,29.194991676384753,0.35756958177682296,32.48197269439697,12,
C207,ALNS,3,"(0.85, 1.0, 1.18)",3,906.2464695493568,281.6164582086677,732.2027913425361,0.31075040584566943,25.039279038822702,56.33774809861901,18.622972862558225,0.37437044121068463,30.854973793029785,6,
C207,ALNS,4,"(0.85, 1.0, 1.18)",3,867.1901563825988,239.6547647204774,623.1023882732412,0.27635780106196595,32.579299970974674,67.4207000290253,0.0,0.30831532151074326,30.985325813293457,7,
C207,ALNS,5,"(0.85, 1.0, 1.18)",3,904.317068330198,315.3165973302554,819.823153058664,0.3486792502020123,4.3477241714693715,49.22466697742847,46.427608851102214,0.41450506487664995,30.15034508705139,10,
C208,GLS,1,"(0.85, 1.0, 1.18)",3,970.5552815027492,307.5706702948108,799.6837427665081,0.3169017532093452,16.009209230358696,53.80811007400205,30.182680695639213,0.35891252440458854,31.2847580909729,10,
C208,GLS,2,"(0.85, 1.0, 1.18)",4,1070.758596096439,258.07754972358026,671.0016292813087,0.24102309396761193,89.31270010864387,10.687299891356117,0.0,0.25822659839116313,32.51594614982605,38,
C208,GLS,4,"(0.85, 1.0, 1.18)",3,939.9470677812485,289.5935569527685,752.9432480771981,0.3080956012090724,22.229310767919767,31.67193955995144,46.09874967212877,0.3205456412965599,31.330174207687378,34,
C208,GLS,5,"(0.85, 1.0, 1.18)",3,868.4839841658907,265.77312089782674,691.0101143343495,0.30601959937474327,15.32639466606884,68.53884864892164,16.134756685009478,0.3527274523614932,32.77432823181152,15,
C208,GLS,3,"(0.85, 1.0, 1.18)",4,897.7078379606496,250.2548938781895,650.6627240832927,0.2787709801517398,40.96967767120732,37.5960204116601,21.43430191713255,0.2865827187894816,36.253159284591675,5,
C208,IGLS,2,"(0.85, 1.0, 1.18)",3,1056.1056689826132,321.0143083927086,834.6372018210424,0.303960406444891,15.477326088848445,64.4842896566568,20.03838425449477,0.33594170332335727,33.35148811340332,39,
C208,IGLS,3,"(0.85, 1.0, 1.18)",3,835.4663294700774,260.9331699635725,678.4262419052885,0.31232039013358937,9.592580191553782,56.03988375696581,34.36753605148038,0.3394044967181226,31.88182497024536,21,
C208,IGLS,1,"(0.85, 1.0, 1.18)",3,925.2318338980626,294.65574072572366,766.1049258868816,0.31846692896883977,11.54975372608335,49.3594996929058,39.09074658101084,0.35238283984399044,39.76554298400879,29,
C208,RGLS,1,"(0.85, 1.0, 1.18)",3,970.7685132556337,293.73108475623957,763.700820366223,0.3025758260032183,20.98235337071346,68.03452308393537,10.983123545351164,0.35176138915128,33.89362978935242,18,
C208,IGLS,4,"(0.85, 1.0, 1.18)",3,1019.5973676098525,328.3924373214187,853.8203370356887,0.3220805072214325,8.673514628341932,47.081519217758554,44.244966153899504,0.3474802078399836,35.081871509552,18,
C208,RGLS,2,"(0.85, 1.0, 1.18)",4,1206.699908000333,292.4823586850463,760.4541325811203,0.24238201788689087,90.95609211013316,9.04390788986684,0.0,0.27148570942683753,33.903563022613525,18,
C208,IGLS,5,"(0.85, 1.0, 1.18)",3,954.3378344051588,296.2439668908051,770.2343139160932,0.3104183405611858,19.774835160287317,43.374921070494345,36.850243769218324,0.3406385601993557,37.21997404098511,27,
C208,RGLS,3,"(0.85, 1.0, 1.18)",3,829.1194455518664,231.4206773718517,601.6937611668144,0.27911621011109783,54.202292910745385,45.797707089254594,0.0,0.358023143044634,33.412338972091675,19,
C208,RGLS,4,"(0.85, 1.0, 1.18)",3,1007.3163736646239,308.31346817420854,801.6150172529423,0.3060741155755882,16.299695152388527,43.015277212471695,40.68502763513973,0.3180541142221653,37.08899450302124,27,
C208,HGLS,1,"(0.85, 1.0, 1.18)",3,960.8358813403208,282.73962515741556,735.1230254092804,0.29426422414929704,27.856801998162524,62.51315067648082,9.630047325356632,0.34748747564191546,30.48116970062256,14,
C208,RGLS,5,"(0.85, 1.0, 1.18)",3,970.9135346015591,297.90931254699285,774.5642126221815,0.30683402994196396,15.016854749514643,59.71913548822568,25.264009762259672,0.3384155992105956,33.368762731552124,44,
C208,HGLS,2,"(0.85, 1.0, 1.18)",4,1181.480656033358,294.37843215693744,765.3839236080373,0.2491606025487276,68.87565522712829,31.124344772871694,0.0,0.2625672892880262,32.26114463806152,26,
C208,HGLS,3,"(0.85, 1.0, 1.18)",3,838.0828706909022,259.58591275107176,674.9233731527866,0.309737762015197,5.922688788090566,71.98564480550725,22.091666406402172,0.34232461046255896,33.46598792076111,11,
C208,HGLS,4,"(0.85, 1.0, 1.18)",3,1074.617053655832,334.5300689273241,869.7781792110427,0.31130165651964814,14.801186261108374,39.36238118732864,45.836432551562964,0.3144945848165193,34.06256651878357,12,
C208,ALNS,1,"(0.85, 1.0, 1.18)",3,1001.3128294025339,347.35409208480854,903.1206394205022,0.34689867330679136,6.137157331395546,19.074337212790738,74.7885054558137,0.3614155548967571,31.759857416152954,6,
C208,HGLS,5,"(0.85, 1.0, 1.18)",3,871.1413519894022,256.6460799426935,667.2798078510032,0.2946089969860778,23.533246463717404,66.62291049833328,9.843843037949279,0.33749163120736936,34.65915060043335,33,
C208,ALNS,2,"(0.85, 1.0, 1.18)",3,868.9606001635005,251.52923239530512,653.9760042277933,0.28945988155041585,55.25765956877338,23.376687910686904,21.365652520539705,0.34568926708667763,31.43128252029419,11,
C208,ALNS,4,"(0.85, 1.0, 1.18)",3,975.8390881847702,322.7580473608468,839.1709231382016,0.33074925084342816,12.261007328156397,34.664302212851204,53.07469045899238,0.36105624460020297,32.46624517440796,9,
C208,ALNS,3,"(0.85, 1.0, 1.18)",3,845.6283921145556,259.7707245497196,675.403883829271,0.307192529215042,18.145074247970648,45.545263992285015,36.30966175974431,0.32625825314564627,32.76720333099365,10,
R101,GLS,1,"(0.85, 1.0, 1.18)",18,1666.3989032208,402.2562961284109,1045.8663699338683,0.24139255933914366,55.55421770427193,37.879264716957366,6.566517578770689,0.19270632636716692,30.20057439804077,292,
R101,GLS,2,"(0.85, 1.0, 1.18)",18,1633.8026603732171,401.3736130049654,1043.5713938129102,0.24566835563438108,47.01818411544472,45.642083678607015,7.339732205948252,0.1961406892607994,30.291667938232422,310,
C208,ALNS,5,"(0.85, 1.0, 1.18)",4,877.6176699157836,215.51402459176072,560.3364639385779,0.24556709827007187,90.87703315113662,9.122966848863369,0.0,0.2823526498310545,33.25895547866821,9,
R101,GLS,3,"(0.85, 1.0, 1.18)",18,1661.6149662233609,404.04701330860246,1050.5222346023663,0.24316524677612278,49.285964698734304,46.47203098888467,4.242004312381027,0.19684307184120767,30.284347534179688,330,
R101,GLS,4,"(0.85, 1.0, 1.18)",19,1675.6311528647814,400.1035986335736,1040.2693564472913,0.23877784675316358,54.83366436437857,41.58322418312353,3.5831114524978216,0.18902263289646715,30.46588635444641,339,
R101,GLS,5,"(0.85, 1.0, 1.18)",18,1658.4190445985876,413.068657500081,1073.9785095002105,0.24907375421515512,43.090033830707846,47.91225043672596,8.99771573256616,0.19810589334620127,30.31144142150879,279,
R101,IGLS,1,"(0.85, 1.0, 1.18)",17,1631.2239389811632,415.57413536424264,1080.492751947031,0.25476216075139485,42.53456854191498,46.58679922323497,10.87863223484999,0.21461339038281008,30.299924612045288,272,
R101,IGLS,2,"(0.85, 1.0, 1.18)",19,1639.0725531465591,395.82929621901667,1029.1561701694434,0.2414958968467476,53.73338317094729,39.199216293006764,7.067400536045897,0.19208978753766323,30.17595338821411,318,
R101,IGLS,3,"(0.85, 1.0, 1.18)",19,1648.446912060707,395.3132943286879,1027.8145652545886,0.2398095391707281,53.55170578571069,42.59933804390091,3.848956170388419,0.19113389507384212,30.42453646659851,312,
R101,IGLS,4,"(0.85, 1.0, 1.18)",18,1627.055850296193,402.9961619082888,1047.790020961551,0.24768428313934426,47.294422542468226,45.80348722934072,6.902090228191035,0.20399193752244185,30.537351608276367,304,
R101,IGLS,5,"(0.85, 1.0, 1.18)",18,1628.7585339031934,397.6712503912112,1033.945251017149,0.24415605021465206,50.444874274125496,44.431240756342646,5.123884969531826,0.199213948542463,30.167035579681396,279,
R101,RGLS,1,"(0.85, 1.0, 1.18)",18,1677.4757351464027,411.8094313580261,1070.7045215308679,0.24549352502084637,46.809149971516774,45.58109859052307,7.609751437960163,0.1948332742347683,30.203283071517944,267,
R101,RGLS,2,"(0.85, 1.0, 1.18)",18,1658.9328432586954,405.6225989703903,1054.6187573230147,0.24450814909035903,48.80593312853896,44.38174957573757,6.812317295723404,0.19382246511242662,30.318079471588135,256,
R101,RGLS,3,"(0.85, 1.0, 1.18)",18,1677.40305621468,408.3160523579342,1061.621736130629,0.24342155026196427,51.992174110992906,40.273816879279444,7.734009009727676,0.19346406663735966,30.301079273223877,300,
R101,RGLS,4,"(0.85, 1.0, 1.18)",18,1665.4713258516108,409.6222018853166,1065.0177249018232,0.2459497173725661,49.2908434021809,41.79465665943163,8.914499938387504,0.19539888203891806,30.474968433380127,293,
R101,RGLS,5,"(0.85, 1.0, 1.18)",18,1649.3709880527977,402.1466536074388,1045.5812993793409,0.24381819282646783,51.73340108128575,40.18082408957041,8.085774829143883,0.19382736708574683,30.27722430229187,247,
R101,HGLS,1,"(0.85, 1.0, 1.18)",18,1696.3296409420552,410.9330643807923,1068.4259673900601,0.24224835460198701,51.207940778727554,42.86461792243313,5.927441298839303,0.19193801863267132,30.328742742538452,258,
R101,HGLS,2,"(0.85, 1.0, 1.18)",18,1652.6896120766592,396.74705904138256,1031.5423535075947,0.2400614465912064,54.38283784250501,40.33572751701982,5.2814346404751245,0.1905533084096555,30.188769102096558,282,
R101,HGLS,3,"(0.85, 1.0, 1.18)",18,1654.176129782217,403.2931656214862,1048.562230615864,0.24380303787516408,45.42631632541643,47.04111212216573,7.532571552417882,0.1900856412631215,30.373592615127563,285,
R101,HGLS,4,"(0.85, 1.0, 1.18)",18,1641.7748985390153,398.3678936693442,1035.756523540295,0.24264464880285616,52.89642855316671,39.51674415255084,7.586827294282471,0.19149526659596225,30.201364278793335,236,
R101,HGLS,5,"(0.85, 1.0, 1.18)",18,1644.432054608444,397.8540781034664,1034.4206030690127,0.2419401136024434,53.69771026255315,40.99433423833471,5.307955499112077,0.1938653229684208,30.29412269592285,253,
R101,ALNS,1,"(0.85, 1.0, 1.18)",18,1706.9048073716283,421.9453367636884,1097.0578755855897,0.2471991026924457,48.17869801651628,44.707387711271494,7.113914272212241,0.20212677001841578,30.344059228897095,130,
R101,ALNS,2,"(0.85, 1.0, 1.18)",18,1693.8765723721779,421.9257290983063,1097.0068956555965,0.24908882735618884,43.86543300156042,44.37317708243134,11.761389916008225,0.19420945329895464,30.229140996932983,140,
R101,ALNS,3,"(0.85, 1.0, 1.18)",18,1692.113651877385,415.49542022414425,1080.288092582775,0.24554817565779685,47.10601945173796,46.598760468872825,6.295220079389201,0.19978476349564334,30.228758811950684,129,
R101,ALNS,4,"(0.85, 1.0, 1.18)",18,1670.505018612644,413.50639638635454,1075.1166306045218,0.24753376480710723,46.727041483940454,44.283600983364934,8.989357532694703,0.19768685707195482,30.252988815307617,142,
R101,ALNS,5,"(0.85, 1.0, 1.18)",18,1688.8293159536831,410.84296378842356,1068.1917058499014,0.2432708621927375,44.89482526680536,49.80722353505002,5.2979511981445855,0.19011212392616877,30.28646421432495,135,
R102,GLS,1,"(0.85, 1.0, 1.18)",16,1532.6060172330826,375.68386915256514,976.7780597966694,0.24512749195048356,48.1118712896944,44.46941880808813,7.41870990221748,0.1967474740878741,30.372116088867188,269,
R102,GLS,2,"(0.85, 1.0, 1.18)",17,1487.871024620602,359.8352420541654,935.5716293408301,0.24184572190719367,57.21242199690809,39.607779264699424,3.1797987383924395,0.20612299112384316,30.434635400772095,288,
R102,GLS,3,"(0.85, 1.0, 1.18)",18,1529.16239150375,362.7756768191394,943.2167597297624,0.23723816308508117,58.37506703522499,36.23769567735479,5.387237287420207,0.18737514759390586,30.45104479789734,299,
R102,GLS,4,"(0.85, 1.0, 1.18)",16,1504.343234289607,375.32951642014,975.856742692364,0.24949726090760208,49.44146175699683,41.570872218418415,8.987666024584728,0.21045653335769818,30.38973045349121,274,
R102,GLS,5,"(0.85, 1.0, 1.18)",17,1497.2297303556645,364.40750309494683,947.4595080468617,0.24338783535134748,53.81182619793506,43.16869029948713,3.019483502577747,0.20601171475063093,30.355435132980347,269,
R102,IGLS,1,"(0.85, 1.0, 1.18)",17,1512.234824899936,371.1559413895531,965.0054476128381,0.24543538825996308,56.33089486295457,30.583590394015893,13.085514743029519,0.19744859074852827,30.3820743560791,319,
R102,IGLS,2,"(0.85, 1.0, 1.18)",17,1470.567402802752,365.6220924400078,950.6174403440203,0.24862654492624361,53.20644421173384,38.266715467985044,8.526840320281062,0.21264676181289321,30.55888867378235,343,
R102,IGLS,3,"(0.85, 1.0, 1.18)",17,1487.093358974439,368.72545911023605,958.6861936866137,0.24795044432484342,55.95389469539878,31.071129110629776,12.974976193971429,0.20686081865440456,30.336837768554688,327,
R102,IGLS,4,"(0.85, 1.0, 1.18)",17,1479.0627541948647,363.71463428437096,945.6580491393645,0.24590885900737922,57.19533605994045,29.708735107695137,13.095928832364429,0.20267370802981455,30.46242356300354,334,
R102,IGLS,5,"(0.85, 1.0, 1.18)",17,1513.9452922664836,373.5946066647299,971.3459773282977,0.24676889486900297,46.16953121416224,43.58775208106085,10.242716704776909,0.19629310526099011,30.534158945083618,310,
R102,RGLS,1,"(0.85, 1.0, 1.18)",17,1563.8608413583638,375.26061510567087,975.6775992747442,0.23995780518407306,55.56500408410645,41.18460210604957,3.250393809843967,0.19680834237121156,30.36647629737854,302,
R102,RGLS,2,"(0.85, 1.0, 1.18)",17,1503.4274988915793,367.4849610532067,955.4608987383374,0.24443144835659822,53.963938652638724,37.91293170162904,8.123129645732211,0.202190341039448,30.3288311958313,270,
R102,RGLS,3,"(0.85, 1.0, 1.18)",17,1542.0047622451555,374.16054592149544,972.8174193958881,0.24264551905580273,51.41171251631317,41.48754401019199,7.100743473494843,0.19259146607354788,30.444746732711792,308,
R102,RGLS,4,"(0.85, 1.0, 1.18)",16,1519.207942786596,378.5171284477073,984.144533964039,0.24915425847064426,56.01340009158377,33.05553259368759,10.931067314728596,0.2106756216995798,30.250758409500122,265,
R102,HGLS,1,"(0.85, 1.0, 1.18)",17,1510.5075936069893,369.31088579014556,960.2083030543785,0.2444945575601221,48.7327699905853,42.541902402699414,8.725327606715231,0.19392815380121414,30.228494882583618,304,
R102,RGLS,5,"(0.85, 1.0, 1.18)",17,1534.1415194233896,366.68132599356255,953.3714475832627,0.23901401621108626,55.85902488581196,38.38038458776422,5.760590526423757,0.19073906828502893,30.321019649505615,291,
R102,HGLS,2,"(0.85, 1.0, 1.18)",17,1499.7285933698433,358.60131596980386,932.3634215214901,0.23911080815231903,58.572486933820365,38.27285533150996,3.1546577346695455,0.1970950406512405,30.334686994552612,295,
R102,HGLS,3,"(0.85, 1.0, 1.18)",16,1470.5515739593504,368.0552004938064,956.9435212838966,0.25028377583714745,44.224593941904445,43.34992508007083,12.425480978024781,0.19925406440530377,30.42770552635193,324,
R102,HGLS,4,"(0.85, 1.0, 1.18)",17,1502.6609860152769,356.28958718648795,926.3529266848687,0.23710576803573558,56.89542242396828,39.74594716662326,3.358630409408484,0.18728590830331923,30.278466939926147,322,
R102,HGLS,5,"(0.85, 1.0, 1.18)",17,1516.658759364535,369.32658960749825,960.2491329794955,0.2435133066862334,53.39116840439216,38.485438087254266,8.123393508353576,0.19729739272427163,30.44131851196289,284,
R102,ALNS,1,"(0.85, 1.0, 1.18)",17,1550.4701287750127,374.56996557459024,973.8819104939347,0.24158476749921556,53.64499392363603,38.84884615679282,7.506159919571118,0.19465196488081352,30.372892141342163,129,
R102,ALNS,2,"(0.85, 1.0, 1.18)",16,1535.633790686493,384.6728523895607,1000.1494162128579,0.25049777800057116,45.83364152470729,46.96919300249616,7.197165472796518,0.21535436795655297,30.41790509223938,130,
R102,ALNS,3,"(0.85, 1.0, 1.18)",17,1475.2556464673219,359.2909915338457,934.156577987999,0.24354490178987723,55.022089974694865,36.22680039692301,8.751109628382101,0.1988624077775587,30.302719116210938,128,
R102,ALNS,4,"(0.85, 1.0, 1.18)",17,1495.6606299367302,368.29210214839395,957.5594655858243,0.24624042030441995,49.9738911805971,42.75537340309651,7.270735416306367,0.20678988976632656,30.39390778541565,128,
R102,ALNS,5,"(0.85, 1.0, 1.18)",17,1521.670764576777,375.2181673983372,975.5672352356767,0.24658301659800685,48.42473694505804,45.0184411554013,6.556821899540641,0.20509005215704187,30.351933240890503,121,
R103,GLS,2,"(0.85, 1.0, 1.18)",13,1362.84442244361,377.20974508524,980.745337221624,0.2767812223268263,31.26314184797925,49.319419229755475,19.417438922265273,0.26100707526723815,30.344027519226074,240,
R103,GLS,1,"(0.85, 1.0, 1.18)",14,1350.9566216156475,345.10725503944667,897.2788631025613,0.2554539868398758,51.29753684865462,43.403050881479814,5.299412269865533,0.2458018226212918,30.88097357749939,240,
R103,GLS,3,"(0.85, 1.0, 1.18)",13,1354.6485679415941,355.132898706487,923.3455366368663,0.2621586934876519,41.78209979929804,46.479443664846116,11.73845653585583,0.24240484774135904,30.504619121551514,219,
R103,GLS,5,"(0.85, 1.0, 1.18)",13,1319.6276963931916,351.38875925970325,913.6107740752285,0.26627870892685834,38.369786465322626,46.23698095886282,15.393232575814558,0.24317509107913635,30.434145212173462,223,
R103,GLS,4,"(0.85, 1.0, 1.18)",13,1321.9947386586682,365.24952202177934,949.6487572566264,0.27628666842681343,35.50140914750682,48.91214272033151,15.586448132161607,0.26804396277006426,30.589673042297363,250,
R103,IGLS,1,"(0.85, 1.0, 1.18)",13,1347.7089093389977,366.13798573872424,951.9587629206831,0.27167438250319326,29.44713143091373,58.37808133570266,12.174787233383602,0.25868763059094885,30.438097715377808,246,
R103,IGLS,2,"(0.85, 1.0, 1.18)",13,1311.7605459902322,358.03361556574407,930.8874004709346,0.27294128997870476,31.662394982547447,53.96210568161349,14.37549933583912,0.2608908040517464,30.58049750328064,340,
R103,IGLS,3,"(0.85, 1.0, 1.18)",13,1328.9811806453222,354.59321778895696,921.9423662512881,0.26681583076802845,39.35692589020116,50.48988356707052,10.153190542728279,0.2569545303569051,30.29651403427124,257,
R103,IGLS,4,"(0.85, 1.0, 1.18)",13,1366.0893219119816,367.8080998108713,956.3010595082653,0.26924161832704047,41.19431104511012,39.95981672305704,18.845872231832868,0.2516247343450384,30.73307466506958,267,
R103,IGLS,5,"(0.85, 1.0, 1.18)",14,1291.4808150645074,329.9566479639253,857.8872847062058,0.25548706888645845,47.063331720813274,47.62592687783984,5.3107414013468865,0.2378784564404218,30.56490445137024,272,
R103,RGLS,1,"(0.85, 1.0, 1.18)",14,1282.6133904553024,328.8628026748317,855.0432869545624,0.25640056865310906,53.476242521048384,39.95552557882619,6.5682319001253955,0.24515237008417953,30.64341950416565,212,
R103,RGLS,2,"(0.85, 1.0, 1.18)",14,1319.5556789433522,334.04855299763653,868.526237793855,0.2531522984048156,52.9386471050367,44.32757847842122,2.733774416541937,0.24280049230718687,30.544013023376465,247,
R103,RGLS,3,"(0.85, 1.0, 1.18)",13,1364.6781450565231,365.14892399000706,949.3872023740184,0.2675714602104096,34.21126594004652,48.324570363918276,17.464163696035197,0.2394506333560786,30.494124174118042,253,
R103,RGLS,4,"(0.85, 1.0, 1.18)",14,1320.2479943450865,338.6237242334794,880.4216830070465,0.25648493743893536,56.02737436155968,38.26683989197461,5.70578574646568,0.24944602808508826,30.384087562561035,229,
R103,RGLS,5,"(0.85, 1.0, 1.18)",14,1316.2342040442675,335.3556441327465,871.9246747451409,0.25478417374531914,47.582484782148995,47.613976134721085,4.803539083129855,0.23977672261309035,30.48583197593689,241,
R103,HGLS,1,"(0.85, 1.0, 1.18)",13,1284.9901045847992,352.9753044476726,917.7357915639489,0.2746910681944314,33.322241851125,48.40272669694511,18.275031451929873,0.26016950493455604,30.719168424606323,231,
R103,HGLS,2,"(0.85, 1.0, 1.18)",14,1275.8301284535044,335.4105595412751,872.0674548073154,0.2628959389349447,45.389516110043175,45.03517859755409,9.575305292402724,0.25332887068218385,30.603290557861328,251,
R103,HGLS,3,"(0.85, 1.0, 1.18)",13,1318.9009394148304,357.9718055720149,930.7266944872388,0.2714167492600617,36.31939691531335,47.80588694605088,15.874716138635737,0.2582771520146454,30.3897488117218,238,
R103,HGLS,4,"(0.85, 1.0, 1.18)",13,1348.0123354335024,362.17982841754895,941.6675538856273,0.2686769392960168,31.57194906185074,59.68915782577301,8.738893112376216,0.25286629919563075,30.311469078063965,238,
R103,HGLS,5,"(0.85, 1.0, 1.18)",13,1309.5800391386579,351.691267559576,914.3972956548976,0.2685527093028172,37.95778246521418,52.27101861918846,9.771198915597354,0.2610009590671976,30.422668933868408,208,
R103,ALNS,1,"(0.85, 1.0, 1.18)",14,1455.8553804575495,376.703208887374,979.4283431071724,0.2587504321816518,41.30063372197635,51.43682631066395,7.262539967359639,0.23715722102752007,30.39922857284546,119,
R103,ALNS,2,"(0.85, 1.0, 1.18)",13,1361.0105432033754,376.7596378213704,979.5750583355631,0.27682345276664866,27.41212175420603,54.56848459419837,18.019393651595568,0.25955643230720127,30.31525945663452,104,
R103,ALNS,3,"(0.85, 1.0, 1.18)",14,1348.8924388839878,358.46565780095455,932.0107102824818,0.26574814082102255,35.037844785960864,48.571739159981405,16.390416054057663,0.23723154343812763,30.561796188354492,102,
R103,ALNS,4,"(0.85, 1.0, 1.18)",14,1339.2982331107671,347.551546480506,903.6340208493156,0.2595027290323929,45.43134972327341,48.27377703432858,6.2948732423980065,0.24743793314488338,30.679561376571655,109,
R103,ALNS,5,"(0.85, 1.0, 1.18)",13,1439.6244989239995,396.58235142605037,1031.114113707731,0.2754762451753655,27.093677641487975,59.08800237699044,13.818319981521558,0.26243400217659824,30.42496919631958,105,
R104,GLS,1,"(0.85, 1.0, 1.18)",10,1161.9015412343626,342.4600952105795,890.3962475475067,0.2947410628673081,18.057148775668566,62.99745316605354,18.945398058277878,0.30979010192502865,30.31058931350708,131,
R104,GLS,2,"(0.85, 1.0, 1.18)",10,1069.3281787178569,312.29306003059753,811.9619560795536,0.2920460399772148,24.124148932928275,59.04066053519425,16.83519053187744,0.31450978647713934,30.77376103401184,129,
R104,GLS,3,"(0.85, 1.0, 1.18)",10,1106.379294809276,323.1707676697731,840.2439959414102,0.29209762798885636,20.278882216180218,60.47205628105726,19.24906150276254,0.30526181256528384,30.48062300682068,134,
R104,GLS,4,"(0.85, 1.0, 1.18)",10,1107.4068735617157,319.97090459734017,831.9243519530845,0.2889370765491354,14.908882006831162,76.6324625360756,8.458655457093256,0.3075118054537056,30.514132738113403,132,
R104,GLS,5,"(0.85, 1.0, 1.18)",10,1044.7122078087862,309.13809286385407,803.7590414460207,0.2959074188596403,12.837523995621842,80.75020267885094,6.4122733255271935,0.32686627724941814,30.777438163757324,142,
R104,IGLS,1,"(0.85, 1.0, 1.18)",10,1036.019248342724,309.85700087318907,805.6282022702916,0.2990842123530563,19.480561207662742,64.25965100559205,16.259787786745182,0.33137830674807006,30.759652614593506,185,
R104,IGLS,2,"(0.85, 1.0, 1.18)",10,1085.4109445964561,317.39394237815594,825.2242501832055,0.2924182255193304,20.386262558727747,65.21778548782821,14.395951953444039,0.31524626017955715,30.911987781524658,176,
R104,IGLS,4,"(0.85, 1.0, 1.18)",10,1096.6478471390596,325.834377399886,847.1693812397037,0.29711851279325846,17.97318122795493,59.168001731291646,22.858817040753387,0.31957267148757723,30.456053495407104,171,
R104,IGLS,3,"(0.85, 1.0, 1.18)",9,1083.8879496281147,351.081260020635,912.811276053651,0.3239091828090644,6.231807643140184,47.79658845266486,45.97160390419493,0.3388234842815006,30.878478527069092,188,
R104,RGLS,1,"(0.85, 1.0, 1.18)",10,1080.8798867284147,309.9316028394607,805.8221673825979,0.28674009632796055,19.005547169964704,73.22289788306688,7.771554946968368,0.30543438757144875,30.36156392097473,153,
R104,IGLS,5,"(0.85, 1.0, 1.18)",10,1098.4371749268414,319.84847299108293,831.6060297768156,0.2911850402481012,19.294569717504423,70.47122776715885,10.234202515336682,0.3169586336851793,30.58788776397705,193,
R104,RGLS,2,"(0.85, 1.0, 1.18)",10,1105.125623217158,328.9916616206156,855.3783202136007,0.29769616657957854,17.8599078139827,65.05228898267421,17.087803203343054,0.3225125384521172,31.006323099136353,124,
R104,RGLS,4,"(0.85, 1.0, 1.18)",10,1059.394642729515,312.8749631233871,813.4749041208065,0.2953337222069287,17.650572210957584,69.2280872827019,13.121340506340463,0.32016952941547977,30.778165102005005,143,
R104,RGLS,3,"(0.85, 1.0, 1.18)",10,1079.864238039799,316.6325336781386,823.2445875631604,0.29321513068429716,21.955882654933266,66.79956670277176,11.24455064229494,0.32145267515123055,30.842692852020264,125,
R104,RGLS,5,"(0.85, 1.0, 1.18)",10,1091.1773158452925,319.943206331929,831.8523364630154,0.29320918029173054,22.533970410350403,68.23311528519085,9.23291430445874,0.32783439034871187,30.430782318115234,149,
R104,HGLS,1,"(0.85, 1.0, 1.18)",9,1145.926460018662,366.29518460343314,952.3674799689262,0.3196498181894393,2.2436765477109977,58.24096121447746,39.51536223781155,0.3285665416547146,30.421494007110596,139,
R104,HGLS,2,"(0.85, 1.0, 1.18)",9,1094.5529953508603,360.3754782791097,936.9762435256853,0.3292444311146313,1.7996127814056255,64.60563077386013,33.594756444734266,0.37463466157523223,30.331611156463623,133,
R104,HGLS,3,"(0.85, 1.0, 1.18)",10,1065.9932312342307,314.5105363125826,817.7273944127147,0.2950398999705048,23.534957228308855,63.081201907974084,13.383840863717063,0.3286500577144194,30.515992641448975,131,
R104,HGLS,4,"(0.85, 1.0, 1.18)",10,1055.845745889301,318.951214250685,829.273157051781,0.3020812609156689,16.404908075026913,57.16303041866653,26.432061506306514,0.31976044223548966,30.86241388320923,126,
R104,HGLS,5,"(0.85, 1.0, 1.18)",10,1091.9037275957076,318.57447994299656,828.2936478517911,0.29176059380663016,20.49922703042623,69.20214869730391,10.29862427226981,0.3170454682711439,30.848474502563477,154,
R104,ALNS,2,"(0.85, 1.0, 1.18)",10,1159.1833849739787,342.8284996888874,891.3540991911073,0.2957500117175879,15.353048603543572,62.976313497456445,21.670637898999953,0.30513780413679525,30.591753721237183,72,
R104,ALNS,1,"(0.85, 1.0, 1.18)",9,1058.8049729944848,341.74640016193854,888.5406404210403,0.32276614568159817,9.03923642266708,58.31439829901779,32.64636527831516,0.36582271217270385,30.634759187698364,76,
R104,ALNS,3,"(0.85, 1.0, 1.18)",10,1100.7701590677163,327.45535467721663,851.3839221607633,0.29747840816701543,13.344772682714785,66.87830218085453,19.776925136430673,0.30968209748069875,30.937822818756104,65,
R104,ALNS,4,"(0.85, 1.0, 1.18)",10,1103.0806929248429,322.4624376963542,838.4023380105209,0.29232896538270275,14.800964992721367,73.24671453098847,11.952320476290122,0.310356067715397,30.718547105789185,81,
R104,ALNS,5,"(0.85, 1.0, 1.18)",10,1080.7442522496847,313.8575553078979,816.0296438005345,0.29040872033746173,22.176799654585757,64.91566917803283,12.90753116738142,0.3156650210751992,31.025977611541748,88,
R105,GLS,1,"(0.85, 1.0, 1.18)",14,1417.19397445584,372.66080314485504,968.9180881766231,0.26295680750967465,40.12930659761233,50.80703376753339,9.063659634854268,0.24932149442774207,30.40708351135254,210,
R105,GLS,3,"(0.85, 1.0, 1.18)",14,1422.2934242557142,377.97064767770155,982.7236839620241,0.26574730729384727,37.87617424235169,47.31241454886145,14.811411208786796,0.24375383288339514,30.32725691795349,210,
R105,GLS,2,"(0.85, 1.0, 1.18)",14,1383.9542394671555,369.25866045338927,960.0725171788122,0.2668142124378041,39.713118962819415,48.543553903613955,11.743327133566593,0.2540949367969685,30.488447904586792,209,
R105,GLS,4,"(0.85, 1.0, 1.18)",14,1442.7395776056305,383.0269331797244,995.8700262672834,0.2654858431314372,42.81074589911478,46.18655642670534,11.002697674179862,0.25160437655006623,30.24000358581543,234,
R105,GLS,5,"(0.85, 1.0, 1.18)",14,1479.7850999524653,381.73683871401215,992.5157806564316,0.25796775405177047,45.08645795825282,47.21786050736701,7.695681534380189,0.2380130265895513,30.30944538116455,214,
R105,IGLS,1,"(0.85, 1.0, 1.18)",13,1422.4766581008466,397.878528912978,1034.4841751737429,0.2797083007633932,28.45997994694348,52.47062324350519,19.069396809551364,0.26625140036229794,30.207438945770264,251,
R105,IGLS,2,"(0.85, 1.0, 1.18)",14,1441.3728635092684,390.17211025100056,1014.4474866526015,0.27069478004536585,33.80967652074022,52.95126677395003,13.239056705309714,0.2574681002115033,30.28869342803955,238,
R105,IGLS,3,"(0.85, 1.0, 1.18)",13,1434.2526803056296,405.06098307635784,1053.1585559985303,0.28241954060008595,32.597968062859245,37.369547230388356,30.03248470675237,0.26501518795515927,30.164660453796387,212,
R105,IGLS,4,"(0.85, 1.0, 1.18)",14,1419.9623982208388,382.29517548383694,993.9674562579761,0.2692290837861896,41.61141888592437,40.83776240787367,17.550818706201902,0.2528206938540188,30.260542154312134,270,
R105,RGLS,1,"(0.85, 1.0, 1.18)",14,1425.2250371110456,370.62118404049687,963.6150785052919,0.2600439750846309,43.74714701200846,43.95260663141527,12.300246356576269,0.23770448179149584,30.335018396377563,211,
R105,RGLS,2,"(0.85, 1.0, 1.18)",14,1445.1101612676218,381.2738173195966,991.3119250309512,0.26383719908602044,42.63992965007925,44.20753638142509,13.15253396849562,0.2430134235268713,30.16942834854126,230,
R105,IGLS,5,"(0.85, 1.0, 1.18)",14,1434.5579388663439,374.53524194065756,973.7916290457097,0.26108059618465684,40.70409916966043,54.463843593299195,4.832057237040354,0.24776552751709127,30.563735246658325,237,
R105,RGLS,3,"(0.85, 1.0, 1.18)",14,1424.3132151403447,372.95195529216977,969.6750837596414,0.261846868601455,41.112724196469465,46.89608178882597,11.99119401470454,0.24044650211267737,30.302133083343506,200,
R105,RGLS,4,"(0.85, 1.0, 1.18)",14,1418.7254408333167,366.61910197542375,953.2096651361018,0.25841441298189644,44.11668807769745,50.280687763030706,5.602624159271825,0.24306005857961474,30.243454217910767,242,
R105,RGLS,5,"(0.85, 1.0, 1.18)",14,1417.6887995300785,374.8508129663919,974.612113712619,0.26440980071976566,36.97035672991908,56.8663246780847,6.163318591996189,0.25029344727274055,30.205951690673828,221,
R105,HGLS,1,"(0.85, 1.0, 1.18)",13,1369.5989031183187,378.7510448445662,984.7527165958721,0.27654158015329994,28.953123152982197,53.969848817520784,17.07702802949699,0.26415117236135544,30.16483497619629,214,
R105,HGLS,2,"(0.85, 1.0, 1.18)",13,1475.0736843553414,412.0161140535175,1071.2418965391455,0.27931900516114416,33.56562266298674,41.8452708194834,24.589106517529867,0.26093194690406096,30.456186771392822,206,
R105,HGLS,3,"(0.85, 1.0, 1.18)",14,1449.4568162348921,382.5811919473865,994.711099063205,0.26394797531200626,43.6963467210983,44.02769156656399,12.275961712337637,0.24713619534370374,30.36635732650757,206,
R105,HGLS,4,"(0.85, 1.0, 1.18)",14,1415.6930671699874,366.75503362505754,953.5630874251497,0.2590639469318104,46.733069176276395,47.91365804130404,5.3532727824195625,0.24809738193010758,30.336610555648804,267,
R105,HGLS,5,"(0.85, 1.0, 1.18)",14,1451.375969010841,376.7315894700291,979.5021326220757,0.25956857321179416,42.9056257275116,50.785867127953395,6.308507144534945,0.24092833531209923,30.4327609539032,234,
R105,ALNS,1,"(0.85, 1.0, 1.18)",14,1576.1340643040285,422.18189740884077,1097.6729332629861,0.2678591288459101,34.40375381099201,49.50536377082918,16.090882418178783,0.24486423776425859,30.451444149017334,117,
R105,ALNS,2,"(0.85, 1.0, 1.18)",14,1458.921120605742,392.20213154481354,1019.7255420165152,0.26883025134489225,38.93307417261271,43.40055009031659,17.666375737070688,0.24715494455557688,30.202876329421997,118,
R105,ALNS,3,"(0.85, 1.0, 1.18)",14,1464.6593721735276,390.26122690674913,1014.6791899575478,0.26645186882435923,38.39920949845768,47.292089862519525,14.308700639022767,0.24451080512510992,30.38398790359497,120,
R105,ALNS,4,"(0.85, 1.0, 1.18)",15,1478.2812277740009,376.503558281354,978.9092515315205,0.2546900760204429,49.073233504169835,42.48380093775972,8.442965558070416,0.23063235310301144,30.42222023010254,126,
R105,ALNS,5,"(0.85, 1.0, 1.18)",13,1502.6911423809897,429.4769799028195,1116.6401477473307,0.28580522489958926,26.767079538598633,48.07584451097024,25.15707595043113,0.27322123135692206,30.30676770210266,111,
R106,GLS,1,"(0.85, 1.0, 1.18)",12,1339.884065415468,373.0965135393443,970.0509352022952,0.27845432539244014,29.741874217219316,47.62376887263678,22.634356910143854,0.2649439187838311,30.567174196243286,222,
R106,GLS,2,"(0.85, 1.0, 1.18)",13,1299.7253600759686,338.42466814625675,879.9041371802675,0.2603816764231452,43.884771278969836,51.77916043708924,4.336068283940902,0.2539084415871387,30.458770990371704,209,
R106,GLS,3,"(0.85, 1.0, 1.18)",13,1364.0002772501432,362.93955584238216,943.6428451901936,0.2660846642744655,32.6658361349184,55.45181499729934,11.882348867782202,0.24436914701987147,30.41256546974182,190,
R106,GLS,4,"(0.85, 1.0, 1.18)",12,1299.730183782228,357.4264064404545,929.3086567451818,0.2750004661739408,34.68377588438476,47.86832738014637,17.447896735468895,0.2641916878132519,30.415937900543213,192,
R106,GLS,5,"(0.85, 1.0, 1.18)",13,1330.5089108337054,347.7649454433913,904.1888581528174,0.26137738921679193,47.80083804804564,46.390041644143146,5.809120307811181,0.2581474545560196,30.276431798934937,205,
R106,IGLS,1,"(0.85, 1.0, 1.18)",13,1338.7732209090564,354.83200862405613,922.563222422546,0.26504265478444317,35.883631302477205,52.94230300428301,11.17406569323974,0.24606007543633146,30.629135847091675,247,
R106,IGLS,2,"(0.85, 1.0, 1.18)",12,1259.8053643525793,352.6477581952348,916.8841713076106,0.2799224135519239,30.537583685900067,52.11549201666125,17.346924297438655,0.276543277955469,30.294153213500977,276,
R106,IGLS,3,"(0.85, 1.0, 1.18)",12,1330.0621435399771,374.4198821866988,973.491693685417,0.2815055552142666,33.1314144609029,53.07519054694366,13.793394992153411,0.2894008633870881,30.378291368484497,231,
R106,IGLS,4,"(0.85, 1.0, 1.18)",12,1313.0909026687912,376.3374692953741,978.4774201679727,0.28660427738132,31.542142677049263,41.1889678180922,27.2688895048585,0.280581595759496,30.297947645187378,244,
R106,IGLS,5,"(0.85, 1.0, 1.18)",12,1340.2122454341531,375.48469201203477,976.2601992312905,0.2801680803105921,31.835806919709142,50.49379260527123,17.670400475019562,0.2803703270290647,30.725701808929443,231,
R106,RGLS,1,"(0.85, 1.0, 1.18)",13,1328.0379819238765,342.59950918269067,890.7587238749958,0.25797417983963095,44.31669146961671,48.8492167107711,6.834091819612164,0.24080756008291943,30.28967523574829,222,
R106,RGLS,2,"(0.85, 1.0, 1.18)",12,1289.801242453323,359.09829517473617,933.6555674543141,0.27841366821115593,27.649527010951747,55.02327307398835,17.327199915059875,0.26849132979530815,30.598576307296753,218,
R106,RGLS,4,"(0.85, 1.0, 1.18)",12,1311.2764915229493,373.1987767504495,970.3168195511687,0.28460723513544206,28.8919020813835,49.856313607933004,21.25178431068349,0.2839792045965892,30.314794540405273,186,
R106,RGLS,3,"(0.85, 1.0, 1.18)",12,1337.8113724678167,363.7931168074458,945.8621036993592,0.2719315475218069,38.87790998800936,48.135399412223364,12.986690599767206,0.26983775100961344,30.395927667617798,181,
R106,RGLS,5,"(0.85, 1.0, 1.18)",12,1290.9590398479786,365.7780842526469,951.023019056882,0.28333825703387183,25.34437265750818,59.493883692567,15.161743649924773,0.2868403993474574,30.27738094329834,210,
R106,HGLS,1,"(0.85, 1.0, 1.18)",12,1330.5473305548594,367.74285436709386,956.131421354444,0.2763846470713216,30.788927215027677,51.17112832040892,18.039944464563373,0.26605355697794536,30.380279302597046,216,
R106,HGLS,2,"(0.85, 1.0, 1.18)",12,1350.6847882689171,379.28895177205607,986.1512746073458,0.2808123368725915,21.851923505435657,61.291615013241724,16.85646148132256,0.2701798845827203,30.512337923049927,232,
R106,HGLS,3,"(0.85, 1.0, 1.18)",12,1311.7597133850404,353.6715018951884,919.5459049274898,0.26961607243031355,34.26951101568835,58.197319021271,7.533169963040638,0.26387724518562145,30.454392671585083,230,
R106,HGLS,4,"(0.85, 1.0, 1.18)",12,1338.665056303495,373.18148662739145,970.2718652312178,0.2787713661981072,30.8357203126653,49.093674089799585,20.070605597535078,0.2693107510509809,30.737377405166626,193,
R106,HGLS,5,"(0.85, 1.0, 1.18)",12,1312.5566060718745,362.68691106817477,942.9859687772545,0.2763209673322953,31.58515916582321,54.64151475581764,13.773326078359183,0.27304183964258694,30.354748964309692,207,
R106,ALNS,1,"(0.85, 1.0, 1.18)",13,1332.6685548227908,348.0201401660803,904.8523644318088,0.26114530796620894,44.22067426837859,47.90841696750058,7.870908764120748,0.24928660214306103,30.390299797058105,88,
R106,ALNS,3,"(0.85, 1.0, 1.18)",13,1309.1802315917155,346.5661341334266,901.0719487469092,0.26471995663428843,38.615723341975375,57.538601166241726,3.84567549178286,0.26265977471212154,30.371092796325684,104,
R106,ALNS,2,"(0.85, 1.0, 1.18)",12,1343.4593486946558,384.80825017738806,1000.501450461209,0.28643088497711444,25.666739206117505,49.80781622625029,24.525444567632164,0.2743854169306769,30.463785409927368,103,
R106,ALNS,4,"(0.85, 1.0, 1.18)",12,1389.8924042720091,403.391437945094,1048.8177386572445,0.2902321335847435,28.050124534629102,37.58839212529626,34.36148334007463,0.2752849609328617,30.41661047935486,105,
R106,ALNS,5,"(0.85, 1.0, 1.18)",12,1336.089836504052,384.93459348163054,1000.8299430522394,0.2881053226846121,29.371549503625623,47.89319626842907,22.73525422794528,0.29160121534098865,30.56860613822937,100,
R107,GLS,1,"(0.85, 1.0, 1.18)",10,1213.036458012788,382.7939449886986,995.2642569706164,0.3155667271664667,11.603048452100538,59.89150016537106,28.50545138252837,0.3508998889694285,30.470048189163208,159,
R107,GLS,2,"(0.85, 1.0, 1.18)",10,1157.0928717927218,356.007230677646,925.6187997618797,0.3076738603756779,11.98792629408221,67.65051776692198,20.36155593899582,0.338964197459445,30.50036334991455,120,
R107,GLS,4,"(0.85, 1.0, 1.18)",11,1154.2072817167684,327.6198265546553,851.8115490421037,0.28384834487212157,35.77451501278086,50.13706246399437,14.088422523224693,0.3048845686582782,30.98461151123047,160,
R107,GLS,3,"(0.85, 1.0, 1.18)",10,1189.6724933811106,362.4746229837056,942.4340197576346,0.30468437742351595,11.6640339825369,67.34574316116267,20.99022285630043,0.3306555341357417,31.350827932357788,120,
R107,GLS,5,"(0.85, 1.0, 1.18)",10,1170.0658587502874,366.5876071475318,953.1277785835827,0.3133051053545594,15.537649279118723,51.58102085147673,32.881329869404524,0.33585407270785045,30.46196722984314,158,
R107,IGLS,1,"(0.85, 1.0, 1.18)",11,1163.0836416469567,325.27919884917566,845.7259170078568,0.27966965332654137,32.47212798684041,54.52227158772711,13.005600425432535,0.289436590707771,30.362170934677124,197,
R107,IGLS,2,"(0.85, 1.0, 1.18)",10,1152.7491204202747,362.14857071478895,941.5862838584513,0.3141607868525244,12.385293861673334,65.73505499012614,21.879651148200505,0.3579372432649259,30.30861234664917,144,
R107,IGLS,3,"(0.85, 1.0, 1.18)",10,1176.8559324930793,365.03519099928354,949.0914965981373,0.31017831573146293,16.030545237441164,57.69613200584257,26.27332275671629,0.3399860924297319,30.349196195602417,161,
R107,IGLS,4,"(0.85, 1.0, 1.18)",10,1136.9708259983133,347.6996689163355,904.0191391824724,0.3058123049120799,18.04456526215599,54.338154128522426,27.617280609321526,0.3251482232758976,30.423264741897583,189,
R107,IGLS,5,"(0.85, 1.0, 1.18)",10,1184.2035068687085,360.5188661797923,937.3490520674601,0.30443995824086234,9.8299468174535,67.87361385402313,22.296439328523306,0.32504623436517394,30.829245805740356,191,
R107,RGLS,2,"(0.85, 1.0, 1.18)",10,1170.207164161804,370.76178560391764,963.9806425701859,0.3168343152893675,10.814308331497063,62.26035408184175,26.92533758666125,0.35474966856012147,30.543230056762695,117,
R107,RGLS,1,"(0.85, 1.0, 1.18)",10,1225.0749086739183,391.3452200048362,1017.4975720125742,0.31944595161813216,11.198395026352477,53.39038529749137,35.41121967615615,0.3455424775449955,30.659977436065674,162,
R107,RGLS,3,"(0.85, 1.0, 1.18)",10,1154.6615943948561,357.25635465831203,928.8665221116113,0.30940351388888593,7.373330352621761,71.8375503916746,20.789119255703632,0.3388381461349255,30.530741930007935,133,
R107,RGLS,4,"(0.85, 1.0, 1.18)",11,1116.2697065646726,320.94180707047843,834.4486983832439,0.28751278045355094,32.320841414691856,59.051194969540965,8.627963615767149,0.31970574711746336,30.3897123336792,162,
R107,RGLS,5,"(0.85, 1.0, 1.18)",10,1148.055307430631,353.54067718682165,919.2057606857363,0.30794742631176214,12.866526314967757,65.20718712088369,21.926286564148565,0.33546637395813295,31.10478949546814,181,
R107,HGLS,1,"(0.85, 1.0, 1.18)",10,1251.1376285088986,406.36923500090006,1056.5600110023402,0.32479978680299904,10.677481397185367,53.309181987771964,36.01333661504263,0.36358827308246167,30.760761499404907,168,
R107,HGLS,2,"(0.85, 1.0, 1.18)",10,1150.1805678451676,363.6744267881057,945.5535096490748,0.31618898541247303,11.841134529909331,63.93747138874339,24.22139408134731,0.3565809193386137,30.30841612815857,115,
R107,HGLS,3,"(0.85, 1.0, 1.18)",10,1187.8121283746038,366.2419724896189,952.2291284730092,0.3083332487863906,15.476593692412614,61.056529749464794,23.466876558122593,0.3417245442175848,30.80694842338562,130,
R107,HGLS,4,"(0.85, 1.0, 1.18)",10,1124.4604598990038,340.799294392055,886.078165419343,0.3030780596968832,16.475479848938196,66.8252821934563,16.699237957605437,0.34112681609437645,30.423386096954346,169,
R107,HGLS,5,"(0.85, 1.0, 1.18)",10,1224.931513599301,386.06998456428056,1003.7819598671294,0.3151767917455764,13.813797719666763,53.43064983986695,32.755552440466296,0.3416356266890225,30.496018171310425,171,
R107,ALNS,1,"(0.85, 1.0, 1.18)",10,1201.8490976122034,367.53841780721535,955.59988629876,0.3058107865100779,12.331330586278327,59.878268514832065,27.790400898889555,0.3205127495154987,30.760652780532837,89,
R107,ALNS,2,"(0.85, 1.0, 1.18)",10,1279.433255333196,412.0359645841052,1071.2935079186736,0.3220456892663782,5.958557114853816,60.45223812753247,33.5892047576137,0.3520840842566954,30.31335425376892,81,
R107,ALNS,3,"(0.85, 1.0, 1.18)",10,1217.7586085094838,374.39751361748955,973.4335354054729,0.3074480533344337,11.426106376222286,57.21095309927744,31.36294052450029,0.31853740381165935,30.412700653076172,86,
R107,ALNS,4,"(0.85, 1.0, 1.18)",10,1230.856413003971,379.1802459182305,985.8686393873994,0.30806212805344274,12.254160696493008,59.17259033417153,28.57324896933547,0.32868194962489433,30.54537582397461,87,
R107,ALNS,5,"(0.85, 1.0, 1.18)",10,1185.5474778076436,359.44462291127684,934.5560195693198,0.3031887205192107,15.519111055517952,61.44573756008388,23.035151384398105,0.32920905995096067,30.564666509628296,77,
R108,GLS,1,"(0.85, 1.0, 1.18)",9,1080.3880509714058,343.7727911333378,893.8092569466784,0.3181938108480953,5.080011622912939,59.214398368464316,35.7055900086227,0.34189013418034625,30.53197479248047,95,
R108,GLS,3,"(0.85, 1.0, 1.18)",9,1002.3381999064649,306.89153260943766,797.9179847845379,0.3061756327735248,5.241070523399134,87.3601258164964,7.398803660104494,0.3525259521395631,30.66460084915161,102,
R108,GLS,2,"(0.85, 1.0, 1.18)",10,1027.697666049428,296.4905426386909,770.8754108605964,0.28849977229045387,30.347924899430502,65.21169662682235,4.440378473747183,0.33443869231475015,31.192451238632202,120,
R108,GLS,4,"(0.85, 1.0, 1.18)",9,1042.2149313923953,332.14818690796614,863.585285960712,0.31869451962678885,6.79568799103272,62.94991804232373,30.254393966643534,0.35300015738323465,31.369420766830444,90,
R108,IGLS,1,"(0.85, 1.0, 1.18)",9,1002.2001252912769,304.23087152470066,791.0002659642217,0.30356299490212074,8.992842499551546,78.27134724808498,12.73581025236344,0.33903514714013994,30.518635749816895,150,
R108,IGLS,2,"(0.85, 1.0, 1.18)",9,999.6494977655043,311.7223935405624,810.4782232054622,0.3118316912451304,6.073852936692494,78.06002198438051,15.866125078926997,0.35439257853805717,30.646029233932495,180,
R108,GLS,5,"(0.85, 1.0, 1.18)",9,1124.0476229146918,367.7531129384288,956.1580936399149,0.32716862296708843,6.35671946449342,45.54718585956703,48.096094675939526,0.34907040994119365,32.12328028678894,145,
R108,IGLS,4,"(0.85, 1.0, 1.18)",9,1052.0437568885252,328.09524401947306,853.04763445063,0.31186463668567554,5.654643638162389,68.38697263087123,25.95838373096634,0.3357652745802356,30.820346117019653,109,
R108,IGLS,3,"(0.85, 1.0, 1.18)",9,1031.3940506182169,318.4562923839263,827.9863601982084,0.3087629720115642,3.6911597303730854,82.16473326397802,14.144107005648923,0.34528055725148105,31.591749906539917,102,
R108,RGLS,2,"(0.85, 1.0, 1.18)",9,1055.2121685126433,338.67699572808505,880.5601888930212,0.3209563022813332,6.442430939325665,73.53899593001854,20.018573130655767,0.3788449550750937,30.58739471435547,139,
R108,IGLS,5,"(0.85, 1.0, 1.18)",10,1006.8836018491887,286.5966710161701,745.1513446420423,0.28463734089007103,33.53777547575112,57.63763835389415,8.824586170354722,0.3170330386530902,31.39628028869629,165,
R108,RGLS,1,"(0.85, 1.0, 1.18)",9,1063.555363297952,333.16298046363914,866.2237492054618,0.3132540081698638,8.471074314716114,56.19158971966865,35.33733596561519,0.33321021763751313,31.360531330108643,110,
R108,RGLS,3,"(0.85, 1.0, 1.18)",9,1057.120855534987,327.1292291453418,850.5359957778887,0.3094530085491393,4.228216706309687,73.5448481863634,22.226935107326902,0.3332096906023831,30.599589824676514,109,
R108,RGLS,4,"(0.85, 1.0, 1.18)",9,1027.3867666966526,332.5979720969763,864.7547274521385,0.32373199935830943,8.257933525035805,59.869490956234706,31.872575518729466,0.3653345199483597,30.56721019744873,91,
R108,RGLS,5,"(0.85, 1.0, 1.18)",10,1014.5320805448602,286.6650773973205,745.3292012330332,0.2825589085791801,31.471611307275232,66.32666189195342,2.201726800771342,0.3251907167285838,30.61191749572754,122,
R108,HGLS,2,"(0.85, 1.0, 1.18)",9,1012.4008186748567,323.7641071805842,841.7866786695189,0.3197983458807973,7.1460465072583395,70.38334084589114,22.47061264685053,0.367632301685986,30.360655307769775,129,
R108,HGLS,1,"(0.85, 1.0, 1.18)",9,1053.786651509026,330.931023532269,860.4206611838995,0.3140398704599026,8.914503668061307,61.80291969624765,29.28257663569104,0.3442226901246861,30.807466745376587,100,
R108,HGLS,3,"(0.85, 1.0, 1.18)",9,1063.1151489009565,330.20124082837197,858.5232261537672,0.31059781357619864,3.034494875269154,72.58344323064543,24.382061894085407,0.33559202152996886,30.37194800376892,102,
R108,HGLS,4,"(0.85, 1.0, 1.18)",9,1040.7131882352971,332.4142064410984,864.2769367468558,0.3194100067135328,5.2441962397865,68.90009246180125,25.855711298412224,0.35957591300440617,30.565622329711914,94,
R108,HGLS,5,"(0.85, 1.0, 1.18)",9,1088.95792433412,347.9718057014253,904.7266948237058,0.31954568484746954,4.490616753099654,62.57363601367861,32.93574723322171,0.3488749864827072,30.377853393554688,139,
R108,ALNS,1,"(0.85, 1.0, 1.18)",9,1088.062282426492,354.41261775031677,921.4728061508237,0.325728245041212,7.082146581376213,51.46407463102883,41.45377878759492,0.353660923306855,30.56576919555664,67,
R108,ALNS,2,"(0.85, 1.0, 1.18)",9,1067.9828150131495,339.6481189494797,883.0851092686472,0.31802770060986213,12.65664924857546,44.69892912202249,42.64442162940202,0.3369701564544226,30.49573826789856,66,
R108,ALNS,3,"(0.85, 1.0, 1.18)",9,1217.3272361989982,396.668701302315,1031.338623386019,0.3258521533954006,3.578886415577995,41.995915872685394,54.42519771173661,0.3299825933577669,30.429829835891724,73,
R108,ALNS,5,"(0.85, 1.0, 1.18)",9,1047.0680790919293,340.7001740199422,885.8204524518497,0.32538493038142724,12.287148926866223,46.8139364214921,40.89891465164165,0.36039745867822115,30.423004865646362,80,
R108,ALNS,4,"(0.85, 1.0, 1.18)",9,1082.6413276905782,346.5198785706946,900.9516842838059,0.32006895516345085,8.471997616875182,58.59053840336199,32.93746397976285,0.3563395651898441,30.520230770111084,69,
R109,GLS,1,"(0.85, 1.0, 1.18)",12,1185.5534595915747,318.1641315766163,827.2267420992024,0.26836759574403707,47.54329973246085,45.949995468870135,6.506704798668979,0.2842854953619138,30.450042963027954,184,
R109,GLS,2,"(0.85, 1.0, 1.18)",11,1249.342995607707,369.4397165188055,960.5432629488943,0.2957071979573569,21.199293000299953,55.371490850042555,23.42921614965746,0.30371207798322414,30.57006573677063,129,
R109,GLS,4,"(0.85, 1.0, 1.18)",11,1204.1278246907923,347.23252154181733,902.8045560087251,0.28836848914357005,26.926556053000922,55.3599461711832,17.713497775815867,0.3010237556800159,30.21213674545288,132,
R109,GLS,3,"(0.85, 1.0, 1.18)",11,1251.386689006981,361.43470701697316,939.7302382441303,0.2888273546395033,22.961387236830202,53.37858968616175,23.660023077007985,0.29045879172750866,30.55536437034607,129,
R109,IGLS,1,"(0.85, 1.0, 1.18)",12,1223.1591392418188,338.4657801257051,880.0110283268333,0.27671442682062186,36.321511140737364,51.58912065600223,12.08936820326037,0.28705063324632696,30.378223419189453,200,
R109,GLS,5,"(0.85, 1.0, 1.18)",11,1242.1499766847196,363.28655969435096,944.5450552053126,0.2924659393094846,26.41928636065939,52.81527067056687,20.765442968773737,0.31029347653030875,30.571500778198242,135,
R109,IGLS,2,"(0.85, 1.0, 1.18)",11,1211.3929970773709,358.6968309650409,932.6117605091063,0.2961027774062088,26.853852888469515,43.30900508449536,29.8371420270351,0.3047555139226839,30.587798357009888,149,
R109,IGLS,3,"(0.85, 1.0, 1.18)",11,1177.789669146192,342.5826307821769,890.71484003366,0.29086910825981627,27.883230795377116,52.34905339218802,19.767715812434822,0.3055833245875693,30.378026962280273,169,
R109,IGLS,4,"(0.85, 1.0, 1.18)",11,1207.6829336850758,351.7173333039574,914.4650665902892,0.29123317345451016,23.54930249259532,56.196600098968084,20.254097408436632,0.303560541635427,30.640397310256958,149,
R109,RGLS,1,"(0.85, 1.0, 1.18)",11,1295.727718348162,388.99472338004574,1011.3862807881189,0.3002133224995368,19.475456357144648,50.787574770603584,29.736968872251744,0.30851106005737206,30.478026866912842,166,
R109,IGLS,5,"(0.85, 1.0, 1.18)",11,1209.0844051272516,360.1746241304167,936.4540227390835,0.2978903892921435,17.733669507201906,58.75858463362701,23.507745859171113,0.310216057553159,30.58007025718689,151,
R109,RGLS,2,"(0.85, 1.0, 1.18)",11,1263.4503973972446,372.966137278195,969.711956923307,0.29519650161693667,22.941305352533146,51.72331237554668,25.33538227192016,0.30345730546883204,30.442955017089844,120,
R109,RGLS,3,"(0.85, 1.0, 1.18)",11,1245.2516701712173,360.61705412168345,937.604340716377,0.28959371246785803,21.686294932261035,58.050641717367434,20.263063350371553,0.29436764755308936,30.295591831207275,133,
R109,RGLS,4,"(0.85, 1.0, 1.18)",11,1239.2419546272947,362.2722845076857,941.9079397199829,0.2923337796585817,17.495796545736155,60.14679778930234,22.357405664961533,0.29646648242542334,30.272497415542603,129,
R109,RGLS,5,"(0.85, 1.0, 1.18)",11,1221.5709401639072,352.9954005337036,917.7880413876294,0.28896840038314897,27.312312183557207,57.2908260557151,15.396861760727715,0.30561154457668693,30.387003898620605,156,
R109,HGLS,1,"(0.85, 1.0, 1.18)",12,1208.9622868488211,330.13206858511904,858.3433783213095,0.27307060954367185,38.222690596770065,48.88876373267875,12.888545670551196,0.27657144665013833,30.711970567703247,216,
R109,HGLS,2,"(0.85, 1.0, 1.18)",11,1218.9353415923285,364.3667871180429,947.3536465069116,0.2989221615660603,21.825768099672988,51.63883784489529,26.535394055431723,0.30861870417836473,30.201730728149414,126,
R109,HGLS,3,"(0.85, 1.0, 1.18)",11,1252.6796795731268,363.2844274962111,944.5395114901489,0.2900058438083763,22.06442065768908,59.51728016316163,18.418299179149294,0.29768302153896675,30.41368055343628,140,
R109,HGLS,5,"(0.85, 1.0, 1.18)",11,1188.9365060188838,350.5737329110089,911.4917055686232,0.2948632926453692,25.60654315647167,51.37228160480248,23.02117523872582,0.31082234840311035,30.152342081069946,158,
R109,HGLS,4,"(0.85, 1.0, 1.18)",11,1234.4307012579372,363.5775589452336,945.3016532576073,0.29453055450964777,22.267931884775447,51.74095004610574,25.991118069118844,0.2997455437078992,30.376456260681152,119,
R109,ALNS,1,"(0.85, 1.0, 1.18)",12,1278.0855157478138,358.59190294246105,932.3389476503987,0.2805695695038428,27.79376742703764,55.70336077317854,16.50287179978382,0.2783731303612578,30.709638118743896,88,
R109,ALNS,2,"(0.85, 1.0, 1.18)",11,1374.3543473988793,417.73228792168277,1086.1039485963752,0.3039480238209951,15.47059357676385,45.90057996994118,38.62882645329499,0.30045306756681517,30.535865545272827,94,
R109,ALNS,3,"(0.85, 1.0, 1.18)",11,1505.3799916728872,467.5267236575381,1215.5694815095992,0.3105705710476387,8.799144249797886,44.894683163867974,46.30617258633408,0.29893534795368143,30.361156940460205,97,
R109,ALNS,4,"(0.85, 1.0, 1.18)",11,1344.8694016101988,403.06766989359375,1047.9759417233438,0.2997076663436649,12.162162327627245,55.08681015007074,32.751027522301975,0.29451990803193223,30.401178121566772,100,
R109,ALNS,5,"(0.85, 1.0, 1.18)",11,1446.7878281843375,441.6069089647014,1148.1779633082238,0.3052326680954324,10.40024850727118,51.09755047111443,38.502201021614354,0.2978770807179468,30.656450986862183,89,
R110,GLS,1,"(0.85, 1.0, 1.18)",11,1126.0590705220322,323.4093820362241,840.8643932941826,0.28720463295615034,24.214119470177494,57.76861712553325,18.01726340428923,0.29552546597326207,30.593353986740112,142,
R110,GLS,2,"(0.85, 1.0, 1.18)",11,1181.7331551047675,344.8781277251354,896.6831320853521,0.2918409509247965,17.842751708025066,57.283043400782056,24.874204891192846,0.2888814446812166,30.48484206199646,143,
R110,GLS,4,"(0.85, 1.0, 1.18)",11,1146.5136400830809,326.09976042500364,847.8593771050095,0.284427283744634,25.171229214370644,59.298611927667345,15.530158857961993,0.29311092920422466,30.37772512435913,115,
R110,GLS,3,"(0.85, 1.0, 1.18)",11,1234.178577085923,356.043659093845,925.7135136439971,0.2884863387715872,16.71510539228195,66.6182969079598,16.666597699758213,0.29231203506920184,30.706921577453613,129,
R110,GLS,5,"(0.85, 1.0, 1.18)",11,1184.7559916663681,332.77369803925,865.2116149020501,0.28087952319295834,22.927778958449462,64.49886697443193,12.573354067118622,0.2841126967564152,30.46449375152588,140,
R110,IGLS,1,"(0.85, 1.0, 1.18)",11,1142.3620765273868,322.8019479309519,839.2850646204749,0.28257411075149,28.30762540050651,59.036150507953124,12.656224091540366,0.2974312782678688,30.667542219161987,179,
R110,IGLS,2,"(0.85, 1.0, 1.18)",11,1221.6781325945992,344.12230717253357,894.7179986485874,0.28168000882661853,18.8204922528667,65.04305953356624,16.136448213567014,0.2771110924147013,30.82347083091736,155,
R110,IGLS,3,"(0.85, 1.0, 1.18)",11,1216.3634707879326,338.2382876316397,879.4195478422632,0.2780733684911934,21.762377218654713,67.08613532632738,11.151487455017815,0.2765111298060966,30.52229404449463,187,
R110,IGLS,4,"(0.85, 1.0, 1.18)",11,1145.4905192970216,319.21575342977644,829.9609589174188,0.2786716677722279,32.40233890171329,57.41185199357891,10.18580910470777,0.292311647421599,30.48516845703125,186,
R110,IGLS,5,"(0.85, 1.0, 1.18)",11,1116.5958128758807,311.9157865294904,810.9810449766751,0.27934529480826786,29.272024071435876,56.84302533692861,13.884950591635498,0.28430674989281723,30.655009269714355,209,
R110,RGLS,1,"(0.85, 1.0, 1.18)",11,1154.261680894033,322.3824583294555,838.1943916565843,0.27929754895766296,31.54708540086207,62.19529248763282,6.257622111505122,0.3036541593021016,30.38603901863098,137,
R110,RGLS,2,"(0.85, 1.0, 1.18)",11,1173.6714880723573,326.34215969528543,848.4896152077422,0.27805238775227564,28.213313115554865,55.65890216501116,16.127784719433965,0.2756546088518808,30.269384622573853,134,
R110,RGLS,3,"(0.85, 1.0, 1.18)",11,1218.908442009677,348.3903760409507,905.8149777064718,0.28582161221768354,21.824711446364187,59.97455903928392,18.200729514351867,0.28760782530100604,30.524431943893433,128,
R110,RGLS,4,"(0.85, 1.0, 1.18)",11,1181.8676038548724,330.262625922326,858.6828273980476,0.2794413053079003,27.037038352172246,64.29763293982984,8.665328707997883,0.29276614027432013,30.43777871131897,124,
R110,RGLS,5,"(0.85, 1.0, 1.18)",11,1173.9739813305948,324.16512152539565,842.8293159660287,0.276126325353466,31.018726267328525,64.0018772916027,4.979396441068749,0.2914122449445208,30.584264516830444,156,
R110,HGLS,1,"(0.85, 1.0, 1.18)",11,1146.060296683922,322.7936139260275,839.2633962076715,0.2816550009279769,28.373191033078083,57.271910908349845,14.35489805857206,0.2884747844848209,30.335521936416626,155,
R110,HGLS,2,"(0.85, 1.0, 1.18)",11,1204.4097971904912,346.53284892050846,900.985407193322,0.2877200515379902,22.664488654795758,64.18854506080211,13.14696628440212,0.3024157003812163,30.582538604736328,141,
R110,HGLS,3,"(0.85, 1.0, 1.18)",11,1140.129022338815,321.55657983867394,836.0471075805523,0.282035255254748,22.61652861357895,56.693683922458156,20.68978746396291,0.273201785826784,30.539082765579224,173,
R110,HGLS,4,"(0.85, 1.0, 1.18)",11,1175.3228497144596,331.34328498914226,861.4925409717699,0.28191682401957974,25.348748501127854,62.0057472595778,12.645504239294317,0.28934005830881554,30.712692260742188,127,
R110,HGLS,5,"(0.85, 1.0, 1.18)",11,1150.9008677474278,318.329864834507,827.6576485697183,0.27659190618002594,29.1849411646955,61.55132097116014,9.263737864144334,0.28492230804089375,30.489479780197144,150,
R110,ALNS,1,"(0.85, 1.0, 1.18)",11,1136.294700049994,325.7558923187843,846.9653200288392,0.2866825765397409,22.45703083974188,61.34923456039604,16.193734599862037,0.2941439182847796,30.75187635421753,76,
R110,ALNS,2,"(0.85, 1.0, 1.18)",11,1181.82494643767,342.10687455564147,889.4778738446679,0.2894733907816392,24.998041136597866,57.93254160625146,17.069417257150675,0.3016025682252597,30.516717195510864,88,
R110,ALNS,3,"(0.85, 1.0, 1.18)",11,1165.9953254010493,330.4850318983278,859.2610829356523,0.2834359835745105,30.689374258052688,50.92586202269693,18.384763719250305,0.2913607136727702,30.869733333587646,86,
R110,ALNS,4,"(0.85, 1.0, 1.18)",10,1278.0287043347926,405.68831690559404,1054.7896239545446,0.317432867923536,5.576954522076671,50.50765458047418,43.915390897449136,0.3201170734927906,30.74545645713806,78,
R110,ALNS,5,"(0.85, 1.0, 1.18)",11,1145.7792641944416,321.11401698221846,834.896444153768,0.28025818498991845,28.91122887426328,54.12893734954967,16.959833776187057,0.28399057733875066,30.64894413948059,82,
R111,GLS,1,"(0.85, 1.0, 1.18)",11,1154.8266945137293,323.5371316198631,841.1965422116441,0.28016076624908387,33.84886831693761,55.064487704122115,11.086643978940254,0.29669964124353604,30.735082864761353,160,
R111,GLS,3,"(0.85, 1.0, 1.18)",11,1142.2768837826557,326.71404025640146,849.4565046666438,0.28602000521492327,29.367080851271925,57.598812319257114,13.034106829470932,0.30682900462569596,30.461230516433716,152,
R111,GLS,2,"(0.85, 1.0, 1.18)",10,1211.0948235215806,379.9590922323805,987.8936398041893,0.3137319100477602,12.021245640558416,54.633261373889795,33.345492985551786,0.33668691498559744,30.757786750793457,148,
R111,GLS,4,"(0.85, 1.0, 1.18)",11,1112.046247376136,318.05841873012344,826.951888698321,0.2860118627984939,26.41247101082843,61.792430554812654,11.795098434358884,0.3064259960690331,30.938567399978638,140,
R111,IGLS,2,"(0.85, 1.0, 1.18)",10,1113.2022079647318,338.8290605660389,880.9555574717011,0.3043733278121324,17.293247695004975,61.15668529312014,21.55006701187487,0.33297785314719275,30.308809280395508,167,
R111,GLS,5,"(0.85, 1.0, 1.18)",10,1146.7195004520695,345.1793403228819,897.4662848394929,0.3010146249251036,14.174394046294754,60.86303632882914,24.96256962487609,0.3128609753065122,30.807026863098145,150,
R111,IGLS,1,"(0.85, 1.0, 1.18)",10,1145.0675081745258,350.8255794778162,912.146506642322,0.3063798221269108,14.410106528354767,60.97758482200926,24.612308649635914,0.3318499717170223,30.6991183757782,185,
R111,IGLS,3,"(0.85, 1.0, 1.18)",11,1117.9080100120832,317.61536062028244,825.7999376127344,0.2841158286510975,30.078662403891943,63.30009558491965,6.621242011188412,0.31404007560623304,30.749897956848145,200,
R111,IGLS,4,"(0.85, 1.0, 1.18)",11,1082.5472297932652,313.3125156272938,814.612540630964,0.2894215670268052,28.71228607133275,54.99059176564763,16.297122163019658,0.3075561659670229,30.4787278175354,206,
R111,IGLS,5,"(0.85, 1.0, 1.18)",11,1116.3241420630693,317.1665567705092,824.6330476033239,0.28411690191018923,28.390380475802246,60.585675230512365,11.023944293685322,0.30222210376481934,30.47103977203369,188,
R111,RGLS,1,"(0.85, 1.0, 1.18)",11,1168.6082964745306,326.0916858565259,847.8383832269674,0.279042761240257,31.249259315054854,57.03625535358409,11.714485331360983,0.2872706855723911,30.324045658111572,153,
R111,RGLS,2,"(0.85, 1.0, 1.18)",11,1161.9855765916425,328.6029889600899,854.3677712962337,0.2827943785016284,29.53711132852575,52.6297502111407,17.83313846033353,0.2889645190538422,30.386157274246216,142,
R111,RGLS,3,"(0.85, 1.0, 1.18)",11,1164.902482033547,330.37617577769123,858.9780570219972,0.2836084400824352,23.440165707462192,62.49027768571612,14.069556606821656,0.28832963562858266,30.508208751678467,158,
R111,RGLS,4,"(0.85, 1.0, 1.18)",11,1120.7143342860954,313.8790019132936,816.0854049745634,0.2800704803273862,27.821432345451125,64.15362507894231,8.024942575606607,0.2928853619230071,30.302917003631592,148,
R111,RGLS,5,"(0.85, 1.0, 1.18)",11,1103.7417509187283,314.5422558471933,817.8098652027027,0.28497812607466905,24.98747774798692,65.521565591166,9.490956660847033,0.30340923253057595,30.51202416419983,159,
R111,HGLS,1,"(0.85, 1.0, 1.18)",11,1114.119141298925,323.1510165369882,840.1926429961694,0.29005068179713184,26.804369880357722,54.688579279558404,18.507050840083853,0.3034602301853566,30.53929376602173,143,
R111,HGLS,2,"(0.85, 1.0, 1.18)",11,1154.5370283757395,331.14189718160367,860.9689326721696,0.28681790972739146,28.230893005427237,53.97692344201483,17.792183552557916,0.2996043260240622,30.880395650863647,142,
R111,HGLS,3,"(0.85, 1.0, 1.18)",11,1114.7537815268277,318.6549803092173,828.5029488039651,0.28585234299252166,27.226504110449017,56.84687211317275,15.926623776378193,0.3015160277778151,30.44222593307495,156,
R111,HGLS,5,"(0.85, 1.0, 1.18)",11,1119.2216500877585,318.6472632624935,828.4828844824831,0.2847043418410538,23.52028962024531,65.03159916923488,11.448111210519762,0.29994185126552253,30.41763973236084,154,
R111,HGLS,4,"(0.85, 1.0, 1.18)",11,1163.6183084544618,333.69681751571295,867.6117255408537,0.2867751522051375,28.707899294828792,62.12442087255514,9.167679832616063,0.31087379755031397,30.548259258270264,128,
R111,ALNS,1,"(0.85, 1.0, 1.18)",11,1124.5587947757335,324.2378366843094,843.0183753792045,0.28832448618124135,20.389478535528557,64.33873646621514,15.27178499825628,0.29793787838273006,30.87078833580017,85,
R111,ALNS,2,"(0.85, 1.0, 1.18)",11,1189.4264363356142,342.23916989497013,889.8218417269223,0.2877346252277197,22.527919693482726,63.37051168365337,14.101568622863818,0.3004364915223435,30.709713220596313,93,
R111,ALNS,3,"(0.85, 1.0, 1.18)",10,1262.073407482633,404.9591784053905,1052.8938638540153,0.32086816504052124,7.418567017826913,52.66042832480074,39.92100465737238,0.34201577217529905,30.348109006881714,87,
R111,ALNS,4,"(0.85, 1.0, 1.18)",11,1119.517134727487,324.29132473657035,843.1574443150829,0.2896707113067183,21.91282056930941,61.59137086538162,16.49580856530899,0.30295400430158415,30.598142862319946,83,
R111,ALNS,5,"(0.85, 1.0, 1.18)",11,1146.6915280758114,321.7353698470852,836.5119616024216,0.28057708805694975,24.20604307629299,67.7568618357351,8.037095087971858,0.2897639470823493,30.563450574874878,87,
R112,GLS,1,"(0.85, 1.0, 1.18)",10,1039.8024078648975,303.9859975613382,790.3635936594793,0.29234977267030465,16.063447003135067,75.09752393033196,8.839029066532943,0.3183620681461125,30.389331579208374,134,
R112,GLS,2,"(0.85, 1.0, 1.18)",10,1024.1789620992286,299.13825590555905,777.7594653544536,0.29207615756178434,27.411297195803808,53.2495285045475,19.3391742996487,0.3188179635223206,30.69057846069336,107,
R112,GLS,3,"(0.85, 1.0, 1.18)",9,1005.8619833941605,315.34412893950764,819.8947352427199,0.31350635986402103,8.484910490561012,62.89555116245924,28.619538346979745,0.3468548522006949,30.848780870437622,139,
R112,GLS,4,"(0.85, 1.0, 1.18)",10,1019.468100169852,295.2053208026476,767.5338340868838,0.2895679823169198,28.863443906406484,61.167772394587246,9.968783699006277,0.3295843771340124,31.272809267044067,135,
R112,IGLS,1,"(0.85, 1.0, 1.18)",10,1019.2576425368032,287.7382355138159,748.1194123359213,0.28230176895968306,29.31095791832673,64.51643157997762,6.172610501695665,0.31453817891412106,30.827393293380737,156,
R112,GLS,5,"(0.85, 1.0, 1.18)",10,1061.7637961552,303.83721791493616,789.976766578834,0.286162721892736,20.983086776414098,67.78892258604829,11.227990637537584,0.30519086965576314,31.306984424591064,120,
R112,IGLS,2,"(0.85, 1.0, 1.18)",9,1005.1474718638614,316.5870092610434,823.1262240787129,0.31496573201740335,9.221157260398682,61.85915219680139,28.91969054279994,0.3516844683761517,31.55816388130188,175,
R112,IGLS,3,"(0.85, 1.0, 1.18)",10,1048.4680546093273,307.032275778188,798.2839170232888,0.29283894194810944,19.529660044464993,68.86788886838018,11.602451087154835,0.32324191859371776,30.50343894958496,174,
R112,IGLS,4,"(0.85, 1.0, 1.18)",10,1050.3994129008422,301.7528099533273,784.557305878651,0.28727435130603296,19.195385045348036,70.19985489491955,10.604760059732385,0.3076027351662942,30.458361625671387,147,
R112,IGLS,5,"(0.85, 1.0, 1.18)",10,1048.3217582325578,305.0684769500077,793.1780400700201,0.29100652977416486,21.63320327259552,59.14734280627015,19.21945392113431,0.30558603081989183,31.1456139087677,162,
R112,RGLS,1,"(0.85, 1.0, 1.18)",9,1134.626674856619,386.6534148983892,1005.298878735812,0.3407758899615594,3.698929204048276,53.16747516440614,43.133595631545596,0.3915480448193176,30.88983726501465,102,
R112,RGLS,2,"(0.85, 1.0, 1.18)",10,1051.4917681928514,307.0217166557845,798.2564633050397,0.2919868000331073,19.26240951683007,67.45539355369765,13.282196929472299,0.31548099148454506,30.74165678024292,106,
R112,RGLS,3,"(0.85, 1.0, 1.18)",10,1046.5121399933555,311.31057893507295,809.4075052311897,0.2974744076423705,24.246670705508354,58.38698371598719,17.366345578504415,0.33115981087475405,30.66915011405945,114,
R112,RGLS,4,"(0.85, 1.0, 1.18)",9,1105.1722563370852,365.32471319088853,949.8442542963102,0.3305590699514103,7.836680374239341,41.43350524834986,50.72981437741081,0.3559778951872652,30.84475827217102,111,
R112,RGLS,5,"(0.85, 1.0, 1.18)",10,1081.1214701265678,311.32113949903186,809.4349626974829,0.28796129584086905,17.81420276846643,65.38525419611612,16.80054303541743,0.29781036319733994,31.254311561584473,109,
R112,HGLS,1,"(0.85, 1.0, 1.18)",10,1062.2885837947128,309.2818305849609,804.1327595208984,0.291146714087939,15.63495446792192,72.72632448887836,11.63872104319971,0.30879716719727035,30.861469507217407,109,
R112,HGLS,2,"(0.85, 1.0, 1.18)",10,1061.4069118532334,303.853391053962,790.0188167403013,0.28627417784893555,14.276434371711828,74.34607664003161,11.377488988256587,0.2947474299669644,30.639548778533936,106,
R112,HGLS,3,"(0.85, 1.0, 1.18)",10,1083.449646547385,313.83007126359973,815.9581852853594,0.28965819709635604,18.699788985824668,74.18314411532023,7.117066898855058,0.31946105153085375,30.536848306655884,127,
R112,HGLS,4,"(0.85, 1.0, 1.18)",9,1030.1456745655794,326.23688107769476,848.2158908020064,0.3166900460124452,7.102992877765882,69.18672891596817,23.710278206265993,0.36544708816025784,30.323486804962158,126,
R112,HGLS,5,"(0.85, 1.0, 1.18)",10,1072.682585210502,319.3818384804365,830.3927800491349,0.2977412357428748,26.718067330273247,47.96212154550791,25.319811124218827,0.3219782716207347,30.720235109329224,135,
R112,ALNS,1,"(0.85, 1.0, 1.18)",10,1043.064582149529,300.91469726094664,782.3782128784613,0.2884909548369737,23.550805828606286,63.27094697390236,13.1782471974914,0.31220820725082243,30.52067995071411,63,
R112,ALNS,2,"(0.85, 1.0, 1.18)",10,1117.7260317756968,329.5356280438046,856.792632913892,0.29482683473004695,17.004529750959417,54.02361511205082,28.971855136989692,0.2978542902361598,30.675220251083374,61,
R112,ALNS,3,"(0.85, 1.0, 1.18)",10,1117.2300419484302,338.90573606381736,881.1549137659251,0.30334463211602464,15.1040292031719,63.60959430723608,21.286376489591998,0.3254047379257606,30.669218063354492,66,
R112,ALNS,4,"(0.85, 1.0, 1.18)",10,1095.9072148550254,322.1674472911356,837.6353629569526,0.29397328799751926,21.43881853487697,57.56468183552293,20.996499629600045,0.31665703905867887,31.247687578201294,73,
R112,ALNS,5,"(0.85, 1.0, 1.18)",10,1071.3092387765294,308.9718217604137,803.3267365770757,0.2884058221258969,14.157606171051336,81.00824549343709,4.83414833551153,0.30937356951,30.826027154922485,61,
R201,GLS,1,"(0.85, 1.0, 1.18)",4,1775.02198184817,437.58966699489093,1137.7331341867164,0.2465263368396533,30.557972206248817,51.45093803038574,17.991089763365398,0.16517625781323533,31.14855694770813,49,
R201,GLS,2,"(0.85, 1.0, 1.18)",4,1857.9284040243392,478.88634736521345,1245.104503149555,0.25775285330044395,14.094012355231623,65.59045689493587,20.315530749832504,0.17517634359987527,32.438581466674805,22,
R201,GLS,3,"(0.85, 1.0, 1.18)",4,1692.115976447626,406.6004471303687,1057.1611625389587,0.24029112235201078,37.210338664964326,54.58205230650226,8.207609028533415,0.16705191874865027,31.13928723335266,49,
R201,GLS,4,"(0.85, 1.0, 1.18)",4,1909.2879523464644,509.29300407876815,1324.1618106047972,0.2667449943592115,23.397416320601863,39.300985838190726,37.30159784120744,0.18840859260576054,31.156527280807495,12,
R201,GLS,5,"(0.85, 1.0, 1.18)",4,1683.3953541126648,425.9122753684751,1107.3719159580353,0.2530078714592734,26.117601960905258,54.89060972237095,18.991788316723795,0.1791835632637219,30.990757942199707,39,
R201,IGLS,1,"(0.85, 1.0, 1.18)",4,1851.6548765791954,529.0259779114311,1375.467542569721,0.28570441749316167,10.730324604149102,40.776413752644636,48.493261643206246,0.2182551038087038,31.737020254135132,24,
R201,IGLS,4,"(0.85, 1.0, 1.18)",4,1917.1295809125645,526.1723995242706,1368.0482387631037,0.27445844285278287,16.67499038083081,47.0966206029568,36.22838901621239,0.20735376695128777,31.460392951965332,18,
R201,IGLS,3,"(0.85, 1.0, 1.18)",4,1901.955754927882,543.0460473017391,1411.9197229845217,0.2855198108025022,13.324549168720056,39.97298451182627,46.702466319453656,0.22045167473729818,32.97188186645508,14,
R201,IGLS,5,"(0.85, 1.0, 1.18)",4,1910.3151368316364,545.9408606951102,1419.4462378072867,0.2857857586788447,14.638780858849348,35.376301935181,49.984917205969644,0.218679895308031,32.34109330177307,21,
R201,IGLS,2,"(0.85, 1.0, 1.18)",4,1778.2501068360395,489.70850471832415,1273.2421122676428,0.27538786745225646,15.848967440902475,51.77802988463674,32.37300267446078,0.21382318233980166,34.6142144203186,21,
R201,RGLS,2,"(0.85, 1.0, 1.18)",4,1737.5459067681043,418.99456151085144,1089.3858599282137,0.2411415778304217,41.18255172401929,48.10962215789827,10.70782611808242,0.16940340881335733,31.2282395362854,35,
R201,RGLS,1,"(0.85, 1.0, 1.18)",4,1849.1199244862257,481.27067266715653,1251.303748934607,0.260270124340841,23.118736857876556,47.442742481409674,29.438520660713724,0.1818944402791889,32.32387614250183,26,
R201,RGLS,3,"(0.85, 1.0, 1.18)",4,1846.0345421038774,483.0748319340417,1255.9945630285085,0.2616824446759777,12.288434386409126,65.38854548723644,22.32302012635445,0.18519873353755825,31.52632164955139,28,
R201,RGLS,4,"(0.85, 1.0, 1.18)",4,1736.9689185484908,442.41751089818433,1150.2855283352792,0.25470663647101605,25.339084557169706,48.34898702641416,26.31192841641614,0.17177124405220623,31.769031286239624,30,
R201,RGLS,5,"(0.85, 1.0, 1.18)",4,1743.204205816429,425.3948205848394,1106.0265335205825,0.24403040054943298,28.86179228283547,65.10703856414904,6.031169153015451,0.17119197255680116,31.316189527511597,54,
R201,HGLS,1,"(0.85, 1.0, 1.18)",4,1760.95394818179,436.45999639506897,1134.7959906271794,0.24785429331966352,24.490433251895986,62.263009996264564,13.246556751839416,0.16657212818856673,31.807733297348022,56,
R201,HGLS,2,"(0.85, 1.0, 1.18)",4,1733.6671350638621,437.9465828605389,1138.6611154374011,0.2526128424557154,25.83612378708603,57.34203609408396,16.821840118830014,0.17766051257332127,31.712793111801147,22,
R201,HGLS,3,"(0.85, 1.0, 1.18)",4,1788.735275529174,463.6694942426436,1205.5406850308734,0.2592163863406076,24.740378841177733,49.637342827860984,25.622278330961283,0.18899552464984948,32.781755685806274,32,
R201,HGLS,4,"(0.85, 1.0, 1.18)",4,1876.8975026279584,511.0587551637039,1328.75276342563,0.272289112457201,13.666290618300295,49.274354909259955,37.059354472439736,0.19935356346385197,31.24629259109497,12,
R201,HGLS,5,"(0.85, 1.0, 1.18)",4,1704.4238043728099,441.6927880718864,1148.4012489869046,0.25914493035047675,29.713276251742315,43.59692417156383,26.689799576693876,0.18827321496856447,31.131782054901123,29,
R201,ALNS,1,"(0.85, 1.0, 1.18)",4,1639.634749195635,404.39572889196796,1051.4288951191168,0.24663769116283651,40.15459334494455,47.36481740518945,12.480589249865996,0.18220921316691582,31.073448181152344,9,
R201,ALNS,2,"(0.85, 1.0, 1.18)",4,1620.5486994831754,393.17595494952525,1022.2574828687657,0.242619030872023,46.5917355787117,44.35961335599003,9.048651065298257,0.18081726982880866,31.051305294036865,9,
R201,ALNS,3,"(0.85, 1.0, 1.18)",4,1631.0837231758717,399.15067754725715,1037.7917616228685,0.24471501485532188,45.98924154252329,43.55406758468065,10.456690872796129,0.18568470407280552,30.973126888275146,9,
R201,ALNS,4,"(0.85, 1.0, 1.18)",4,1746.3626438344381,443.5798140466759,1153.3075165213575,0.2540021201282229,23.59977439550265,54.581133457996536,21.81909214650082,0.17418094567773515,31.828129291534424,6,
R201,ALNS,5,"(0.85, 1.0, 1.18)",4,1684.8649348086692,398.6713642367994,1036.5455470156785,0.23661918293888162,46.27236184502308,51.014416618977656,2.7132215359992444,0.17145798511753432,30.96399474143982,10,
R202,GLS,2,"(0.85, 1.0, 1.18)",3,1585.5035046713451,457.9641963091887,1190.7069104038908,0.288844644593907,19.300920568156634,50.50291434042464,30.19616509141871,0.2657502551966988,31.511210441589355,4,
R202,GLS,3,"(0.85, 1.0, 1.18)",4,1761.3826258653937,486.8098826379663,1265.7056948587124,0.27637940529746585,20.666932897860136,51.463286698921465,27.869780403218417,0.23341656591699625,32.06088829040527,20,
R202,GLS,1,"(0.85, 1.0, 1.18)",4,1585.3976470627722,476.49146976218157,1238.8778213816722,0.3005501305271682,14.694193765777825,34.84907911989498,50.45672711432719,0.2600504579152296,39.61311149597168,0,
R202,GLS,4,"(0.85, 1.0, 1.18)",4,1823.7491974923319,545.3988059470794,1418.0368954624064,0.29905362354484194,13.623222910384204,33.624152064266355,52.75262502534944,0.2532328740648518,35.338658809661865,0,
R202,GLS,5,"(0.85, 1.0, 1.18)",3,1708.1107877712468,527.4785319002352,1371.4441829406117,0.3088081497269228,5.839016659386213,40.076577582637775,54.084405757976,0.27640509358055143,35.85787105560303,0,
R202,IGLS,2,"(0.85, 1.0, 1.18)",3,1520.6924566804428,442.30147020814763,1149.9838225411838,0.2908553062554532,19.633404036984594,49.81505075719752,30.55154520581786,0.26947697494812217,30.680891036987305,8,
R202,IGLS,3,"(0.85, 1.0, 1.18)",3,1693.4885073000437,495.04868769116615,1287.126587997032,0.2923247991097562,11.524179159505776,42.94809716069595,45.52772367979823,0.24011279138586197,34.07496690750122,19,
R202,IGLS,1,"(0.85, 1.0, 1.18)",4,1585.3976470627722,476.49146976218157,1238.8778213816722,0.3005501305271682,14.694193765777825,34.84907911989498,50.45672711432719,0.2600504579152296,39.27598237991333,0,
R202,IGLS,4,"(0.85, 1.0, 1.18)",4,1823.7491974923319,545.3988059470794,1418.0368954624064,0.29905362354484194,13.623222910384204,33.624152064266355,52.75262502534944,0.2532328740648518,34.84700894355774,0,
R202,RGLS,3,"(0.85, 1.0, 1.18)",4,1850.6842755695068,509.8418311826443,1325.5887610748753,0.27548828177391405,15.8842329730079,53.487834756740945,30.62793227025116,0.21503910994778316,31.61616539955139,21,
R202,RGLS,2,"(0.85, 1.0, 1.18)",3,1576.955340649914,459.4163264100264,1194.4824486660686,0.2913312219867217,23.5200330830699,39.138055376063406,37.34191154086662,0.2640859950033152,34.082605838775635,7,
R202,IGLS,5,"(0.85, 1.0, 1.18)",3,1708.1107877712468,527.4785319002352,1371.4441829406117,0.3088081497269228,5.839016659386213,40.076577582637775,54.084405757976,0.27640509358055143,35.6259982585907,0,
R202,RGLS,4,"(0.85, 1.0, 1.18)",4,1823.7491974923319,545.3988059470794,1418.0368954624064,0.29905362354484194,13.623222910384204,33.624152064266355,52.75262502534944,0.2532328740648518,35.322141885757446,0,
R202,RGLS,1,"(0.85, 1.0, 1.18)",4,1585.3976470627722,476.49146976218157,1238.8778213816722,0.3005501305271682,14.694193765777825,34.84907911989498,50.45672711432719,0.2600504579152296,38.88209319114685,0,
R202,RGLS,5,"(0.85, 1.0, 1.18)",3,1708.1107877712468,527.4785319002352,1371.4441829406117,0.3088081497269228,5.839016659386213,40.076577582637775,54.084405757976,0.27640509358055143,35.747495889663696,0,
R202,HGLS,2,"(0.85, 1.0, 1.18)",3,1581.7980922682727,459.996804408971,1195.9916914633247,0.2908062708239476,16.99373806157941,48.36980914254537,34.63645279587518,0.26318090344019296,31.596133708953857,9,
R202,HGLS,3,"(0.85, 1.0, 1.18)",4,1797.5521133417626,499.9570695869715,1299.888380926126,0.27813216978589833,12.127949048376086,55.56887226306076,32.303178688563165,0.22235025425307964,32.02704644203186,28,
R202,HGLS,1,"(0.85, 1.0, 1.18)",4,1585.3976470627722,476.49146976218157,1238.8778213816722,0.3005501305271682,14.694193765777825,34.84907911989498,50.45672711432719,0.2600504579152296,38.81089806556702,0,
R202,HGLS,4,"(0.85, 1.0, 1.18)",4,1823.7491974923319,545.3988059470794,1418.0368954624064,0.29905362354484194,13.623222910384204,33.624152064266355,52.75262502534944,0.2532328740648518,35.53860926628113,0,
R202,HGLS,5,"(0.85, 1.0, 1.18)",3,1708.1107877712468,527.4785319002352,1371.4441829406117,0.3088081497269228,5.839016659386213,40.076577582637775,54.084405757976,0.27640509358055143,35.57439208030701,0,
R202,ALNS,2,"(0.85, 1.0, 1.18)",3,1548.8320078408835,454.09672489325396,1180.6514847224603,0.2931865577379679,14.420671429638318,53.07131777316767,32.50801079719397,0.26895443007206016,32.84760665893555,1,
R202,ALNS,3,"(0.85, 1.0, 1.18)",4,1758.1271358907998,435.9180644295249,1133.3869675167648,0.24794456301287673,44.65177581271814,46.49014679736277,8.85807738991911,0.19849946814111918,31.443466901779175,2,
R202,ALNS,1,"(0.85, 1.0, 1.18)",4,1585.3976470627722,476.49146976218157,1238.8778213816722,0.3005501305271682,14.694193765777825,34.84907911989498,50.45672711432719,0.2600504579152296,39.21266746520996,0,
R202,ALNS,4,"(0.85, 1.0, 1.18)",4,1823.7491974923319,545.3988059470794,1418.0368954624064,0.29905362354484194,13.623222910384204,33.624152064266355,52.75262502534944,0.2532328740648518,35.38267159461975,0,
R202,ALNS,5,"(0.85, 1.0, 1.18)",3,1708.1107877712468,527.4785319002352,1371.4441829406117,0.3088081497269228,5.839016659386213,40.076577582637775,54.084405757976,0.27640509358055143,35.602060317993164,0,
R203,GLS,3,"(0.85, 1.0, 1.18)",3,1485.2461891650808,500.07536690330994,1300.1959539486058,0.3366952701520973,5.3483137311381,33.94960051768994,60.702085751171964,0.3487115211666714,37.144845485687256,0,
R203,GLS,5,"(0.85, 1.0, 1.18)",3,1458.0123116368272,458.71420796310167,1192.6569407040645,0.31461614164844015,6.429640224785876,35.703264057640965,57.867095717573136,0.28674019567011805,37.029693841934204,0,
R203,GLS,4,"(0.85, 1.0, 1.18)",3,1428.5287965863263,439.2486237190499,1142.0464216695298,0.30748321263715317,5.777993458067335,34.79116287341027,59.4308436685224,0.2560564732437356,43.837507486343384,0,
R203,GLS,1,"(0.85, 1.0, 1.18)",3,1466.897199218288,467.33078369819003,1215.060037615294,0.31858454971979727,10.193811749519366,31.935220861422714,57.870967389057924,0.302558400388018,52.16573786735535,0,
R203,IGLS,3,"(0.85, 1.0, 1.18)",3,1485.2461891650808,500.07536690330994,1300.1959539486058,0.3366952701520973,5.3483137311381,33.94960051768994,60.702085751171964,0.3487115211666714,37.1101713180542,0,
R203,GLS,2,"(0.85, 1.0, 1.18)",3,1444.8325823397606,453.56623124748796,1179.2722012434688,0.3139230363375272,14.588411143401608,29.628003500089697,55.78358535650865,0.29696558853040556,56.152432680130005,0,
R203,IGLS,1,"(0.85, 1.0, 1.18)",3,1466.897199218288,467.33078369819003,1215.060037615294,0.31858454971979727,10.193811749519366,31.935220861422714,57.870967389057924,0.302558400388018,52.00526022911072,0,
R203,IGLS,5,"(0.85, 1.0, 1.18)",3,1458.0123116368272,458.71420796310167,1192.6569407040645,0.31461614164844015,6.429640224785876,35.703264057640965,57.867095717573136,0.28674019567011805,37.012824296951294,0,
R203,IGLS,4,"(0.85, 1.0, 1.18)",3,1428.5287965863263,439.2486237190499,1142.0464216695298,0.30748321263715317,5.777993458067335,34.79116287341027,59.4308436685224,0.2560564732437356,44.14657759666443,0,
R203,IGLS,2,"(0.85, 1.0, 1.18)",3,1444.8325823397606,453.56623124748796,1179.2722012434688,0.3139230363375272,14.588411143401608,29.628003500089697,55.78358535650865,0.29696558853040556,56.24462652206421,0,
R203,RGLS,3,"(0.85, 1.0, 1.18)",3,1485.2461891650808,500.07536690330994,1300.1959539486058,0.3366952701520973,5.3483137311381,33.94960051768994,60.702085751171964,0.3487115211666714,37.26269221305847,0,
R203,RGLS,5,"(0.85, 1.0, 1.18)",3,1458.0123116368272,458.71420796310167,1192.6569407040645,0.31461614164844015,6.429640224785876,35.703264057640965,57.867095717573136,0.28674019567011805,37.36035227775574,0,
R203,RGLS,4,"(0.85, 1.0, 1.18)",3,1428.5287965863263,439.2486237190499,1142.0464216695298,0.30748321263715317,5.777993458067335,34.79116287341027,59.4308436685224,0.2560564732437356,44.39398908615112,0,
R203,RGLS,1,"(0.85, 1.0, 1.18)",3,1466.897199218288,467.33078369819003,1215.060037615294,0.31858454971979727,10.193811749519366,31.935220861422714,57.870967389057924,0.302558400388018,52.41630697250366,0,
R203,RGLS,2,"(0.85, 1.0, 1.18)",3,1444.8325823397606,453.56623124748796,1179.2722012434688,0.3139230363375272,14.588411143401608,29.628003500089697,55.78358535650865,0.29696558853040556,56.22659468650818,0,
R203,HGLS,3,"(0.85, 1.0, 1.18)",3,1485.2461891650808,500.07536690330994,1300.1959539486058,0.3366952701520973,5.3483137311381,33.94960051768994,60.702085751171964,0.3487115211666714,37.61985540390015,0,
R203,HGLS,5,"(0.85, 1.0, 1.18)",3,1458.0123116368272,458.71420796310167,1192.6569407040645,0.31461614164844015,6.429640224785876,35.703264057640965,57.867095717573136,0.28674019567011805,37.00008511543274,0,
R203,HGLS,1,"(0.85, 1.0, 1.18)",3,1466.897199218288,467.33078369819003,1215.060037615294,0.31858454971979727,10.193811749519366,31.935220861422714,57.870967389057924,0.302558400388018,52.23513436317444,0,
R203,HGLS,4,"(0.85, 1.0, 1.18)",3,1428.5287965863263,439.2486237190499,1142.0464216695298,0.30748321263715317,5.777993458067335,34.79116287341027,59.4308436685224,0.2560564732437356,44.421306848526,0,
R203,ALNS,3,"(0.85, 1.0, 1.18)",3,1485.2461891650808,500.07536690330994,1300.1959539486058,0.3366952701520973,5.3483137311381,33.94960051768994,60.702085751171964,0.3487115211666714,37.32857632637024,0,
R203,HGLS,2,"(0.85, 1.0, 1.18)",3,1444.8325823397606,453.56623124748796,1179.2722012434688,0.3139230363375272,14.588411143401608,29.628003500089697,55.78358535650865,0.29696558853040556,56.126323223114014,0,
R203,ALNS,5,"(0.85, 1.0, 1.18)",3,1458.0123116368272,458.71420796310167,1192.6569407040645,0.31461614164844015,6.429640224785876,35.703264057640965,57.867095717573136,0.28674019567011805,36.95672583580017,0,
R203,ALNS,4,"(0.85, 1.0, 1.18)",3,1428.5287965863263,439.2486237190499,1142.0464216695298,0.30748321263715317,5.777993458067335,34.79116287341027,59.4308436685224,0.2560564732437356,44.24708271026611,0,
R203,ALNS,1,"(0.85, 1.0, 1.18)",3,1466.897199218288,467.33078369819003,1215.060037615294,0.31858454971979727,10.193811749519366,31.935220861422714,57.870967389057924,0.302558400388018,52.58617806434631,0,
R203,ALNS,2,"(0.85, 1.0, 1.18)",3,1444.8325823397606,453.56623124748796,1179.2722012434688,0.3139230363375272,14.588411143401608,29.628003500089697,55.78358535650865,0.29696558853040556,56.1345853805542,0,
R204,GLS,4,"(0.85, 1.0, 1.18)",3,1190.8452940468655,377.24033927184234,980.8248821067901,0.31678366716289524,2.0749405279351563,27.923562773355822,70.001496698709,0.27114235700148975,78.26391053199768,0,
R204,GLS,2,"(0.85, 1.0, 1.18)",2,1070.6316957113422,361.8185140342074,940.7281364889393,0.33794862928451813,9.15860066547076,28.456807019129926,62.384592315399296,0.3541805592918994,86.57951927185059,0,
R204,GLS,1,"(0.85, 1.0, 1.18)",3,1163.2874819109466,353.36989996584146,918.7617399111878,0.3037683336756589,12.933072781642483,20.99844014795469,66.06848707040287,0.2466199198074993,87.95156121253967,0,
R204,GLS,3,"(0.85, 1.0, 1.18)",2,1132.2018607873872,394.0569543907387,1024.5480814159207,0.34804478603903083,0.0,28.16390175907474,71.83609824092527,0.358568206158296,99.94491505622864,0,
R204,GLS,5,"(0.85, 1.0, 1.18)",3,1080.9850184363368,339.85126941811995,883.6133004871119,0.314390360293541,19.487041875342193,28.87004177946367,51.6429163451941,0.3080432980517588,93.15907740592957,0,
R204,IGLS,1,"(0.85, 1.0, 1.18)",3,1163.2874819109466,353.36989996584146,918.7617399111878,0.3037683336756589,12.933072781642483,20.99844014795469,66.06848707040287,0.2466199198074993,87.25343990325928,0,
R204,IGLS,4,"(0.85, 1.0, 1.18)",3,1190.8452940468655,377.24033927184234,980.8248821067901,0.31678366716289524,2.0749405279351563,27.923562773355822,70.001496698709,0.27114235700148975,78.62800884246826,0,
R204,IGLS,2,"(0.85, 1.0, 1.18)",2,1070.6316957113422,361.8185140342074,940.7281364889393,0.33794862928451813,9.15860066547076,28.456807019129926,62.384592315399296,0.3541805592918994,85.94640755653381,0,
R204,RGLS,1,"(0.85, 1.0, 1.18)",3,1163.2874819109466,353.36989996584146,918.7617399111878,0.3037683336756589,12.933072781642483,20.99844014795469,66.06848707040287,0.2466199198074993,87.85988473892212,0,
R204,IGLS,5,"(0.85, 1.0, 1.18)",3,1080.9850184363368,339.85126941811995,883.6133004871119,0.314390360293541,19.487041875342193,28.87004177946367,51.6429163451941,0.3080432980517588,93.64493417739868,0,
R204,RGLS,4,"(0.85, 1.0, 1.18)",3,1190.8452940468655,377.24033927184234,980.8248821067901,0.31678366716289524,2.0749405279351563,27.923562773355822,70.001496698709,0.27114235700148975,79.41579961776733,0,
R204,IGLS,3,"(0.85, 1.0, 1.18)",2,1132.2018607873872,394.0569543907387,1024.5480814159207,0.34804478603903083,0.0,28.16390175907474,71.83609824092527,0.358568206158296,99.78031086921692,0,
R204,RGLS,2,"(0.85, 1.0, 1.18)",2,1070.6316957113422,361.8185140342074,940.7281364889393,0.33794862928451813,9.15860066547076,28.456807019129926,62.384592315399296,0.3541805592918994,86.74402475357056,0,
R204,RGLS,3,"(0.85, 1.0, 1.18)",2,1132.2018607873872,394.0569543907387,1024.5480814159207,0.34804478603903083,0.0,28.16390175907474,71.83609824092527,0.358568206158296,99.82441329956055,0,
R205,GLS,1,"(0.85, 1.0, 1.18)",3,1558.3561747584272,441.0932370706667,1146.8424163837335,0.2830503348434089,23.441239464585994,34.35830753890258,42.2004529965114,0.23242155238766513,32.24122333526611,0,
R205,GLS,2,"(0.85, 1.0, 1.18)",3,1560.197456278914,452.6442270069282,1176.8749902180134,0.2901198339897881,15.993651887285814,40.011162653786315,43.99518545892787,0.24219022774494234,37.02530765533447,0,
R205,GLS,3,"(0.85, 1.0, 1.18)",3,1521.6071823888767,450.0135284583032,1170.0351739915884,0.29574881984441986,8.468127675000355,44.02163651814772,47.5102358068519,0.24744620437213197,31.264702320098877,0,
R204,HGLS,2,"(0.85, 1.0, 1.18)",2,1070.6316957113422,361.8185140342074,940.7281364889393,0.33794862928451813,9.15860066547076,28.456807019129926,62.384592315399296,0.3541805592918994,86.78654670715332,0,
R204,HGLS,1,"(0.85, 1.0, 1.18)",3,1163.2874819109466,353.36989996584146,918.7617399111878,0.3037683336756589,12.933072781642483,20.99844014795469,66.06848707040287,0.2466199198074993,87.89697337150574,0,
R204,RGLS,5,"(0.85, 1.0, 1.18)",3,1080.9850184363368,339.85126941811995,883.6133004871119,0.314390360293541,19.487041875342193,28.87004177946367,51.6429163451941,0.3080432980517588,93.32171964645386,0,
R204,HGLS,4,"(0.85, 1.0, 1.18)",3,1190.8452940468655,377.24033927184234,980.8248821067901,0.31678366716289524,2.0749405279351563,27.923562773355822,70.001496698709,0.27114235700148975,79.3731017112732,0,
R205,GLS,4,"(0.85, 1.0, 1.18)",3,1468.5998017047946,439.3951406458267,1142.4273656791495,0.2991932452501789,9.084617346732959,33.08402779599144,57.83135485727557,0.24559297602628036,36.03115177154541,0,
R205,GLS,5,"(0.85, 1.0, 1.18)",3,1378.5845121535885,411.6670059457045,1070.3342154588317,0.29861571946910176,9.745927590496851,40.07560891216277,50.17846349734036,0.2558596049771862,30.838685512542725,5,
R204,ALNS,2,"(0.85, 1.0, 1.18)",2,1070.6316957113422,361.8185140342074,940.7281364889393,0.33794862928451813,9.15860066547076,28.456807019129926,62.384592315399296,0.3541805592918994,86.58247780799866,0,
R204,ALNS,1,"(0.85, 1.0, 1.18)",3,1163.2874819109466,353.36989996584146,918.7617399111878,0.3037683336756589,12.933072781642483,20.99844014795469,66.06848707040287,0.2466199198074993,87.49362277984619,0,
R204,HGLS,5,"(0.85, 1.0, 1.18)",3,1080.9850184363368,339.85126941811995,883.6133004871119,0.314390360293541,19.487041875342193,28.87004177946367,51.6429163451941,0.3080432980517588,93.13469552993774,0,
R204,ALNS,4,"(0.85, 1.0, 1.18)",3,1190.8452940468655,377.24033927184234,980.8248821067901,0.31678366716289524,2.0749405279351563,27.923562773355822,70.001496698709,0.27114235700148975,78.81173801422119,0,
R205,IGLS,1,"(0.85, 1.0, 1.18)",3,1558.3561747584272,441.0932370706667,1146.8424163837335,0.2830503348434089,23.441239464585994,34.35830753890258,42.2004529965114,0.23242155238766513,32.09631562232971,0,
R204,HGLS,3,"(0.85, 1.0, 1.18)",2,1132.2018607873872,394.0569543907387,1024.5480814159207,0.34804478603903083,0.0,28.16390175907474,71.83609824092527,0.358568206158296,99.26437091827393,0,
R205,IGLS,3,"(0.85, 1.0, 1.18)",3,1521.6071823888767,450.0135284583032,1170.0351739915884,0.29574881984441986,8.468127675000355,44.02163651814772,47.5102358068519,0.24744620437213197,31.205659866333008,0,
R205,IGLS,2,"(0.85, 1.0, 1.18)",3,1560.197456278914,452.6442270069282,1176.8749902180134,0.2901198339897881,15.993651887285814,40.011162653786315,43.99518545892787,0.24219022774494234,37.376891136169434,0,
R204,ALNS,5,"(0.85, 1.0, 1.18)",3,1080.9850184363368,339.85126941811995,883.6133004871119,0.314390360293541,19.487041875342193,28.87004177946367,51.6429163451941,0.3080432980517588,92.51022553443909,0,
R205,IGLS,5,"(0.85, 1.0, 1.18)",3,1367.6603598757101,403.04764235371175,1047.9238701196507,0.2946986358443114,16.408279107967985,40.04964095634648,43.542079935685486,0.2605086885118935,30.899422883987427,13,
R205,IGLS,4,"(0.85, 1.0, 1.18)",3,1468.5998017047946,439.3951406458267,1142.4273656791495,0.2991932452501789,9.084617346732959,33.08402779599144,57.83135485727557,0.24559297602628036,36.44682192802429,0,
R204,ALNS,3,"(0.85, 1.0, 1.18)",2,1132.2018607873872,394.0569543907387,1024.5480814159207,0.34804478603903083,0.0,28.16390175907474,71.83609824092527,0.358568206158296,99.8050217628479,0,
R205,RGLS,1,"(0.85, 1.0, 1.18)",3,1558.3561747584272,441.0932370706667,1146.8424163837335,0.2830503348434089,23.441239464585994,34.35830753890258,42.2004529965114,0.23242155238766513,32.01103973388672,0,
R205,RGLS,3,"(0.85, 1.0, 1.18)",3,1521.6071823888767,450.0135284583032,1170.0351739915884,0.29574881984441986,8.468127675000355,44.02163651814772,47.5102358068519,0.24744620437213197,31.476914405822754,0,
R205,RGLS,2,"(0.85, 1.0, 1.18)",3,1560.197456278914,452.6442270069282,1176.8749902180134,0.2901198339897881,15.993651887285814,40.011162653786315,43.99518545892787,0.24219022774494234,37.42569303512573,0,
R205,RGLS,5,"(0.85, 1.0, 1.18)",3,1429.229751905208,442.2702954200116,1149.9027680920303,0.3094466056492677,9.400577349386442,29.07946660842947,61.519956042184084,0.26733247199595933,30.666189193725586,0,
R205,RGLS,4,"(0.85, 1.0, 1.18)",3,1468.5998017047946,439.3951406458267,1142.4273656791495,0.2991932452501789,9.084617346732959,33.08402779599144,57.83135485727557,0.24559297602628036,37.3334481716156,0,
R205,HGLS,1,"(0.85, 1.0, 1.18)",3,1558.3561747584272,441.0932370706667,1146.8424163837335,0.2830503348434089,23.441239464585994,34.35830753890258,42.2004529965114,0.23242155238766513,32.72413659095764,0,
R205,HGLS,3,"(0.85, 1.0, 1.18)",3,1521.6071823888767,450.0135284583032,1170.0351739915884,0.29574881984441986,8.468127675000355,44.02163651814772,47.5102358068519,0.24744620437213197,32.16657328605652,0,
R205,HGLS,2,"(0.85, 1.0, 1.18)",3,1560.197456278914,452.6442270069282,1176.8749902180134,0.2901198339897881,15.993651887285814,40.011162653786315,43.99518545892787,0.24219022774494234,38.241365909576416,0,
R205,HGLS,5,"(0.85, 1.0, 1.18)",3,1450.498347467641,437.07058111983486,1136.3835109115707,0.30132442541757903,9.939405433973217,38.28230455405089,51.77829001197589,0.2589969090162991,31.288946866989136,3,
R205,HGLS,4,"(0.85, 1.0, 1.18)",3,1468.5998017047946,439.3951406458267,1142.4273656791495,0.2991932452501789,9.084617346732959,33.08402779599144,57.83135485727557,0.24559297602628036,36.96848702430725,0,
R205,ALNS,1,"(0.85, 1.0, 1.18)",3,1558.3561747584272,441.0932370706667,1146.8424163837335,0.2830503348434089,23.441239464585994,34.35830753890258,42.2004529965114,0.23242155238766513,32.789612770080566,0,
R205,ALNS,3,"(0.85, 1.0, 1.18)",3,1521.6071823888767,450.0135284583032,1170.0351739915884,0.29574881984441986,8.468127675000355,44.02163651814772,47.5102358068519,0.24744620437213197,31.71241307258606,0,
R205,ALNS,2,"(0.85, 1.0, 1.18)",3,1560.197456278914,452.6442270069282,1176.8749902180134,0.2901198339897881,15.993651887285814,40.011162653786315,43.99518545892787,0.24219022774494234,37.41767144203186,0,
R205,ALNS,4,"(0.85, 1.0, 1.18)",3,1468.5998017047946,439.3951406458267,1142.4273656791495,0.2991932452501789,9.084617346732959,33.08402779599144,57.83135485727557,0.24559297602628036,36.726643085479736,0,
R205,ALNS,5,"(0.85, 1.0, 1.18)",3,1419.3940326044317,426.74677635587534,1109.541618525276,0.30065419929435805,11.355195958346565,40.37312015940191,48.27168388225149,0.2605283154326774,32.977970361709595,1,
R206,GLS,4,"(0.85, 1.0, 1.18)",3,1451.7768494724198,463.7717386363541,1205.8065204545208,0.3194511186790795,16.86423203707242,17.01706714877629,66.11870081415128,0.29681927838259214,38.73253154754639,0,
R206,GLS,1,"(0.85, 1.0, 1.18)",3,1423.2883383202727,466.0533840733378,1211.7387985906782,0.32744832619324465,9.34891974861679,14.35477147861353,76.29630877276969,0.2982552730385695,51.48925232887268,0,
R206,GLS,2,"(0.85, 1.0, 1.18)",3,1405.959535470793,430.7516029857973,1119.954167763073,0.3063755336611148,17.416173392778887,29.357313824008912,53.22651278321218,0.2748541387921408,47.29697775840759,0,
R206,GLS,3,"(0.85, 1.0, 1.18)",3,1473.8621127402776,456.7974495918604,1187.673368938837,0.3099322831106364,19.642583550020777,18.959423106764746,61.397993343214466,0.27964928904984354,48.784735441207886,0,
R206,IGLS,4,"(0.85, 1.0, 1.18)",3,1451.7768494724198,463.7717386363541,1205.8065204545208,0.3194511186790795,16.86423203707242,17.01706714877629,66.11870081415128,0.29681927838259214,38.34598517417908,0,
R206,IGLS,1,"(0.85, 1.0, 1.18)",3,1423.2883383202727,466.0533840733378,1211.7387985906782,0.32744832619324465,9.34891974861679,14.35477147861353,76.29630877276969,0.2982552730385695,51.489479780197144,0,
R206,IGLS,2,"(0.85, 1.0, 1.18)",3,1405.959535470793,430.7516029857973,1119.954167763073,0.3063755336611148,17.416173392778887,29.357313824008912,53.22651278321218,0.2748541387921408,47.47894358634949,0,
R206,GLS,5,"(0.85, 1.0, 1.18)",3,1314.3477199790068,418.41249268978373,1087.8724809934376,0.31834231256281764,18.927680223017088,19.34117153143227,61.731148245550635,0.30152690733846943,58.33854866027832,0,
R206,IGLS,3,"(0.85, 1.0, 1.18)",3,1473.8621127402776,456.7974495918604,1187.673368938837,0.3099322831106364,19.642583550020777,18.959423106764746,61.397993343214466,0.27964928904984354,48.59329700469971,0,
R206,RGLS,4,"(0.85, 1.0, 1.18)",3,1451.7768494724198,463.7717386363541,1205.8065204545208,0.3194511186790795,16.86423203707242,17.01706714877629,66.11870081415128,0.29681927838259214,38.770068883895874,0,
R206,RGLS,2,"(0.85, 1.0, 1.18)",3,1405.959535470793,430.7516029857973,1119.954167763073,0.3063755336611148,17.416173392778887,29.357313824008912,53.22651278321218,0.2748541387921408,47.17124128341675,0,
R206,RGLS,1,"(0.85, 1.0, 1.18)",3,1423.2883383202727,466.0533840733378,1211.7387985906782,0.32744832619324465,9.34891974861679,14.35477147861353,76.29630877276969,0.2982552730385695,51.68742918968201,0,
R206,RGLS,3,"(0.85, 1.0, 1.18)",3,1473.8621127402776,456.7974495918604,1187.673368938837,0.3099322831106364,19.642583550020777,18.959423106764746,61.397993343214466,0.27964928904984354,47.98128128051758,0,
R206,IGLS,5,"(0.85, 1.0, 1.18)",3,1314.3477199790068,418.41249268978373,1087.8724809934376,0.31834231256281764,18.927680223017088,19.34117153143227,61.731148245550635,0.30152690733846943,58.546600341796875,0,
R206,HGLS,4,"(0.85, 1.0, 1.18)",3,1451.7768494724198,463.7717386363541,1205.8065204545208,0.3194511186790795,16.86423203707242,17.01706714877629,66.11870081415128,0.29681927838259214,38.474658250808716,0,
R206,HGLS,2,"(0.85, 1.0, 1.18)",3,1405.959535470793,430.7516029857973,1119.954167763073,0.3063755336611148,17.416173392778887,29.357313824008912,53.22651278321218,0.2748541387921408,47.80736541748047,0,
R206,HGLS,3,"(0.85, 1.0, 1.18)",3,1473.8621127402776,456.7974495918604,1187.673368938837,0.3099322831106364,19.642583550020777,18.959423106764746,61.397993343214466,0.27964928904984354,50.880491971969604,0,
R206,HGLS,1,"(0.85, 1.0, 1.18)",3,1423.2883383202727,466.0533840733378,1211.7387985906782,0.32744832619324465,9.34891974861679,14.35477147861353,76.29630877276969,0.2982552730385695,54.46187782287598,0,
R206,RGLS,5,"(0.85, 1.0, 1.18)",3,1314.3477199790068,418.41249268978373,1087.8724809934376,0.31834231256281764,18.927680223017088,19.34117153143227,61.731148245550635,0.30152690733846943,61.88205552101135,0,
R206,ALNS,4,"(0.85, 1.0, 1.18)",3,1451.7768494724198,463.7717386363541,1205.8065204545208,0.3194511186790795,16.86423203707242,17.01706714877629,66.11870081415128,0.29681927838259214,48.468650579452515,0,
R206,ALNS,1,"(0.85, 1.0, 1.18)",3,1423.2883383202727,466.0533840733378,1211.7387985906782,0.32744832619324465,9.34891974861679,14.35477147861353,76.29630877276969,0.2982552730385695,65.67575168609619,0,
R206,ALNS,2,"(0.85, 1.0, 1.18)",3,1405.959535470793,430.7516029857973,1119.954167763073,0.3063755336611148,17.416173392778887,29.357313824008912,53.22651278321218,0.2748541387921408,61.71577048301697,0,
R206,ALNS,3,"(0.85, 1.0, 1.18)",3,1473.8621127402776,456.7974495918604,1187.673368938837,0.3099322831106364,19.642583550020777,18.959423106764746,61.397993343214466,0.27964928904984354,62.482078313827515,0,
R206,HGLS,5,"(0.85, 1.0, 1.18)",3,1314.3477199790068,418.41249268978373,1087.8724809934376,0.31834231256281764,18.927680223017088,19.34117153143227,61.731148245550635,0.30152690733846943,71.86517596244812,0,
R206,ALNS,5,"(0.85, 1.0, 1.18)",3,1314.3477199790068,418.41249268978373,1087.8724809934376,0.31834231256281764,18.927680223017088,19.34117153143227,61.731148245550635,0.30152690733846943,72.1200954914093,0,
R207,GLS,1,"(0.85, 1.0, 1.18)",3,1370.215402751894,442.3382802787869,1150.0795287248459,0.32282390008929235,16.052416009863606,15.05479955435858,68.89278443577783,0.29881023347656555,70.7841444015503,0,
R207,GLS,2,"(0.85, 1.0, 1.18)",3,1400.4566669715687,464.4491826463317,1207.5678748804623,0.3316412378904121,10.608719224765188,30.660290953689945,58.730989821544924,0.33766667482247964,80.39810585975647,0,
R207,GLS,3,"(0.85, 1.0, 1.18)",2,1343.4741612379455,491.4376633738244,1277.7379247719434,0.3657961407467552,0.0,8.116754155931174,91.88324584406882,0.37965466552707694,85.55351614952087,0,
R207,GLS,4,"(0.85, 1.0, 1.18)",3,1245.341901487342,395.6657115870605,1028.7308501263574,0.31771653319823845,11.907559770775341,37.67428901763546,50.41815121158916,0.3077405795643494,70.98535656929016,0,
R207,IGLS,1,"(0.85, 1.0, 1.18)",3,1370.215402751894,442.3382802787869,1150.0795287248459,0.32282390008929235,16.052416009863606,15.05479955435858,68.89278443577783,0.29881023347656555,68.47083568572998,0,
R207,IGLS,4,"(0.85, 1.0, 1.18)",3,1245.341901487342,395.6657115870605,1028.7308501263574,0.31771653319823845,11.907559770775341,37.67428901763546,50.41815121158916,0.3077405795643494,61.30830192565918,0,
R207,IGLS,2,"(0.85, 1.0, 1.18)",3,1400.4566669715687,464.4491826463317,1207.5678748804623,0.3316412378904121,10.608719224765188,30.660290953689945,58.730989821544924,0.33766667482247964,76.435786485672,0,
R207,GLS,5,"(0.85, 1.0, 1.18)",2,1156.1830305550518,407.3797031481905,1059.1872281852955,0.35234879978528894,3.0629936364391974,30.597890154649477,66.33911620891132,0.3803905395011399,83.58945107460022,0,
R207,RGLS,1,"(0.85, 1.0, 1.18)",3,1370.215402751894,442.3382802787869,1150.0795287248459,0.32282390008929235,16.052416009863606,15.05479955435858,68.89278443577783,0.29881023347656555,56.330251932144165,0,
R207,IGLS,3,"(0.85, 1.0, 1.18)",2,1343.4741612379455,491.4376633738244,1277.7379247719434,0.3657961407467552,0.0,8.116754155931174,91.88324584406882,0.37965466552707694,82.25796842575073,0,
R207,RGLS,2,"(0.85, 1.0, 1.18)",3,1400.4566669715687,464.4491826463317,1207.5678748804623,0.3316412378904121,10.608719224765188,30.660290953689945,58.730989821544924,0.33766667482247964,65.22375679016113,0,
R207,IGLS,5,"(0.85, 1.0, 1.18)",2,1156.1830305550518,407.3797031481905,1059.1872281852955,0.35234879978528894,3.0629936364391974,30.597890154649477,66.33911620891132,0.3803905395011399,68.79200911521912,0,
R207,RGLS,4,"(0.85, 1.0, 1.18)",3,1245.341901487342,395.6657115870605,1028.7308501263574,0.31771653319823845,11.907559770775341,37.67428901763546,50.41815121158916,0.3077405795643494,56.457022190093994,0,
R207,RGLS,3,"(0.85, 1.0, 1.18)",2,1343.4741612379455,491.4376633738244,1277.7379247719434,0.3657961407467552,0.0,8.116754155931174,91.88324584406882,0.37965466552707694,70.87181210517883,0,
R207,HGLS,1,"(0.85, 1.0, 1.18)",3,1370.215402751894,442.3382802787869,1150.0795287248459,0.32282390008929235,16.052416009863606,15.05479955435858,68.89278443577783,0.29881023347656555,56.56975984573364,0,
R207,RGLS,5,"(0.85, 1.0, 1.18)",2,1156.1830305550518,407.3797031481905,1059.1872281852955,0.35234879978528894,3.0629936364391974,30.597890154649477,66.33911620891132,0.3803905395011399,69.18153977394104,0,
R207,HGLS,4,"(0.85, 1.0, 1.18)",3,1245.341901487342,395.6657115870605,1028.7308501263574,0.31771653319823845,11.907559770775341,37.67428901763546,50.41815121158916,0.3077405795643494,56.23489737510681,0,
R207,HGLS,2,"(0.85, 1.0, 1.18)",3,1400.4566669715687,464.4491826463317,1207.5678748804623,0.3316412378904121,10.608719224765188,30.660290953689945,58.730989821544924,0.33766667482247964,65.79128313064575,0,
R207,HGLS,3,"(0.85, 1.0, 1.18)",2,1343.4741612379455,491.4376633738244,1277.7379247719434,0.3657961407467552,0.0,8.116754155931174,91.88324584406882,0.37965466552707694,71.21451306343079,0,
R207,ALNS,1,"(0.85, 1.0, 1.18)",3,1370.215402751894,442.3382802787869,1150.0795287248459,0.32282390008929235,16.052416009863606,15.05479955435858,68.89278443577783,0.29881023347656555,56.64607238769531,0,
R207,ALNS,4,"(0.85, 1.0, 1.18)",3,1245.341901487342,395.6657115870605,1028.7308501263574,0.31771653319823845,11.907559770775341,37.67428901763546,50.41815121158916,0.3077405795643494,56.430052757263184,0,
R207,HGLS,5,"(0.85, 1.0, 1.18)",2,1156.1830305550518,407.3797031481905,1059.1872281852955,0.35234879978528894,3.0629936364391974,30.597890154649477,66.33911620891132,0.3803905395011399,69.06040835380554,0,
R207,ALNS,2,"(0.85, 1.0, 1.18)",3,1400.4566669715687,464.4491826463317,1207.5678748804623,0.3316412378904121,10.608719224765188,30.660290953689945,58.730989821544924,0.33766667482247964,65.96114683151245,0,
R207,ALNS,3,"(0.85, 1.0, 1.18)",2,1343.4741612379455,491.4376633738244,1277.7379247719434,0.3657961407467552,0.0,8.116754155931174,91.88324584406882,0.37965466552707694,71.57408905029297,0,
R207,ALNS,5,"(0.85, 1.0, 1.18)",2,1156.1830305550518,407.3797031481905,1059.1872281852955,0.35234879978528894,3.0629936364391974,30.597890154649477,66.33911620891132,0.3803905395011399,69.22669172286987,0,
R208,GLS,1,"(0.85, 1.0, 1.18)",3,1116.164340971312,345.41906337171696,898.0895647664642,0.3094697175786187,28.922706933148007,9.722161223992597,61.35513184285935,0.2833555655016357,92.35234308242798,0,
R208,GLS,3,"(0.85, 1.0, 1.18)",2,905.1211586395805,304.4311055279311,791.5208743726208,0.33634293334330906,9.787107932713782,42.805062608711296,47.407829458574945,0.3674082879805152,116.82732129096985,0,
R208,IGLS,1,"(0.85, 1.0, 1.18)",3,1116.164340971312,345.41906337171696,898.0895647664642,0.3094697175786187,28.922706933148007,9.722161223992597,61.35513184285935,0.2833555655016357,92.50225949287415,0,
R208,GLS,2,"(0.85, 1.0, 1.18)",2,1053.6821946697617,370.4068101728444,963.0577064493955,0.3515356072700222,3.6638705171974064,32.05111179885091,64.28501768395166,0.3776858991229728,118.60486102104187,0,
R208,GLS,5,"(0.85, 1.0, 1.18)",2,1000.6890166197294,352.7847816920734,917.2404323993909,0.35254187448140517,3.8013340584086732,27.515672340888564,68.68299360070279,0.37310290525983075,108.88931131362915,0,
R208,GLS,4,"(0.85, 1.0, 1.18)",2,1016.7264375001243,359.07209777279456,933.5874542092658,0.35316490702815095,5.3600028964375355,27.90178455114853,66.73821255241393,0.37934090774538526,112.52034974098206,0,
R208,RGLS,1,"(0.85, 1.0, 1.18)",3,1116.164340971312,345.41906337171696,898.0895647664642,0.3094697175786187,28.922706933148007,9.722161223992597,61.35513184285935,0.2833555655016357,92.090904712677,0,
R208,IGLS,2,"(0.85, 1.0, 1.18)",2,1053.6821946697617,370.4068101728444,963.0577064493955,0.3515356072700222,3.6638705171974064,32.05111179885091,64.28501768395166,0.3776858991229728,118.12137866020203,0,
R208,IGLS,4,"(0.85, 1.0, 1.18)",2,1016.7264375001243,359.07209777279456,933.5874542092658,0.35316490702815095,5.3600028964375355,27.90178455114853,66.73821255241393,0.37934090774538526,112.11515498161316,0,
R208,IGLS,5,"(0.85, 1.0, 1.18)",2,1000.6890166197294,352.7847816920734,917.2404323993909,0.35254187448140517,3.8013340584086732,27.515672340888564,68.68299360070279,0.37310290525983075,107.76363468170166,0,
R208,IGLS,3,"(0.85, 1.0, 1.18)",2,905.1211586395805,304.4311055279311,791.5208743726208,0.33634293334330906,9.787107932713782,42.805062608711296,47.407829458574945,0.3674082879805152,115.56566047668457,0,
R208,RGLS,2,"(0.85, 1.0, 1.18)",2,1053.6821946697617,370.4068101728444,963.0577064493955,0.3515356072700222,3.6638705171974064,32.05111179885091,64.28501768395166,0.3776858991229728,118.35244727134705,0,
R208,RGLS,3,"(0.85, 1.0, 1.18)",2,905.1211586395805,304.4311055279311,791.5208743726208,0.33634293334330906,9.787107932713782,42.805062608711296,47.407829458574945,0.3674082879805152,115.83470964431763,0,
R208,RGLS,4,"(0.85, 1.0, 1.18)",2,1016.7264375001243,359.07209777279456,933.5874542092658,0.35316490702815095,5.3600028964375355,27.90178455114853,66.73821255241393,0.37934090774538526,112.04371309280396,0,
R208,RGLS,5,"(0.85, 1.0, 1.18)",2,1000.6890166197294,352.7847816920734,917.2404323993909,0.35254187448140517,3.8013340584086732,27.515672340888564,68.68299360070279,0.37310290525983075,109.41267490386963,0,
R208,HGLS,1,"(0.85, 1.0, 1.18)",3,1116.164340971312,345.41906337171696,898.0895647664642,0.3094697175786187,28.922706933148007,9.722161223992597,61.35513184285935,0.2833555655016357,94.5271782875061,0,
R209,GLS,1,"(0.85, 1.0, 1.18)",3,1291.0189961104431,398.9484833243576,1037.2660566433299,0.3090182906109839,6.088564951860725,25.124950691179308,68.78648435695993,0.2565771062990631,55.878190994262695,0,
R209,GLS,2,"(0.85, 1.0, 1.18)",3,1440.9871166700689,435.2710581198923,1131.70475111172,0.30206450362009224,16.773313109571983,16.057965933279636,67.16872095714838,0.24650956458252393,52.40366530418396,0,
R209,GLS,3,"(0.85, 1.0, 1.18)",3,1412.4240561051083,428.04562341565315,1112.9186208806982,0.3030574433828528,15.436727921494494,26.82366605044741,57.73960602805807,0.2572573631694714,50.178529262542725,0,
R208,ALNS,1,"(0.85, 1.0, 1.18)",3,1116.164340971312,345.41906337171696,898.0895647664642,0.3094697175786187,28.922706933148007,9.722161223992597,61.35513184285935,0.2833555655016357,96.80999231338501,0,
R208,HGLS,5,"(0.85, 1.0, 1.18)",2,1000.6890166197294,352.7847816920734,917.2404323993909,0.35254187448140517,3.8013340584086732,27.515672340888564,68.68299360070279,0.37310290525983075,113.14510679244995,0,
R208,HGLS,4,"(0.85, 1.0, 1.18)",2,1016.7264375001243,359.07209777279456,933.5874542092658,0.35316490702815095,5.3600028964375355,27.90178455114853,66.73821255241393,0.37934090774538526,117.10089373588562,0,
R208,HGLS,3,"(0.85, 1.0, 1.18)",2,905.1211586395805,304.4311055279311,791.5208743726208,0.33634293334330906,9.787107932713782,42.805062608711296,47.407829458574945,0.3674082879805152,121.81149482727051,0,
R208,HGLS,2,"(0.85, 1.0, 1.18)",2,1053.6821946697617,370.4068101728444,963.0577064493955,0.3515356072700222,3.6638705171974064,32.05111179885091,64.28501768395166,0.3776858991229728,122.6447069644928,0,
R209,GLS,4,"(0.85, 1.0, 1.18)",3,1375.1407388327718,419.2477623967592,1090.0441822315738,0.30487625779497984,9.332110550793242,35.159810206952926,55.5080792422538,0.26310249344261977,55.08784365653992,0,
R208,ALNS,4,"(0.85, 1.0, 1.18)",2,1016.7264375001243,359.07209777279456,933.5874542092658,0.35316490702815095,5.3600028964375355,27.90178455114853,66.73821255241393,0.37934090774538526,120.12283849716187,0,
R208,ALNS,5,"(0.85, 1.0, 1.18)",2,1000.6890166197294,352.7847816920734,917.2404323993909,0.35254187448140517,3.8013340584086732,27.515672340888564,68.68299360070279,0.37310290525983075,120.02897906303406,0,
R208,ALNS,3,"(0.85, 1.0, 1.18)",2,905.1211586395805,304.4311055279311,791.5208743726208,0.33634293334330906,9.787107932713782,42.805062608711296,47.407829458574945,0.3674082879805152,125.28059315681458,0,
R209,GLS,5,"(0.85, 1.0, 1.18)",3,1349.8211722795234,402.2212434794397,1045.7752330465432,0.2979811339010076,19.46620779617689,23.855692391187347,56.67809981263579,0.2490244971759153,62.03767514228821,0,
R208,ALNS,2,"(0.85, 1.0, 1.18)",2,1053.6821946697617,370.4068101728444,963.0577064493955,0.3515356072700222,3.6638705171974064,32.05111179885091,64.28501768395166,0.3776858991229728,126.64368796348572,0,
R209,IGLS,3,"(0.85, 1.0, 1.18)",3,1412.4240561051083,428.04562341565315,1112.9186208806982,0.3030574433828528,15.436727921494494,26.82366605044741,57.73960602805807,0.2572573631694714,50.31448316574097,0,
R209,IGLS,2,"(0.85, 1.0, 1.18)",3,1440.9871166700689,435.2710581198923,1131.70475111172,0.30206450362009224,16.773313109571983,16.057965933279636,67.16872095714838,0.24650956458252393,53.164177894592285,0,
R209,IGLS,1,"(0.85, 1.0, 1.18)",3,1291.0189961104431,398.9484833243576,1037.2660566433299,0.3090182906109839,6.088564951860725,25.124950691179308,68.78648435695993,0.2565771062990631,56.91863465309143,0,
R209,IGLS,4,"(0.85, 1.0, 1.18)",3,1375.1407388327718,419.2477623967592,1090.0441822315738,0.30487625779497984,9.332110550793242,35.159810206952926,55.5080792422538,0.26310249344261977,54.137813091278076,0,
R209,RGLS,3,"(0.85, 1.0, 1.18)",3,1412.4240561051083,428.04562341565315,1112.9186208806982,0.3030574433828528,15.436727921494494,26.82366605044741,57.73960602805807,0.2572573631694714,49.846712589263916,0,
R209,RGLS,2,"(0.85, 1.0, 1.18)",3,1440.9871166700689,435.2710581198923,1131.70475111172,0.30206450362009224,16.773313109571983,16.057965933279636,67.16872095714838,0.24650956458252393,52.518903493881226,0,
R209,RGLS,1,"(0.85, 1.0, 1.18)",3,1291.0189961104431,398.9484833243576,1037.2660566433299,0.3090182906109839,6.088564951860725,25.124950691179308,68.78648435695993,0.2565771062990631,56.18803095817566,0,
R209,IGLS,5,"(0.85, 1.0, 1.18)",3,1349.8211722795234,402.2212434794397,1045.7752330465432,0.2979811339010076,19.46620779617689,23.855692391187347,56.67809981263579,0.2490244971759153,61.03265929222107,0,
R209,RGLS,4,"(0.85, 1.0, 1.18)",3,1375.1407388327718,419.2477623967592,1090.0441822315738,0.30487625779497984,9.332110550793242,35.159810206952926,55.5080792422538,0.26310249344261977,52.89699077606201,0,
R209,HGLS,3,"(0.85, 1.0, 1.18)",3,1412.4240561051083,428.04562341565315,1112.9186208806982,0.3030574433828528,15.436727921494494,26.82366605044741,57.73960602805807,0.2572573631694714,48.27840518951416,0,
R209,HGLS,2,"(0.85, 1.0, 1.18)",3,1440.9871166700689,435.2710581198923,1131.70475111172,0.30206450362009224,16.773313109571983,16.057965933279636,67.16872095714838,0.24650956458252393,51.432260036468506,0,
R209,HGLS,1,"(0.85, 1.0, 1.18)",3,1291.0189961104431,398.9484833243576,1037.2660566433299,0.3090182906109839,6.088564951860725,25.124950691179308,68.78648435695993,0.2565771062990631,54.24137783050537,0,
R209,HGLS,4,"(0.85, 1.0, 1.18)",3,1375.1407388327718,419.2477623967592,1090.0441822315738,0.30487625779497984,9.332110550793242,35.159810206952926,55.5080792422538,0.26310249344261977,52.01032876968384,0,
R209,ALNS,2,"(0.85, 1.0, 1.18)",3,1440.9871166700689,435.2710581198923,1131.70475111172,0.30206450362009224,16.773313109571983,16.057965933279636,67.16872095714838,0.24650956458252393,51.43805265426636,0,
R209,RGLS,5,"(0.85, 1.0, 1.18)",3,1349.8211722795234,402.2212434794397,1045.7752330465432,0.2979811339010076,19.46620779617689,23.855692391187347,56.67809981263579,0.2490244971759153,58.820637702941895,0,
R209,ALNS,1,"(0.85, 1.0, 1.18)",3,1291.0189961104431,398.9484833243576,1037.2660566433299,0.3090182906109839,6.088564951860725,25.124950691179308,68.78648435695993,0.2565771062990631,54.17916393280029,0,
R209,HGLS,5,"(0.85, 1.0, 1.18)",3,1349.8211722795234,402.2212434794397,1045.7752330465432,0.2979811339010076,19.46620779617689,23.855692391187347,56.67809981263579,0.2490244971759153,59.39031386375427,0,
R209,ALNS,3,"(0.85, 1.0, 1.18)",3,1412.4240561051083,428.04562341565315,1112.9186208806982,0.3030574433828528,15.436727921494494,26.82366605044741,57.73960602805807,0.2572573631694714,48.46562695503235,0,
R210,GLS,1,"(0.85, 1.0, 1.18)",3,1435.7825067480758,449.8784963115959,1169.6840904101493,0.3133333176837013,8.376087963746434,26.315004484017233,65.30890755223633,0.2744732037569383,46.10828256607056,0,
R209,ALNS,4,"(0.85, 1.0, 1.18)",3,1375.1407388327718,419.2477623967592,1090.0441822315738,0.30487625779497984,9.332110550793242,35.159810206952926,55.5080792422538,0.26310249344261977,51.65658617019653,0,
R210,GLS,2,"(0.85, 1.0, 1.18)",3,1533.0385987040204,471.0809852085467,1224.8105615422214,0.30728579541753404,8.447863054246511,32.274236112600235,59.27790083315327,0.2602182801007278,45.96483516693115,0,
R209,ALNS,5,"(0.85, 1.0, 1.18)",3,1349.8211722795234,402.2212434794397,1045.7752330465432,0.2979811339010076,19.46620779617689,23.855692391187347,56.67809981263579,0.2490244971759153,58.427340030670166,0,
R210,GLS,3,"(0.85, 1.0, 1.18)",3,1572.1985136555215,485.3662370832314,1261.9522164164016,0.30871816304844707,6.422563726628796,22.221533564736344,71.35590270863484,0.25136780092382577,51.217421770095825,0,
R210,GLS,4,"(0.85, 1.0, 1.18)",3,1589.4255285648474,493.8553283240668,1284.0238536425738,0.31071309693256755,8.220895146362814,25.708043496401498,66.0710613572357,0.2647566194078989,44.33747315406799,0,
R210,IGLS,1,"(0.85, 1.0, 1.18)",3,1435.7825067480758,449.8784963115959,1169.6840904101493,0.3133333176837013,8.376087963746434,26.315004484017233,65.30890755223633,0.2744732037569383,43.63497471809387,0,
R210,IGLS,2,"(0.85, 1.0, 1.18)",3,1533.0385987040204,471.0809852085467,1224.8105615422214,0.30728579541753404,8.447863054246511,32.274236112600235,59.27790083315327,0.2602182801007278,44.10654306411743,0,
R210,IGLS,4,"(0.85, 1.0, 1.18)",3,1589.4255285648474,493.8553283240668,1284.0238536425738,0.31071309693256755,8.220895146362814,25.708043496401498,66.0710613572357,0.2647566194078989,43.141300678253174,0,
R210,GLS,5,"(0.85, 1.0, 1.18)",3,1557.4022112084358,480.05794041567026,1248.1506450807426,0.30824274998504,9.315668179618946,20.925693450685387,69.75863836969566,0.25493949001224137,48.728671073913574,0,
R210,RGLS,1,"(0.85, 1.0, 1.18)",3,1435.7825067480758,449.8784963115959,1169.6840904101493,0.3133333176837013,8.376087963746434,26.315004484017233,65.30890755223633,0.2744732037569383,41.67819118499756,0,
R210,IGLS,3,"(0.85, 1.0, 1.18)",3,1572.1985136555215,485.3662370832314,1261.9522164164016,0.30871816304844707,6.422563726628796,22.221533564736344,71.35590270863484,0.25136780092382577,47.185282945632935,0,
R210,IGLS,5,"(0.85, 1.0, 1.18)",3,1557.4022112084358,480.05794041567026,1248.1506450807426,0.30824274998504,9.315668179618946,20.925693450685387,69.75863836969566,0.25493949001224137,47.7410774230957,0,
R210,RGLS,2,"(0.85, 1.0, 1.18)",3,1533.0385987040204,471.0809852085467,1224.8105615422214,0.30728579541753404,8.447863054246511,32.274236112600235,59.27790083315327,0.2602182801007278,40.85157561302185,0,
R210,RGLS,4,"(0.85, 1.0, 1.18)",3,1589.4255285648474,493.8553283240668,1284.0238536425738,0.31071309693256755,8.220895146362814,25.708043496401498,66.0710613572357,0.2647566194078989,39.60908555984497,0,
R210,RGLS,3,"(0.85, 1.0, 1.18)",3,1572.1985136555215,485.3662370832314,1261.9522164164016,0.30871816304844707,6.422563726628796,22.221533564736344,71.35590270863484,0.25136780092382577,43.9016387462616,0,
R210,RGLS,5,"(0.85, 1.0, 1.18)",3,1557.4022112084358,480.05794041567026,1248.1506450807426,0.30824274998504,9.315668179618946,20.925693450685387,69.75863836969566,0.25493949001224137,43.96431612968445,0,
R210,HGLS,1,"(0.85, 1.0, 1.18)",3,1435.7825067480758,449.8784963115959,1169.6840904101493,0.3133333176837013,8.376087963746434,26.315004484017233,65.30890755223633,0.2744732037569383,37.17240357398987,0,
R210,HGLS,2,"(0.85, 1.0, 1.18)",3,1533.0385987040204,471.0809852085467,1224.8105615422214,0.30728579541753404,8.447863054246511,32.274236112600235,59.27790083315327,0.2602182801007278,36.57114601135254,0,
R210,HGLS,4,"(0.85, 1.0, 1.18)",3,1589.4255285648474,493.8553283240668,1284.0238536425738,0.31071309693256755,8.220895146362814,25.708043496401498,66.0710613572357,0.2647566194078989,35.75224256515503,0,
R210,HGLS,3,"(0.85, 1.0, 1.18)",3,1572.1985136555215,485.3662370832314,1261.9522164164016,0.30871816304844707,6.422563726628796,22.221533564736344,71.35590270863484,0.25136780092382577,40.24640965461731,0,
R210,ALNS,1,"(0.85, 1.0, 1.18)",3,1435.7825067480758,449.8784963115959,1169.6840904101493,0.3133333176837013,8.376087963746434,26.315004484017233,65.30890755223633,0.2744732037569383,35.711570501327515,0,
R210,ALNS,2,"(0.85, 1.0, 1.18)",3,1533.0385987040204,471.0809852085467,1224.8105615422214,0.30728579541753404,8.447863054246511,32.274236112600235,59.27790083315327,0.2602182801007278,36.30320620536804,0,
R210,HGLS,5,"(0.85, 1.0, 1.18)",3,1557.4022112084358,480.05794041567026,1248.1506450807426,0.30824274998504,9.315668179618946,20.925693450685387,69.75863836969566,0.25493949001224137,40.94134259223938,0,
R210,ALNS,4,"(0.85, 1.0, 1.18)",3,1589.4255285648474,493.8553283240668,1284.0238536425738,0.31071309693256755,8.220895146362814,25.708043496401498,66.0710613572357,0.2647566194078989,35.94144558906555,0,
R210,ALNS,3,"(0.85, 1.0, 1.18)",3,1572.1985136555215,485.3662370832314,1261.9522164164016,0.30871816304844707,6.422563726628796,22.221533564736344,71.35590270863484,0.25136780092382577,39.82838726043701,0,
R210,ALNS,5,"(0.85, 1.0, 1.18)",3,1557.4022112084358,480.05794041567026,1248.1506450807426,0.30824274998504,9.315668179618946,20.925693450685387,69.75863836969566,0.25493949001224137,40.84371280670166,0,
R211,GLS,1,"(0.85, 1.0, 1.18)",3,1230.1161145278973,401.2194181763315,1043.170487258462,0.3261638583852829,10.161330645616939,21.502677507203572,68.33599184717944,0.31128035042970054,57.468204736709595,0,
R211,GLS,4,"(0.85, 1.0, 1.18)",2,1207.7048821584985,412.6637606876729,1072.9257777879495,0.34169254988034,2.0766557110495674,21.77136234311944,76.151981945831,0.3393930478338581,48.09533619880676,0,
R211,GLS,3,"(0.85, 1.0, 1.18)",3,1192.336756336316,416.8778412705388,1083.882387303401,0.34963095707246006,8.342281365472342,6.78281430760704,84.8749043269206,0.3481509997539997,53.17769193649292,0,
R211,GLS,2,"(0.85, 1.0, 1.18)",3,1184.8007892122203,379.1623836913933,985.8221975976226,0.32002205530560135,12.72066339275597,20.162905271525137,67.1164313357189,0.28959178440243943,61.543808937072754,0,
R211,GLS,5,"(0.85, 1.0, 1.18)",3,1261.5960707705428,416.67877552397766,1083.364816362342,0.33027906885401404,4.70951828086824,37.213370125886975,58.077111593244766,0.3274605124810057,57.07887935638428,0,
R211,IGLS,1,"(0.85, 1.0, 1.18)",3,1230.1161145278973,401.2194181763315,1043.170487258462,0.3261638583852829,10.161330645616939,21.502677507203572,68.33599184717944,0.31128035042970054,58.211838483810425,0,
R211,IGLS,4,"(0.85, 1.0, 1.18)",2,1207.7048821584985,412.6637606876729,1072.9257777879495,0.34169254988034,2.0766557110495674,21.77136234311944,76.151981945831,0.3393930478338581,50.397464752197266,0,
R211,IGLS,3,"(0.85, 1.0, 1.18)",3,1192.336756336316,416.8778412705388,1083.882387303401,0.34963095707246006,8.342281365472342,6.78281430760704,84.8749043269206,0.3481509997539997,56.76319193840027,0,
R211,RGLS,4,"(0.85, 1.0, 1.18)",2,1207.7048821584985,412.6637606876729,1072.9257777879495,0.34169254988034,2.0766557110495674,21.77136234311944,76.151981945831,0.3393930478338581,51.374337911605835,0,
R211,IGLS,2,"(0.85, 1.0, 1.18)",3,1184.8007892122203,379.1623836913933,985.8221975976226,0.32002205530560135,12.72066339275597,20.162905271525137,67.1164313357189,0.28959178440243943,64.67006874084473,0,
R211,IGLS,5,"(0.85, 1.0, 1.18)",3,1261.5960707705428,416.67877552397766,1083.364816362342,0.33027906885401404,4.70951828086824,37.213370125886975,58.077111593244766,0.3274605124810057,60.687493324279785,0,
R211,RGLS,3,"(0.85, 1.0, 1.18)",3,1192.336756336316,416.8778412705388,1083.882387303401,0.34963095707246006,8.342281365472342,6.78281430760704,84.8749043269206,0.3481509997539997,56.80357813835144,0,
R211,RGLS,1,"(0.85, 1.0, 1.18)",3,1230.1161145278973,401.2194181763315,1043.170487258462,0.3261638583852829,10.161330645616939,21.502677507203572,68.33599184717944,0.31128035042970054,60.67963886260986,0,
R211,RGLS,2,"(0.85, 1.0, 1.18)",3,1184.8007892122203,379.1623836913933,985.8221975976226,0.32002205530560135,12.72066339275597,20.162905271525137,67.1164313357189,0.28959178440243943,65.31040000915527,0,
R211,RGLS,5,"(0.85, 1.0, 1.18)",3,1261.5960707705428,416.67877552397766,1083.364816362342,0.33027906885401404,4.70951828086824,37.213370125886975,58.077111593244766,0.3274605124810057,61.506362199783325,0,
R211,HGLS,4,"(0.85, 1.0, 1.18)",2,1207.7048821584985,412.6637606876729,1072.9257777879495,0.34169254988034,2.0766557110495674,21.77136234311944,76.151981945831,0.3393930478338581,51.553544759750366,0,
R211,HGLS,1,"(0.85, 1.0, 1.18)",3,1230.1161145278973,401.2194181763315,1043.170487258462,0.3261638583852829,10.161330645616939,21.502677507203572,68.33599184717944,0.31128035042970054,61.54633164405823,0,
R211,HGLS,3,"(0.85, 1.0, 1.18)",3,1192.336756336316,416.8778412705388,1083.882387303401,0.34963095707246006,8.342281365472342,6.78281430760704,84.8749043269206,0.3481509997539997,57.56061601638794,0,
RC101,GLS,1,"(0.85, 1.0, 1.18)",15,1666.9859397151272,462.3427948258484,1202.0912665472058,0.2773525461797588,37.82844676869813,54.72426597984318,7.447287251458678,0.2955090216051479,30.225433111190796,285,
RC101,GLS,2,"(0.85, 1.0, 1.18)",14,1730.0602989279953,505.01425494146895,1313.0370628478192,0.29190557996989647,22.92231016712258,61.87118911179789,15.20650072107952,0.30595175595716095,30.22955822944641,294,
R211,HGLS,2,"(0.85, 1.0, 1.18)",3,1184.8007892122203,379.1623836913933,985.8221975976226,0.32002205530560135,12.72066339275597,20.162905271525137,67.1164313357189,0.28959178440243943,65.4099485874176,0,
RC101,GLS,3,"(0.85, 1.0, 1.18)",15,1651.8493186350436,452.4777185881542,1176.442068329201,0.27392190890755436,42.51944988483452,48.06282083461215,9.417729280553354,0.28743706515446077,30.406440019607544,264,
R211,HGLS,5,"(0.85, 1.0, 1.18)",3,1261.5960707705428,416.67877552397766,1083.364816362342,0.33027906885401404,4.70951828086824,37.213370125886975,58.077111593244766,0.3274605124810057,60.36843919754028,0,
R211,ALNS,1,"(0.85, 1.0, 1.18)",3,1230.1161145278973,401.2194181763315,1043.170487258462,0.3261638583852829,10.161330645616939,21.502677507203572,68.33599184717944,0.31128035042970054,58.476242780685425,0,
R211,ALNS,4,"(0.85, 1.0, 1.18)",2,1207.7048821584985,412.6637606876729,1072.9257777879495,0.34169254988034,2.0766557110495674,21.77136234311944,76.151981945831,0.3393930478338581,48.70594811439514,0,
R211,ALNS,3,"(0.85, 1.0, 1.18)",3,1192.336756336316,416.8778412705388,1083.882387303401,0.34963095707246006,8.342281365472342,6.78281430760704,84.8749043269206,0.3481509997539997,53.560742139816284,0,
R211,ALNS,2,"(0.85, 1.0, 1.18)",3,1184.8007892122203,379.1623836913933,985.8221975976226,0.32002205530560135,12.72066339275597,20.162905271525137,67.1164313357189,0.28959178440243943,61.236189126968384,0,
RC101,GLS,4,"(0.85, 1.0, 1.18)",15,1687.7523026041142,460.9983890016679,1198.5958114043365,0.2731433921259484,39.93978044745147,54.00008841564398,6.06013113690451,0.28507040589673915,30.19473385810852,269,
R211,ALNS,5,"(0.85, 1.0, 1.18)",3,1261.5960707705428,416.67877552397766,1083.364816362342,0.33027906885401404,4.70951828086824,37.213370125886975,58.077111593244766,0.3274605124810057,57.180851221084595,0,
RC101,GLS,5,"(0.85, 1.0, 1.18)",15,1656.4043524537062,454.2156769858413,1180.9607601631874,0.27421787217172616,42.93567602394424,51.85524179184157,5.20908218421416,0.29216784172143595,30.194457292556763,289,
RC101,IGLS,1,"(0.85, 1.0, 1.18)",14,1673.6398352768038,489.485816539003,1272.663123001408,0.29246783341413884,27.586460266082533,47.967048899885064,24.446490834032424,0.30130624979341264,30.33701515197754,313,
RC101,IGLS,2,"(0.85, 1.0, 1.18)",15,1692.1287247807484,461.8982601523045,1200.9354763959916,0.2729687484101739,40.708542780572834,52.53865171620194,6.752805503225208,0.28496338199328974,30.269238233566284,319,
RC101,IGLS,3,"(0.85, 1.0, 1.18)",14,1669.8064383861665,485.20631512811,1261.536419333086,0.29057638297110167,33.54469308881241,46.0971944186892,20.358112492498382,0.30673653023192654,30.34200382232666,291,
RC101,IGLS,4,"(0.85, 1.0, 1.18)",14,1688.8748853382567,498.55284145585824,1296.2373877852315,0.295198209046732,22.932646404582623,52.34978928100533,24.71756431441205,0.30366986905112425,30.35849165916443,297,
RC101,IGLS,5,"(0.85, 1.0, 1.18)",15,1676.1801933162517,461.3708537670078,1199.5642197942204,0.275251345652883,34.971308456227206,59.15236519909394,5.876326344678872,0.2840384319058637,30.189057111740112,334,
RC101,RGLS,1,"(0.85, 1.0, 1.18)",15,1679.9232853635997,472.6555621132372,1228.9044614944166,0.28135544416299724,33.6629486248634,53.48483968455565,12.85221169058093,0.29427217005392114,30.238885164260864,287,
RC101,RGLS,2,"(0.85, 1.0, 1.18)",14,1686.9017959342207,488.7624683179127,1270.782417626573,0.2897397284749655,28.579064004466368,54.28840946341909,17.132526532114547,0.30500201943567895,30.264106273651123,274,
RC101,RGLS,3,"(0.85, 1.0, 1.18)",14,1650.0456881086632,469.49444359736987,1220.6855533531616,0.28453420834396403,33.54655829595671,55.55645442064373,10.896987283399556,0.3036201852004767,30.12977123260498,259,
RC101,RGLS,4,"(0.85, 1.0, 1.18)",14,1626.833784261476,469.48274760220846,1220.655143765742,0.28858679487980804,30.659289705702513,57.35652313631912,11.98418715797837,0.31290805131022237,30.170678853988647,258,
RC101,RGLS,5,"(0.85, 1.0, 1.18)",14,1646.1888391215014,481.9972068675213,1253.1927378555554,0.29279581747422245,25.897523717784075,57.284124371081234,16.818351911134684,0.3125831364448751,30.37861156463623,296,
RC101,HGLS,1,"(0.85, 1.0, 1.18)",14,1663.2898247764078,478.82229271252476,1244.9379610525643,0.2878766439738737,27.82266701154974,62.60719531709902,9.570137671351237,0.3123659123229095,30.21239447593689,295,
RC101,HGLS,2,"(0.85, 1.0, 1.18)",14,1647.7181135790559,475.23200077066383,1235.603202003726,0.2884182657544492,32.46597891265944,51.8595091886467,15.674511898693865,0.3076451492861837,30.126182794570923,296,
RC101,HGLS,3,"(0.85, 1.0, 1.18)",14,1670.508099283642,483.08056777288004,1256.0094762094882,0.28918181718486596,31.256298672143195,51.791196611786724,16.952504716070077,0.3088267649624275,30.27164387702942,270,
RC101,HGLS,4,"(0.85, 1.0, 1.18)",15,1684.0997310210478,457.2015993850078,1188.7241584010203,0.271481308953011,43.53071148600403,50.85885989539351,5.610428618602412,0.2856220683405247,30.328158617019653,297,
RC101,HGLS,5,"(0.85, 1.0, 1.18)",15,1679.7146760443436,454.64866863043665,1182.0865384391352,0.2706701769738149,40.28445082639645,55.480864523869585,4.234684649733988,0.28262251251293397,30.228981494903564,346,
RC101,ALNS,1,"(0.85, 1.0, 1.18)",15,1692.0000093093304,469.3663980027321,1220.3526348071036,0.2774033069859888,35.19938437723799,55.83287901100977,8.96773661175224,0.28765039858398583,30.190189123153687,157,
RC101,ALNS,2,"(0.85, 1.0, 1.18)",14,1698.0697632381173,497.3730893276723,1293.170032251948,0.2929049795805866,27.735835891779338,51.93029127174265,20.333872836477987,0.3097578806849732,30.48246693611145,161,
RC101,ALNS,3,"(0.85, 1.0, 1.18)",15,1688.1859826270388,471.13182519153577,1224.942745497993,0.2790757831423247,34.88772947455948,51.11403485511619,13.998235670324343,0.28351140113303797,30.525559663772583,163,
RC101,ALNS,4,"(0.85, 1.0, 1.18)",14,1690.8580018443708,490.28650711232643,1274.7449184920488,0.28996314686243724,29.543308889941695,54.22520637187497,16.231484738183326,0.30822969521419813,30.184919357299805,155,
RC101,ALNS,5,"(0.85, 1.0, 1.18)",15,1689.9262873012976,478.5081715625879,1244.1212460627287,0.2831532802100702,29.47736970767054,59.3654875994272,11.157142692902239,0.2980843816626957,30.204933881759644,170,
RC102,GLS,1,"(0.85, 1.0, 1.18)",13,1492.915748947897,425.065225354628,1105.1695859220329,0.28472150933780715,32.19226458977766,56.152310014579705,11.655425395642633,0.30665142232492837,30.4071626663208,274,
RC102,GLS,2,"(0.85, 1.0, 1.18)",12,1524.9184840708608,461.81825691907954,1200.7274679896068,0.30284783202720983,20.314058110444435,62.70716989310193,16.978771996453656,0.3362882233648324,30.14392614364624,243,
RC102,GLS,3,"(0.85, 1.0, 1.18)",13,1519.281443073747,434.08750663242813,1128.6275172443131,0.28571895524123586,34.76299793453079,58.00454953625243,7.2324525292167925,0.31710657710160817,30.391446590423584,274,
RC102,GLS,4,"(0.85, 1.0, 1.18)",13,1547.198881521301,448.8340058555516,1166.9684152244342,0.29009457750785755,31.117315453627835,57.700098542102744,11.182586004269394,0.3155518443578796,30.25885510444641,245,
RC102,GLS,5,"(0.85, 1.0, 1.18)",13,1528.6700577623353,431.61635385888763,1122.202520033108,0.2823476208402269,31.260880059964194,65.53145858616729,3.2076613538685343,0.31052703734575415,30.22010111808777,233,
RC102,IGLS,1,"(0.85, 1.0, 1.18)",13,1509.3093879394464,439.9913519523492,1143.977515076108,0.29151832981906933,27.98951633038644,62.87182935184026,9.138654317773307,0.3301394032453716,30.281412839889526,317,
RC102,IGLS,2,"(0.85, 1.0, 1.18)",13,1500.9555940867085,437.3465374718272,1137.1009974267508,0.2913787317858267,31.06981356282396,53.35656311214256,15.573623325033468,0.31719492260269067,30.273885488510132,306,
RC102,IGLS,3,"(0.85, 1.0, 1.18)",13,1535.7618296308494,442.6917276406317,1150.9984918656426,0.28825545673774255,30.88902401719744,58.84944266189887,10.261533320903752,0.3192063830266482,30.205158948898315,304,
RC102,IGLS,4,"(0.85, 1.0, 1.18)",12,1550.0651736910925,485.39323255624856,1262.0224046462463,0.31314375730434996,15.681525529199508,51.822495275627894,32.49597919517258,0.3370189628445066,30.346871614456177,286,
RC102,IGLS,5,"(0.85, 1.0, 1.18)",12,1466.5607217989561,446.2232567025701,1160.1804674266823,0.30426510820173236,17.599195371562274,65.19938195372576,17.201422674711953,0.34150762403471696,30.201485633850098,272,
RC102,RGLS,1,"(0.85, 1.0, 1.18)",13,1550.566144056625,450.9483544467254,1172.465721561486,0.2908281959948799,27.36545719524737,60.18570599224377,12.448836812508867,0.3173860680392976,30.221276998519897,263,
RC102,RGLS,2,"(0.85, 1.0, 1.18)",12,1515.4525923487697,456.03231200821193,1185.684011221351,0.30092152952235646,23.450397152977217,60.94261470175163,15.606988145271202,0.3440757325514066,30.354217767715454,232,
RC102,RGLS,3,"(0.85, 1.0, 1.18)",13,1528.7187773519436,443.71992346318063,1153.6718010042696,0.29025608243773593,24.224653512290974,61.985015507310386,13.790330980398636,0.30836553959024343,30.253718376159668,274,
RC102,RGLS,4,"(0.85, 1.0, 1.18)",13,1519.3574818348452,428.31030539390747,1113.6067940241594,0.28190225836559574,33.86223784676385,58.88071324356341,7.257048909672691,0.3067629646081876,30.274168729782104,244,
RC102,RGLS,5,"(0.85, 1.0, 1.18)",13,1469.4562124666588,425.2537136642901,1105.6596555271542,0.2893952947059584,23.928105183755143,68.75155389030887,7.320340925935942,0.3210726356806254,30.308023691177368,248,
RC102,HGLS,1,"(0.85, 1.0, 1.18)",13,1494.865106133183,431.87862550274895,1122.8844263071474,0.28890809192804273,23.2485089044937,71.42212104362355,5.329370051882772,0.3213105264677019,30.313305616378784,302,
RC102,HGLS,2,"(0.85, 1.0, 1.18)",12,1495.3671134788117,449.99995870695375,1169.9998926380797,0.3009294203749586,19.338992904088222,65.22820865537845,15.43279844053325,0.33485482552166074,30.30499267578125,259,
RC102,HGLS,3,"(0.85, 1.0, 1.18)",13,1545.2305273881761,442.2295659762962,1149.7968715383702,0.28619002675527916,28.642886206377735,59.9502278201997,11.406885973422543,0.3082369193548861,30.187374353408813,276,
RC102,HGLS,4,"(0.85, 1.0, 1.18)",13,1540.9702242853314,446.2790242738031,1160.325463111888,0.2896091158937076,22.24611944076201,64.0747167480354,13.67916381120259,0.30376910686855835,30.241305828094482,226,
RC102,HGLS,5,"(0.85, 1.0, 1.18)",13,1559.8140459524348,443.25082684230085,1152.4521497899823,0.2841690187317479,30.112279796175418,60.358333116876764,9.529387086947825,0.3068755490097139,30.37832260131836,258,
RC102,ALNS,1,"(0.85, 1.0, 1.18)",13,1550.2136789500696,442.7007518520113,1151.0219548152295,0.28557401980341457,28.71884559789024,59.23476572667986,12.046388675429897,0.3045146855012829,30.449636697769165,142,
RC102,ALNS,2,"(0.85, 1.0, 1.18)",13,1615.7252097950309,469.46738405010194,1220.6151985302652,0.2905614031420962,19.788325242758773,63.35745925149731,16.854215505743895,0.29814077064465794,30.317448377609253,145,
RC102,ALNS,3,"(0.85, 1.0, 1.18)",13,1554.377655716837,464.46933909844284,1207.6202816559514,0.2988137003836704,23.793991330262923,50.028315193509236,26.177693476227848,0.3153364916894753,30.577951431274414,145,
RC102,ALNS,4,"(0.85, 1.0, 1.18)",13,1621.2475971982703,478.03550721717113,1242.8923187646449,0.2948565709785967,23.06370227530299,58.14386378620442,18.79243393849254,0.30801693368736804,30.293957471847534,162,
RC102,ALNS,5,"(0.85, 1.0, 1.18)",13,1727.4973788353366,522.31153365658,1358.009987507108,0.30235156362941507,12.252518479555382,57.256562048272556,30.490919472172077,0.3043181477630547,30.349375247955322,146,
RC103,GLS,1,"(0.85, 1.0, 1.18)",11,1365.9674680803219,418.28371954097184,1087.5376708065269,0.30621792196033165,20.315769812437285,64.27920811390109,15.405022073661591,0.35900279631365406,30.20942258834839,190,
RC103,GLS,2,"(0.85, 1.0, 1.18)",11,1473.369979242837,468.0777083722612,1217.0020417678793,0.3176919001789393,16.80507123806836,63.0666387796485,20.128289982283142,0.37127522781790406,30.450206756591797,185,
RC103,GLS,3,"(0.85, 1.0, 1.18)",12,1406.7759354284224,405.58294551007873,1054.5156583262046,0.28830671274353414,29.04847329120746,64.22050854919628,6.731018159596317,0.32581637036306804,30.229098558425903,221,
RC103,GLS,4,"(0.85, 1.0, 1.18)",11,1324.890921070837,409.39576896063795,1064.4289992976587,0.30900337714575454,25.4953343102833,59.09445123914184,15.410214450574859,0.3673754906026068,30.33962082862854,204,
RC103,GLS,5,"(0.85, 1.0, 1.18)",11,1307.7655637630498,395.39779628837306,1028.03427034977,0.3023460834605781,23.438143005201262,67.68391700994499,8.877939984853729,0.3580145369139474,30.24157691001892,219,
RC103,IGLS,1,"(0.85, 1.0, 1.18)",11,1366.4610398599748,417.6668456486388,1085.933798686461,0.3056558756270419,23.844435154839104,60.04344295978017,16.11212188538068,0.3583566437174732,30.59355092048645,240,
RC103,IGLS,2,"(0.85, 1.0, 1.18)",11,1424.2445916064053,446.73600706406324,1161.5136183665645,0.3136652297623892,17.372471304187513,61.63018919748203,20.997339498330458,0.3652784466129574,30.427445650100708,271,
RC103,IGLS,3,"(0.85, 1.0, 1.18)",11,1347.238649737785,424.58022428263337,1103.9085831348468,0.315148488625434,14.14803527967104,61.86869252466707,23.983272195661893,0.3625214101802793,30.168701648712158,257,
RC103,IGLS,4,"(0.85, 1.0, 1.18)",11,1387.19006559135,435.1825255967544,1131.4745665515613,0.313715139973439,15.226533492977058,64.09149486012062,20.68197164690234,0.366759368941355,30.21237802505493,229,
RC103,IGLS,5,"(0.85, 1.0, 1.18)",11,1344.437755773327,418.0642354449242,1086.9670121568029,0.3109584163712002,17.99737319296856,64.81149109422185,17.19113571280951,0.36099614085102444,30.50895619392395,258,
RC103,RGLS,1,"(0.85, 1.0, 1.18)",11,1400.0705005032196,426.86653346335305,1109.852987004718,0.3048893132952425,17.88165645754957,68.69775624729307,13.42058729515734,0.35059178487077064,30.304610013961792,195,
RC103,RGLS,2,"(0.85, 1.0, 1.18)",11,1424.1410495636856,437.2698035953123,1136.901489347812,0.3070410783603764,17.168416754313018,66.60317336074463,16.228409884942337,0.3510032739106933,30.252375841140747,184,
RC103,RGLS,3,"(0.85, 1.0, 1.18)",11,1363.2731235574304,425.9509561763074,1107.4724860583992,0.31244726299950665,20.9426803127921,61.66443323412722,17.39288645308072,0.3712665829455239,30.328468799591064,214,
RC103,RGLS,5,"(0.85, 1.0, 1.18)",11,1305.3325979749711,399.3933370649124,1038.4226763687723,0.30597055316362404,21.603397316329136,67.6965310614571,10.700071622213736,0.3645279348347148,30.430424451828003,246,
RC103,RGLS,4,"(0.85, 1.0, 1.18)",11,1322.2934876353702,403.90502972207634,1050.1530772773986,0.30545792859070287,28.65824409192838,63.02923622915884,8.312519678912766,0.3802406416729385,30.618585109710693,217,
RC103,HGLS,1,"(0.85, 1.0, 1.18)",11,1304.8595969721189,391.1281567722735,1016.9332076079111,0.29974731203255334,23.382934245341904,68.04446857066759,8.572597183990473,0.3491442706291554,30.305220365524292,232,
RC103,HGLS,2,"(0.85, 1.0, 1.18)",11,1386.4191017931241,424.5952938765739,1103.9477640790922,0.3062532053456447,18.490873727870515,71.1640959246463,10.34503034748314,0.3605456382113609,30.47294783592224,217,
RC103,HGLS,3,"(0.85, 1.0, 1.18)",11,1356.473323707179,413.9922830095636,1076.3799358248655,0.30519751164596576,23.953123140379553,59.02307997901564,17.023796880604742,0.35292905720555745,30.428949117660522,239,
RC103,HGLS,4,"(0.85, 1.0, 1.18)",10,1299.015884379489,433.7581697233631,1127.771241280744,0.3339129066389821,8.32859149738364,62.304790307400864,29.366618195215494,0.4022692020353363,30.23393940925598,199,
RC103,HGLS,5,"(0.85, 1.0, 1.18)",11,1355.3241807529155,413.897594161022,1076.1337448186573,0.3053864160610577,22.744376259331958,63.216666449182966,14.038957291485051,0.3547137659447135,30.30230140686035,239,
RC103,ALNS,1,"(0.85, 1.0, 1.18)",11,1422.3861110546632,450.8596042081296,1172.2349709411371,0.31697413290532533,14.107583427437655,61.582018347704,24.31039822485834,0.36715183276086133,30.282827615737915,126,
RC103,ALNS,2,"(0.85, 1.0, 1.18)",11,1680.7275982170418,556.7413591780692,1447.52753386298,0.33125020364315694,4.434189149827151,52.0973531318903,43.46845771828254,0.3601887931072283,30.22094964981079,121,
RC103,ALNS,3,"(0.85, 1.0, 1.18)",11,1414.1109269279796,434.000124571939,1128.4003238870414,0.3069067046350902,15.529538605018079,61.4020723437285,23.068389051253416,0.3437200855338753,30.295532941818237,120,
RC103,ALNS,4,"(0.85, 1.0, 1.18)",11,1577.6203057460255,516.4893573090088,1342.872329003423,0.32738508462894766,11.921790893281774,49.02659682864836,39.05161227806987,0.3695675414039174,30.257468461990356,137,
RC103,ALNS,5,"(0.85, 1.0, 1.18)",11,1366.1111080648986,416.35191420760293,1082.5149769397676,0.3047716336904448,19.903631357436456,65.23156826449605,14.864800378067434,0.35088700926870314,30.315970182418823,120,
RC104,GLS,1,"(0.85, 1.0, 1.18)",10,1237.20619594037,380.17676930819897,988.4596002013174,0.3072865061261967,16.098678940269604,72.13813889007358,11.763182169656808,0.37355097724074615,30.431254148483276,145,
RC104,GLS,2,"(0.85, 1.0, 1.18)",10,1258.804764766808,385.43855036415147,1002.1402309467938,0.30619406690564405,20.81498747889181,57.38161263262291,21.803399888485252,0.3592412950282013,30.801854848861694,170,
RC104,GLS,4,"(0.85, 1.0, 1.18)",10,1252.3611592622033,387.1310652930959,1006.5407697620494,0.3091209452081413,16.728860078745395,62.99888153379755,20.272258387457054,0.3575552955244124,30.283931493759155,147,
RC104,GLS,3,"(0.85, 1.0, 1.18)",10,1314.4389751631102,404.85878557799964,1052.6328425027991,0.30800881077629355,11.072592729096344,77.04215897530983,11.885248295593811,0.36344955653811006,30.757962226867676,140,
RC104,GLS,5,"(0.85, 1.0, 1.18)",10,1236.9907860835042,388.0962421017189,1009.0502294644691,0.31374222546191227,16.02242910597265,61.778766468329884,22.198804425697467,0.37465359610662624,30.229469537734985,138,
RC104,IGLS,1,"(0.85, 1.0, 1.18)",10,1249.4947850273604,385.74312197159605,1002.9321171261498,0.3087192732566302,15.725453794627747,73.02814804828043,11.246398157091836,0.37455356577017845,30.390262365341187,196,
RC104,IGLS,2,"(0.85, 1.0, 1.18)",10,1249.780805048058,387.18965757086625,1006.6931096842522,0.30980605239490583,16.53674869229739,66.53916399330457,16.924087314398022,0.3685494688430724,30.512201070785522,223,
RC104,IGLS,3,"(0.85, 1.0, 1.18)",10,1275.0390187463004,399.5105245282341,1038.7273637734088,0.31333199898545716,16.525945213779696,70.98033964710007,12.493715139120196,0.3871213877353704,30.338751792907715,213,
RC104,IGLS,4,"(0.85, 1.0, 1.18)",10,1268.904645174599,393.44287426610185,1022.9514730918648,0.31006496489889107,14.266889896206708,61.14549398036878,24.5876161234245,0.3563977952301807,30.365723371505737,170,
RC104,IGLS,5,"(0.85, 1.0, 1.18)",10,1222.558676144081,366.8448175937574,953.7965257437693,0.30006315831872926,17.512056106627576,71.85223701497902,10.635706878393393,0.3491689083643453,30.211214780807495,203,
RC104,RGLS,1,"(0.85, 1.0, 1.18)",10,1276.5079574997244,387.8046653048987,1008.2921297927367,0.30380121253962683,15.788281075407006,69.72844617550905,14.483272749083941,0.3556930954275592,30.146810054779053,160,
RC104,RGLS,2,"(0.85, 1.0, 1.18)",10,1191.797807302319,368.52060803703745,958.1535808962974,0.30921403427582933,17.655231440765476,76.15821656892511,6.186551990309365,0.38410710244201013,30.326120138168335,169,
RC104,RGLS,3,"(0.85, 1.0, 1.18)",10,1296.8140813714895,399.55182352790547,1038.8347411725542,0.3081026257097285,15.075419575730482,67.33920631900914,17.585374105260343,0.36226300845268306,30.18217158317566,135,
RC104,RGLS,4,"(0.85, 1.0, 1.18)",10,1235.6891259556648,379.3747320430221,986.3743033118575,0.307014704648808,17.871328068648936,60.64267223095052,21.485999700400537,0.3552460174379612,30.62329936027527,140,
RC104,RGLS,5,"(0.85, 1.0, 1.18)",10,1242.434657226054,382.361882404986,994.1408942529636,0.30775210606139536,17.210587754249854,64.93283478806309,17.856577457687074,0.36016352428468934,30.267014980316162,134,
RC104,HGLS,1,"(0.85, 1.0, 1.18)",10,1287.060511334272,390.5654035168845,1015.4700491438997,0.30345535433450016,12.852154298669266,79.01378482310918,8.13406087822158,0.3597444329537453,30.418838024139404,150,
RC104,HGLS,2,"(0.85, 1.0, 1.18)",10,1270.7162115827662,391.63436153858623,1018.2493400003242,0.30819970499217775,16.94492427615416,59.65651145605123,23.398564267794608,0.35129800437774084,30.166483640670776,184,
RC104,HGLS,3,"(0.85, 1.0, 1.18)",10,1349.549486757088,422.2297812571876,1097.797431268688,0.3128672089467341,10.063381820245194,72.29893934805091,17.637678831703855,0.3660229430781579,30.162493228912354,142,
RC104,HGLS,4,"(0.85, 1.0, 1.18)",10,1191.037155732906,368.8294002217438,958.956440576534,0.309670775967341,16.72623946473583,67.3527861526558,15.9209743826084,0.3657681036778084,30.404067754745483,152,
RC104,HGLS,5,"(0.85, 1.0, 1.18)",10,1241.4340864091228,384.0574058069848,998.5492550981604,0.3093659260781858,18.149644771489477,58.95026050341999,22.900094725090483,0.35923635920174024,30.13976550102234,164,
RC104,ALNS,1,"(0.85, 1.0, 1.18)",10,1383.4281309275016,447.49083784443553,1163.4761783955323,0.32346518611300834,10.523748429444355,60.37546093438502,29.100790636170615,0.3809793351413959,30.2580144405365,99,
RC104,ALNS,2,"(0.85, 1.0, 1.18)",10,1408.060671022983,477.4442138937645,1241.3549561237878,0.3390792909135742,6.161974296058796,48.8075500131882,45.03047569075297,0.38299663452341526,30.420666933059692,107,
RC104,ALNS,3,"(0.85, 1.0, 1.18)",10,1327.3002420268297,420.46680609143414,1093.213695837729,0.3167834923689669,10.926926340749452,62.13313221782817,26.939941441422352,0.35915318897900633,30.31885290145874,113,
RC104,ALNS,4,"(0.85, 1.0, 1.18)",10,1371.1884882887039,438.0649259038595,1138.9688073500347,0.31947826986979844,11.489637009043811,56.45508895838902,32.05527403256716,0.36379126423450875,30.52725601196289,132,
RC104,ALNS,5,"(0.85, 1.0, 1.18)",10,1271.1641533210425,389.75687655681276,1013.3678790477132,0.30661411867108923,17.78450773049323,61.40304332517315,20.81244894433357,0.35024321980986295,30.302775621414185,105,
RC105,GLS,1,"(0.85, 1.0, 1.18)",14,1535.2960128625102,434.8052493003141,1130.4936481808165,0.28320613462001615,31.617955052565836,58.25336197876152,10.128682968672619,0.3046385787948252,30.29033327102661,255,
RC105,GLS,2,"(0.85, 1.0, 1.18)",13,1614.5312945681753,475.9813119271734,1237.551411010651,0.2948108305664524,25.416519947391354,59.41386558359195,15.169614469016668,0.3226985214982335,30.277562856674194,268,
RC105,GLS,3,"(0.85, 1.0, 1.18)",14,1583.1209547936435,445.9133197325968,1159.3746313047518,0.28166724619643524,31.647948319230505,55.6766661569818,12.67538552378765,0.29010476644471317,30.225587368011475,253,
RC105,GLS,4,"(0.85, 1.0, 1.18)",13,1584.6353280339913,461.65124153688083,1200.2932279958902,0.29132964119236027,23.028058176174145,65.88356284311068,11.088378980715097,0.31909161977658845,30.24755859375,239,
RC105,GLS,5,"(0.85, 1.0, 1.18)",13,1622.9885067114033,489.7294845198677,1273.296659751656,0.30174550373877074,19.820721459469873,61.68532868704938,18.49394985348077,0.3293620217710702,30.375399112701416,209,
RC105,IGLS,1,"(0.85, 1.0, 1.18)",13,1631.8790411086693,489.26441287315555,1272.0874734702045,0.29981659212974393,22.828854951883493,52.40203907948863,24.76910596862787,0.31645575818912397,30.218953609466553,277,
RC105,IGLS,2,"(0.85, 1.0, 1.18)",14,1564.7546111726085,439.18483740235206,1141.8805772461153,0.280673298079136,38.17143575425397,50.7688504108548,11.059713834891259,0.3039338232544635,30.150115966796875,294,
RC105,IGLS,3,"(0.85, 1.0, 1.18)",13,1563.0091771558248,459.8503084961734,1195.6108020900508,0.29420832277706355,26.33038402983246,53.213522391210574,20.45609357895692,0.31666333196794216,30.21505379676819,312,
RC105,IGLS,4,"(0.85, 1.0, 1.18)",13,1527.3306571762785,441.8684192019992,1148.857889925198,0.2893076342872102,24.073087548204832,61.29203503646044,14.634877415334662,0.30923842713814736,30.185701608657837,285,
RC105,IGLS,5,"(0.85, 1.0, 1.18)",13,1595.7087080173235,480.1646477140596,1248.428084056555,0.30090996264015296,16.444514557842552,63.54953671845815,20.005948723699312,0.3227972874762746,30.375504970550537,250,
RC105,RGLS,1,"(0.85, 1.0, 1.18)",14,1603.2848304598297,443.7292450341837,1153.6960370888776,0.2767625793022192,39.53663386591449,46.67546366151345,13.787902472572068,0.2905317802296638,30.431276321411133,242,
RC105,RGLS,2,"(0.85, 1.0, 1.18)",14,1681.318185814545,477.68844702896797,1241.9899622753167,0.28411543457941196,33.26085480626766,51.19580427361972,15.543340920112593,0.29745084507926567,30.40893864631653,254,
RC105,RGLS,3,"(0.85, 1.0, 1.18)",13,1494.5698284339378,434.51246738946844,1129.732415212618,0.2907274448626905,24.736616346244194,64.57391577288719,10.689467880868605,0.31569126041950507,30.371734380722046,278,
RC105,RGLS,4,"(0.85, 1.0, 1.18)",13,1499.3773835400582,439.54267314188814,1142.8109501689091,0.2931501288248857,20.862061050595052,65.25254319566804,13.885395753736876,0.31513749633112526,30.20979642868042,258,
RC105,RGLS,5,"(0.85, 1.0, 1.18)",13,1585.2155979878369,468.20741729703286,1217.3392849722854,0.29535882557006315,22.686508918978493,61.75978679235463,15.553704288666895,0.32091189370635204,30.2535183429718,228,
RC105,HGLS,1,"(0.85, 1.0, 1.18)",14,1622.6174983616297,455.3901890007395,1184.0144914019227,0.28065159500655623,27.83823383066735,60.91887227743698,11.242893891895658,0.28837473160531035,30.31213665008545,246,
RC105,HGLS,2,"(0.85, 1.0, 1.18)",13,1570.7101491578317,460.90989968823425,1198.3657391894092,0.29344045426545473,27.80709709888527,58.710467356536775,13.482435544577939,0.32260898796633936,30.228244066238403,260,
RC105,HGLS,3,"(0.85, 1.0, 1.18)",13,1510.5073491901635,448.30138774408374,1165.5836081346179,0.2967886174035724,23.68170566275263,62.50548074109332,13.812813596153987,0.33176489467634523,30.185924768447876,256,
RC105,HGLS,4,"(0.85, 1.0, 1.18)",13,1633.4014093049593,494.75989121724047,1286.3757171648253,0.3029015944266691,13.242903775960377,69.91332782208823,16.843768401951323,0.3316369619810013,30.350305557250977,278,
RC105,HGLS,5,"(0.85, 1.0, 1.18)",13,1518.4229689025472,438.20266264431325,1139.3269228752144,0.2885906441213991,26.605841003832314,62.91347318601881,10.480685810148879,0.31624000376855244,30.277124643325806,256,
RC105,ALNS,1,"(0.85, 1.0, 1.18)",14,1586.432139517311,446.08975622482944,1159.8333661845566,0.28119056914754453,29.83829070997965,58.37810737802619,11.783601911994117,0.2959906297631206,30.36982297897339,130,
RC105,ALNS,2,"(0.85, 1.0, 1.18)",14,1564.2716186935613,434.1105573748307,1128.6874491745598,0.2775160989863055,38.05780410694582,51.888551612978716,10.053644280075474,0.2968858637723656,30.255474090576172,141,
RC105,ALNS,3,"(0.85, 1.0, 1.18)",13,1585.2004914913875,469.424013524903,1220.5024351647478,0.2961291117713821,18.795833865836233,65.40368410588121,15.800482028282516,0.32040703585953934,30.14631223678589,138,
RC105,ALNS,4,"(0.85, 1.0, 1.18)",13,1569.5330584189214,465.4975304150193,1210.2935790790502,0.29658345067541364,17.85656357922021,64.60421127021337,17.53922515056641,0.3156775582738055,30.26086139678955,150,
RC105,ALNS,5,"(0.85, 1.0, 1.18)",13,1914.1845643126096,605.8909729859979,1575.3165297635946,0.3165269349058697,10.89376057260569,45.4406190972664,43.66562033012791,0.3214962449687922,30.414666652679443,146,
RC106,GLS,1,"(0.85, 1.0, 1.18)",12,1409.7569431375607,426.8589255740214,1109.8332064924557,0.30278902164794624,23.368588791434515,57.841821200545155,18.78959000802034,0.33899534884413496,30.30172562599182,192,
RC106,GLS,2,"(0.85, 1.0, 1.18)",12,1437.7487980871763,427.6836881333116,1111.9775891466102,0.2974676026175885,23.708703570848783,63.97157172567853,12.319724703472655,0.3383510507726681,30.160746812820435,228,
RC106,GLS,3,"(0.85, 1.0, 1.18)",12,1421.832613591807,427.6623037581973,1111.921989771313,0.3007824547489066,27.79124561091989,58.856744179327876,13.35201020975222,0.34744930618336867,30.180765390396118,208,
RC106,GLS,4,"(0.85, 1.0, 1.18)",12,1418.0008715810366,423.2655615468274,1100.4904600217515,0.298494570793103,27.752417620076102,58.5286387816186,13.718943598305227,0.3403661086077489,30.279800415039062,227,
RC106,GLS,5,"(0.85, 1.0, 1.18)",12,1413.0278380127668,417.7228682892628,1086.0794575520833,0.29562253272853684,28.52462859490434,63.25362022998018,8.221751175115525,0.34147788869750956,30.178707361221313,208,
RC106,IGLS,1,"(0.85, 1.0, 1.18)",12,1428.1688814972258,429.535012071061,1116.7910313847585,0.3007592572810832,24.61832750259623,58.19533740236036,17.186335095043454,0.33631253881026985,30.24126672744751,234,
RC106,IGLS,2,"(0.85, 1.0, 1.18)",12,1429.6991466727193,435.16436309113885,1131.4273440369611,0.3043747798995888,22.438885769151977,61.6372210445963,15.92389318625171,0.34782509206171847,30.25879192352295,270,
RC106,IGLS,3,"(0.85, 1.0, 1.18)",12,1430.2957912730747,434.49812482896937,1129.6951245553205,0.30378200612772005,14.495611554409015,75.84803587418061,9.656352571410377,0.34747701551185844,30.261077642440796,263,
RC106,IGLS,4,"(0.85, 1.0, 1.18)",12,1422.0814329133968,423.33945679881856,1100.6825876769283,0.2976900246363033,25.867196030549277,59.37304182038004,14.759762149070635,0.33778943780907844,30.29814600944519,301,
RC106,IGLS,5,"(0.85, 1.0, 1.18)",12,1397.7804723580723,406.2345652010066,1056.2098695226173,0.29062830196481715,28.14278390677866,68.61170750073074,3.245508592490571,0.33515940506555764,30.18660306930542,262,
RC106,RGLS,1,"(0.85, 1.0, 1.18)",12,1450.3504973882773,436.80296482920284,1135.6877085559274,0.3011706243530629,19.091627614995126,65.98462932784753,14.92374305715733,0.3326893040172827,30.37514567375183,184,
RC106,RGLS,2,"(0.85, 1.0, 1.18)",12,1471.130871470147,446.4077025381164,1160.6600265991026,0.30344526866736693,20.377621424131313,64.66698709234747,14.955391483521192,0.3461833586567671,30.31808614730835,256,
RC106,RGLS,3,"(0.85, 1.0, 1.18)",12,1454.7544502652333,439.1783060628332,1141.8635957633664,0.3018917082417321,26.253956726677433,56.73674980228332,17.009293471039253,0.3432591174020952,30.32726740837097,192,
RC106,RGLS,4,"(0.85, 1.0, 1.18)",12,1394.2468828538974,411.74259029646197,1070.5307347708012,0.2953154103193418,26.0825687925995,60.55740145536913,13.360029752031407,0.32955130736955235,30.43306851387024,222,
RC106,RGLS,5,"(0.85, 1.0, 1.18)",12,1431.972431562623,424.6286930532226,1104.0346019383787,0.29653412572325266,26.729650178241094,64.51437651099126,8.75597331076764,0.3438016720433424,30.26567792892456,217,
RC106,HGLS,1,"(0.85, 1.0, 1.18)",12,1435.0260778667805,425.76368925191684,1106.9855920549837,0.2966940432781754,29.078229490739137,58.654648686668175,12.267121822592664,0.3402240215969123,30.4166841506958,207,
RC106,HGLS,2,"(0.85, 1.0, 1.18)",13,1440.4337676698083,400.34460050173584,1040.8959613045133,0.277933362496336,43.67296481825506,48.56732075717572,7.759714424569181,0.30994408359739317,30.2380588054657,278,
RC106,HGLS,3,"(0.85, 1.0, 1.18)",12,1474.3323465351318,442.7770693814181,1151.220380391687,0.3003237841332047,21.382244277618565,67.86323035111067,10.754525371270734,0.3442493424082713,30.203866004943848,189,
RC106,HGLS,4,"(0.85, 1.0, 1.18)",12,1418.4844700889091,420.0238169270266,1092.0619240102692,0.29610744832525376,23.565552387563272,67.9587808616479,8.475666750788825,0.3381972276095504,30.184864044189453,279,
RC106,HGLS,5,"(0.85, 1.0, 1.18)",12,1405.9392131558204,420.9024675725731,1094.34641568869,0.2993745843590212,23.72210220211356,66.46948996358822,9.808407834298226,0.3437255624952677,30.285797834396362,242,
RC106,ALNS,1,"(0.85, 1.0, 1.18)",12,1684.9133583705777,546.9343957023009,1422.0294288259824,0.32460683689470093,7.038904716604674,48.69533714884345,44.26575813455183,0.3441756163507757,30.309785842895508,140,
RC106,ALNS,2,"(0.85, 1.0, 1.18)",12,1458.6787116180244,445.99734615812474,1159.5931000111243,0.3057543395991615,21.09180700273499,60.76909190496912,18.13910109229585,0.3486384903080763,30.31167221069336,130,
RC106,ALNS,3,"(0.85, 1.0, 1.18)",12,1493.4611254041781,462.0287173492006,1201.2746651079215,0.3093677562073542,14.547110074442184,64.35574457044491,21.097145355112882,0.3494813931330361,30.184510231018066,137,
RC106,ALNS,4,"(0.85, 1.0, 1.18)",12,1449.4434164712177,436.17068429631,1134.043779170406,0.30092287794041755,15.152339179267234,74.54148335697295,10.30617746375976,0.3431919607561677,30.220857620239258,143,
RC106,ALNS,5,"(0.85, 1.0, 1.18)",12,1410.3454475973354,423.26157847858224,1100.4801040443137,0.3001119897253901,21.542046631090642,64.57279390373895,13.885159465170398,0.335874272076074,30.249057054519653,149,
RC107,GLS,1,"(0.85, 1.0, 1.18)",11,1274.24435365451,386.3471703273074,1004.5026428509993,0.30319708242714255,30.339031208276936,57.76969545244832,11.891273339274761,0.37237042594642855,30.363647937774658,183,
RC107,GLS,2,"(0.85, 1.0, 1.18)",11,1339.052703825893,402.9417771716381,1047.6486206462591,0.30091554725244746,24.237080148407752,64.85982320466668,10.903096646925539,0.3613978124709174,30.486620903015137,175,
RC107,GLS,3,"(0.85, 1.0, 1.18)",11,1288.233769311777,386.7591928267869,1005.5739013496459,0.30022438631880316,27.30998972972803,63.91858487541051,8.771425394861492,0.36288216497891584,30.339024305343628,222,
RC107,GLS,4,"(0.85, 1.0, 1.18)",11,1357.2724108782527,418.32574003763733,1087.6469240978572,0.3082105969920589,18.35881023785921,65.7959144799332,15.845275282207659,0.3601144773038595,30.329501152038574,165,
RC107,GLS,5,"(0.85, 1.0, 1.18)",11,1311.9456604460038,393.53624285876106,1023.1942314327788,0.29996382832271884,24.26638509028533,66.35149467136803,9.382120238346658,0.3586586726067132,30.43258786201477,205,
RC107,IGLS,1,"(0.85, 1.0, 1.18)",11,1283.273432576206,394.95658023040005,1026.8871085990402,0.3077727397796384,19.492071379876393,64.7974610651389,15.710467554984659,0.364306810576205,30.260955572128296,234,
RC107,IGLS,2,"(0.85, 1.0, 1.18)",11,1335.702362775351,404.3632728044395,1051.3445092915426,0.3027345642814053,21.432309864727404,68.06856893830685,10.499121196965746,0.3603573420451053,30.303470611572266,211,
RC107,IGLS,3,"(0.85, 1.0, 1.18)",11,1314.7242626647471,404.63556930783267,1052.052480200365,0.30777219284574364,17.507491680960047,70.37044220674241,12.122066112297537,0.3680376883465419,30.385623455047607,284,
RC107,IGLS,4,"(0.85, 1.0, 1.18)",11,1310.624697335802,405.3638984436996,1053.946135953619,0.3092905995650097,21.66345444105217,61.73525893963859,16.601286619309256,0.3654902456439889,30.157166481018066,211,
RC107,IGLS,5,"(0.85, 1.0, 1.18)",11,1282.1557374184729,387.7694668170701,1008.2006137243824,0.30243554312506193,27.453457678950937,59.96291240408314,12.583629916965949,0.36305814951773874,30.41995120048523,279,
RC107,RGLS,1,"(0.85, 1.0, 1.18)",11,1314.635287596311,400.1116741387501,1040.2903527607502,0.30435184413033467,23.432433367890354,63.39087541190323,13.176691220206367,0.3641411894098877,30.590561389923096,180,
RC107,RGLS,2,"(0.85, 1.0, 1.18)",11,1376.4952928234143,415.17081298048737,1079.4441137492672,0.3016144080877349,19.806204674022393,65.22767582593205,14.966119500045517,0.3475792494708236,30.207793712615967,154,
RC107,RGLS,3,"(0.85, 1.0, 1.18)",11,1280.9087017820918,390.6728186515079,1015.7493284939205,0.30499661537779854,27.39047267276029,58.74925290298198,13.860274424257694,0.37042065910706046,30.250800132751465,192,
RC107,RGLS,4,"(0.85, 1.0, 1.18)",11,1383.3385536159856,429.27556540839134,1116.1164700618176,0.31031851478893874,21.702369182270875,62.974567184822966,15.323063632906186,0.37456592015241397,30.39715313911438,162,
RC107,RGLS,5,"(0.85, 1.0, 1.18)",11,1262.6701230686501,375.043707988087,975.1136407690262,0.29702429885378406,27.288005023993602,69.15347934859871,3.5585156274076963,0.3681850312377561,30.581408262252808,228,
RC107,HGLS,1,"(0.85, 1.0, 1.18)",11,1291.1846907791298,384.77505102461157,1000.4151326639901,0.2980015591668994,31.10872830682735,60.19523722983184,8.696034463340784,0.3649297009844969,30.172004461288452,213,
RC107,HGLS,2,"(0.85, 1.0, 1.18)",11,1360.312584920554,422.9433055088251,1099.6525943229453,0.3109162630687021,18.265725037640202,68.5574896201661,13.176785342193673,0.3700990528530367,30.421610116958618,173,
RC107,HGLS,3,"(0.85, 1.0, 1.18)",11,1304.1561052248928,394.1764349645817,1024.8587309079123,0.30224635945449846,25.666529776187634,62.41684602658646,11.916624197225893,0.36414968359644,30.304686546325684,224,
RC107,HGLS,4,"(0.85, 1.0, 1.18)",11,1316.3687425003966,404.8820805602839,1052.6934094567382,0.30757497309699444,19.45494624581733,65.58903878904576,14.956014965136896,0.36638533643355,30.27718949317932,170,
RC107,HGLS,5,"(0.85, 1.0, 1.18)",11,1375.4419410830346,425.01065567894665,1105.0277047652614,0.3089993426725738,22.60559715308307,59.799408898320266,17.594993948596688,0.36791385938949683,30.319133520126343,232,
RC107,ALNS,1,"(0.85, 1.0, 1.18)",11,1636.525050201646,542.2458907198192,1409.8393158715298,0.3313398048218118,2.846906368970312,49.725107399276936,47.427986231752705,0.3592931692661882,30.215997457504272,140,
RC107,ALNS,2,"(0.85, 1.0, 1.18)",11,1414.1473968524047,439.7827883276707,1143.4352496519439,0.3109879417849475,12.348501613273761,66.50415508306565,21.147343303660556,0.35448785357613594,30.46720790863037,128,
RC107,ALNS,3,"(0.85, 1.0, 1.18)",11,1386.1499211928049,418.4000148119163,1087.8400385109824,0.3018432627055782,23.391361191652926,64.07243658997693,12.53620221837011,0.35516235422147646,30.25456666946411,131,
RC107,ALNS,4,"(0.85, 1.0, 1.18)",11,1500.6256543083693,473.8774900242536,1232.0814740630594,0.3157866111802955,13.137630045713184,59.88997988330413,26.972390070982648,0.35718389617676577,30.27087378501892,133,
RC107,ALNS,5,"(0.85, 1.0, 1.18)",11,1401.7082476337748,440.5735517113313,1145.4912344494614,0.31431187799248805,13.040928827891046,62.621026516090396,24.338044656018564,0.35970312675028654,30.483036994934082,111,
RC108,GLS,1,"(0.85, 1.0, 1.18)",11,1240.7190231840482,359.5007519991281,934.7019551977331,0.2897519464774095,33.90741890465831,61.60105418220413,4.491526913137536,0.34887710612809036,30.56666135787964,180,
RC108,GLS,2,"(0.85, 1.0, 1.18)",11,1227.6578802649913,359.0085434863409,933.4222130644864,0.29243370588624296,30.818119290805303,64.33048485647763,4.851395852717037,0.35496439314502953,30.378334283828735,204,
RC108,GLS,3,"(0.85, 1.0, 1.18)",11,1240.3990293656627,356.8668936309359,927.8539234404334,0.2877032996498206,29.711057405093303,67.99567774412522,2.2932648507814433,0.34229842285859413,30.24151611328125,187,
RC108,GLS,4,"(0.85, 1.0, 1.18)",10,1185.1712730870897,383.62719708894616,997.4307124312601,0.3236892471158944,19.595547758798617,62.91572027605452,17.488731965146865,0.41372532637985243,30.32457685470581,194,
RC108,GLS,5,"(0.85, 1.0, 1.18)",10,1236.7860257853708,403.6751289121717,1049.5553351716464,0.32639043496293885,17.88884931775502,58.60063097224976,23.510519709995194,0.40929856223042005,30.153855323791504,167,
RC108,IGLS,1,"(0.85, 1.0, 1.18)",10,1190.9546039480251,383.98100909398914,998.3506236443718,0.3224144797972053,18.650931114200382,62.93518052775185,18.413888358047792,0.4024960102456576,30.152585983276367,258,
RC108,IGLS,2,"(0.85, 1.0, 1.18)",10,1213.8849322621847,398.2890269951342,1035.551470187349,0.32811102305462053,18.2057523423629,60.27883898511651,21.51540867252059,0.4115280657906672,30.559701442718506,260,
RC108,IGLS,3,"(0.85, 1.0, 1.18)",11,1229.266999665641,369.3475279414151,960.3035726476793,0.30046159869408123,32.89221808651205,57.16264242344392,9.945139490044008,0.3666408577102297,30.4467351436615,241,
RC108,IGLS,4,"(0.85, 1.0, 1.18)",10,1152.9790075555281,362.6523687148102,942.8961586585066,0.31453510110620525,21.19190278003543,67.82130813550036,10.986789084464158,0.39855898659729894,30.261791944503784,263,
RC108,IGLS,5,"(0.85, 1.0, 1.18)",11,1217.7779577276688,364.645168578679,948.0774383045654,0.29943485695790895,28.757138304381122,68.94131269816302,2.301548997455888,0.3778686860040605,30.4196937084198,269,
RC108,RGLS,1,"(0.85, 1.0, 1.18)",11,1191.9836925584532,349.09958534219413,907.6589218897047,0.29287278636580405,33.71365302412482,63.060997905255114,3.2253490706200765,0.3611138845183537,30.34191107749939,185,
RC108,RGLS,2,"(0.85, 1.0, 1.18)",10,1225.7425489120064,393.75367363567386,1023.7595514527521,0.3212368486230469,14.615514616572339,64.96844270192915,20.416042681498496,0.3967008302728953,30.27704906463623,172,
RC108,RGLS,3,"(0.85, 1.0, 1.18)",10,1253.3413941808262,405.64909486923676,1054.6876466600156,0.3236541111245797,19.59013120669915,47.64054177686519,32.76932701643561,0.382953389217147,30.28792428970337,175,
RC108,RGLS,4,"(0.85, 1.0, 1.18)",10,1193.5231833386147,382.12909076230403,993.5356359819905,0.3201689720792714,19.825964485408413,63.59589622020843,16.578139294383178,0.4092319396606427,30.129995584487915,179,
RC108,RGLS,5,"(0.85, 1.0, 1.18)",11,1279.544185244634,377.56358988089625,981.6653336903303,0.2950766329407456,30.643645736660655,63.40877190536303,5.947582357976313,0.3571292491829824,30.628092288970947,172,
RC108,HGLS,1,"(0.85, 1.0, 1.18)",11,1284.4385745584832,381.3650291910725,991.5490758967885,0.29691184673596716,28.42161908283362,63.53467249612089,8.043708421045498,0.35573880505893163,30.538732290267944,202,
RC108,HGLS,2,"(0.85, 1.0, 1.18)",11,1264.4774474403666,372.12247027114955,967.5184227049889,0.29428952728609187,29.747131634609577,64.76995828622401,5.482910079166357,0.35859986051781234,30.46136212348938,216,
RC108,HGLS,3,"(0.85, 1.0, 1.18)",10,1184.4991814587024,376.7738420730168,979.6119893898436,0.3180870430058233,19.482027115874665,63.65368852955131,16.864284354574004,0.39827180009271057,30.17224383354187,199,
RC108,HGLS,4,"(0.85, 1.0, 1.18)",11,1255.2108117062821,381.5974882976481,992.1534695738851,0.30401067672363347,26.986815047141476,64.36143013232298,8.651754820535533,0.3743841820719118,30.333683490753174,221,
RC108,HGLS,5,"(0.85, 1.0, 1.18)",10,1202.693219135895,392.7981549620073,1021.275202901219,0.3265987940334634,17.215803121433087,57.24305400475251,25.541142873814437,0.4030340892070367,30.370558738708496,180,
RC108,ALNS,1,"(0.85, 1.0, 1.18)",10,1294.774435266396,425.60981249500384,1106.58551248701,0.3287134815937541,14.803373116273423,60.30120475038894,24.895422133337686,0.40986538683465,30.458702325820923,102,
RC108,ALNS,2,"(0.85, 1.0, 1.18)",10,1318.5698223067427,444.61478705361685,1155.998446339404,0.3371947238074927,5.5017986932908,64.07049058084883,30.427710725860365,0.40596585734476803,30.48353338241577,95,
RC108,ALNS,3,"(0.85, 1.0, 1.18)",11,1350.3087384480173,405.0640584358326,1053.1665519331648,0.29997884698679694,20.225245384330726,65.21259318115435,14.562161434514879,0.3431451083663093,30.728057861328125,119,
RC108,ALNS,4,"(0.85, 1.0, 1.18)",11,1231.060262451387,360.8568437659281,938.2277937914131,0.2931268718294592,31.584877264752585,65.63066323348261,2.7844595017648004,0.35673325893578395,30.401479721069336,121,
RC108,ALNS,5,"(0.85, 1.0, 1.18)",11,1220.1909089355677,361.67278880684717,940.3492508978027,0.29640672304496357,27.22899398492722,64.98105896418019,7.789947050892634,0.35804757850240776,30.427292108535767,104,
RC201,GLS,1,"(0.85, 1.0, 1.18)",4,2043.3558593282419,534.3845889963833,1389.3999313905965,0.26152301693159974,27.351650970934323,51.43828041984889,21.21006860921679,0.2042868912688141,30.523938417434692,55,
RC201,GLS,2,"(0.85, 1.0, 1.18)",4,1976.0368859202513,487.6038797594284,1267.7700873745139,0.246758490812457,34.81627462306063,60.50365759015201,4.680067786787371,0.19161690363811057,30.5779447555542,44,
RC201,GLS,4,"(0.85, 1.0, 1.18)",4,2032.3779054701358,522.4091414955959,1358.2637678885494,0.257043308771235,33.17483463147681,52.46565433892168,14.35951102960151,0.20695958296230915,30.546026468276978,42,
RC201,GLS,3,"(0.85, 1.0, 1.18)",4,1858.7775101359123,512.4130394421779,1332.2739025496626,0.27567206760787133,14.46220956462946,52.95544936024465,32.582341075125846,0.2162661448321082,31.93587636947632,50,
RC201,GLS,5,"(0.85, 1.0, 1.18)",4,1898.9252533872257,488.36737718653507,1269.7551806849913,0.25718093764638983,28.20217013524664,61.343566732449865,10.454263132303536,0.2074357773734353,31.455183267593384,39,
RC201,IGLS,1,"(0.85, 1.0, 1.18)",4,2160.974239255648,606.1745510226873,1576.053832658987,0.2805098459810818,20.099934485259006,49.18678100085023,30.713284513890734,0.23391646184882145,32.852980613708496,37,
RC201,IGLS,2,"(0.85, 1.0, 1.18)",4,1864.592021732815,480.31918432659626,1248.8298792491503,0.2576001499138792,34.96498231396179,51.51015732013371,13.524860365904546,0.210921907331633,36.2256543636322,47,
RC201,IGLS,3,"(0.85, 1.0, 1.18)",4,1796.142795483181,464.54015776949007,1207.8044102006743,0.2586320858996759,34.166349696154946,54.363868605834234,11.469781698010802,0.2204407802625243,37.32538318634033,64,
RC201,IGLS,4,"(0.85, 1.0, 1.18)",4,2141.731791733357,624.9976997090157,1624.9940192434408,0.29181884590842694,15.979540956937141,37.639394942562404,46.38106410050041,0.24468343765633502,33.37199854850769,24,
RC201,IGLS,5,"(0.85, 1.0, 1.18)",4,2008.052626783674,593.9421601865158,1544.2496164849413,0.2957801764079467,17.798407439493346,35.82799948749135,46.37359307301533,0.2557269363506114,33.02264142036438,24,
RC201,RGLS,1,"(0.85, 1.0, 1.18)",4,1852.7727331562041,482.141410700169,1253.5676678204395,0.26022695718262195,27.004967254892474,56.27389376075215,16.72113898435537,0.20622441185875665,31.175195932388306,50,
RC201,RGLS,4,"(0.85, 1.0, 1.18)",4,2010.650574614457,525.6025598858492,1366.5666557032082,0.261409200843679,31.74053050265533,49.08404266254852,19.175426834796166,0.21261684244169687,32.02201724052429,33,
RC201,RGLS,5,"(0.85, 1.0, 1.18)",4,1795.8222185986806,459.47266837595987,1194.6289377774956,0.2558564336811115,32.00208639323209,57.01505594312077,10.982857663647092,0.2065805390784596,32.207133293151855,46,
RC201,RGLS,2,"(0.85, 1.0, 1.18)",4,1915.9893701862843,492.92111537539864,1281.5948999760365,0.25726714513425186,26.959295058853467,66.87071439426478,6.169990546881765,0.21394809159354838,36.16985034942627,45,
RC201,RGLS,3,"(0.85, 1.0, 1.18)",4,1899.5627945151775,502.2341392491673,1305.808762047835,0.26439459685108846,23.982078415454787,63.40042838524187,12.617493199303379,0.2219477814800526,34.65538740158081,48,
RC201,HGLS,1,"(0.85, 1.0, 1.18)",4,1931.959982323449,506.1699574940029,1316.0418894844076,0.2619981584117822,29.88343759102229,50.946592680201924,19.169969728775794,0.20931543115619905,33.45876622200012,57,
RC201,HGLS,3,"(0.85, 1.0, 1.18)",4,1944.8655427913286,515.6895583680571,1340.7928517569485,0.2651543497592765,27.895301531772063,48.86503528975074,23.239663178477212,0.2140516577019284,30.910161018371582,62,
RC201,HGLS,2,"(0.85, 1.0, 1.18)",4,2036.294450538517,521.4387673218387,1355.7407950367806,0.2560723804869867,31.5930121994339,62.09900712143464,6.307980679131467,0.21515137345470428,31.611152410507202,44,
RC201,HGLS,4,"(0.85, 1.0, 1.18)",4,1875.4608396860312,495.0444747235822,1287.1156342813138,0.2639588437402175,27.04057652923378,53.35140698926925,19.60801648149695,0.21179600790427466,32.212483406066895,43,
RC201,HGLS,5,"(0.85, 1.0, 1.18)",4,1786.0849033184293,450.3052119320865,1170.793551023425,0.2521185925122869,30.975614828601735,61.67209357371355,7.3522915976847045,0.20075804314750045,30.713542461395264,39,
RC201,ALNS,1,"(0.85, 1.0, 1.18)",4,1871.4947323780352,468.0475091530672,1216.923523797975,0.25009288086979414,42.16184804283035,52.3905874913531,5.447564465816534,0.20859303152090067,30.648117303848267,20,
RC201,ALNS,2,"(0.85, 1.0, 1.18)",4,1763.646190479423,458.0805635736318,1191.0094652914427,0.25973495480355324,29.4350806530769,57.64915842846788,12.91576091845525,0.21348104920418612,31.419825792312622,25,
RC201,ALNS,3,"(0.85, 1.0, 1.18)",4,2004.9677272849267,534.6753801853492,1390.155988481908,0.26667530499824665,23.939367018100153,56.10358690388926,19.957046078010595,0.21597893272206892,31.683393478393555,20,
RC201,ALNS,4,"(0.85, 1.0, 1.18)",4,1751.1311987471684,447.8448523697857,1164.3966161614428,0.2557460301604999,41.807708241415106,42.30053683917576,15.891754919409115,0.2079524281648048,31.29088306427002,15,
RC201,ALNS,5,"(0.85, 1.0, 1.18)",4,1755.6368650281902,452.3253893324894,1176.0460122644724,0.25764176997116456,31.04310861554885,55.67800631285715,13.278885071593995,0.20454768838812806,30.672211170196533,23,
RC202,GLS,2,"(0.85, 1.0, 1.18)",4,1964.3056543147072,556.4257498164608,1446.7069495227981,0.28326841527653324,11.112477084976266,45.175982955799476,43.71153995922426,0.22188771037277696,31.43441939353943,22,
RC202,GLS,3,"(0.85, 1.0, 1.18)",4,1711.2261313075333,472.97155823852097,1229.7260514201546,0.27639337056939833,10.912461390110932,57.99618769157845,31.09135091831061,0.22105525262896356,30.868778228759766,36,
RC202,GLS,1,"(0.85, 1.0, 1.18)",4,1758.0687701553732,491.7468832638777,1278.5418964860821,0.2797085595351418,15.410312292366319,58.08140116245668,26.508286545177008,0.23741444212306675,32.219523906707764,15,
RC202,GLS,4,"(0.85, 1.0, 1.18)",4,1845.358411653576,479.04421011663425,1245.5149463032492,0.2595941292983706,22.590289488361417,65.21073020882179,12.198980302816802,0.20622049578857513,31.528971195220947,40,
RC202,GLS,5,"(0.85, 1.0, 1.18)",4,1871.1466553565201,489.27925335258567,1272.1260587167228,0.26148632014060946,17.280932723358042,69.01205738953469,13.707009887107292,0.20426705804261963,31.862247467041016,39,
RC202,IGLS,2,"(0.85, 1.0, 1.18)",4,1999.0933924143874,586.0615922503197,1523.7601398508311,0.2931636883369961,13.11250708686374,41.68315849013566,45.20433442300059,0.2484160818220982,31.412352323532104,37,
RC202,IGLS,1,"(0.85, 1.0, 1.18)",4,1751.8630626592596,503.91284774344564,1310.1734041329587,0.28764397085838755,17.999496701711735,44.025227116308656,37.975276181979616,0.24825152850494872,31.63871192932129,14,
RC202,IGLS,3,"(0.85, 1.0, 1.18)",4,1926.1692243888224,590.8157438336772,1536.1209339675606,0.30673096442039993,9.418381452634838,40.68591640248662,49.89570214487849,0.27854468955623074,32.46911644935608,20,
RC202,IGLS,4,"(0.85, 1.0, 1.18)",4,2096.2280250137155,627.1283103912505,1630.5336070172514,0.2991698913037608,10.929704237067043,36.94156391662792,52.128731846305044,0.2509445709140771,31.321921586990356,16,
RC202,IGLS,5,"(0.85, 1.0, 1.18)",4,2006.8857098402611,593.1392731230454,1542.1621101199182,0.2955520935819791,6.388259117152521,43.70849050499168,49.90325037785582,0.2432922507221827,32.1642541885376,21,
RC202,RGLS,1,"(0.85, 1.0, 1.18)",4,1799.0443920307905,465.299797542201,1209.7794736097228,0.2586371962822791,25.57904484232466,61.2618408433723,13.159114314303,0.2040779465991506,30.935500860214233,26,
RC202,RGLS,2,"(0.85, 1.0, 1.18)",4,1989.9781495498846,565.9168899179163,1471.3839137865823,0.28438346925865576,4.09115246154573,51.44974649440041,44.45910104405387,0.21950165445588443,31.42052173614502,29,
RC202,RGLS,3,"(0.85, 1.0, 1.18)",3,1755.0373690809354,544.2843748038204,1415.139374489933,0.31012694338744884,5.613291357077097,41.723445402441286,52.66326324048158,0.28619656774128793,30.858073234558105,24,
RC202,RGLS,4,"(0.85, 1.0, 1.18)",4,1888.5608415391355,461.6249945755917,1200.2249858965386,0.24443215406254928,38.68334477977534,55.54549567501612,5.771159545208589,0.18620659946694176,31.18544840812683,42,
RC202,RGLS,5,"(0.85, 1.0, 1.18)",4,1874.475798149003,479.18022972037755,1245.8685972729818,0.2556342579581747,30.619264807798228,48.038358710303015,21.342376481898768,0.18823510538613436,31.1995849609375,57,
RC202,HGLS,2,"(0.85, 1.0, 1.18)",4,1906.0781408080888,478.50409012831005,1244.1106343336062,0.2510411718616355,29.37655446003149,67.82102005244643,2.802425487522077,0.20409344654771122,30.968156337738037,37,
RC202,HGLS,3,"(0.85, 1.0, 1.18)",4,1917.957972782379,542.7729647749109,1411.2097084147683,0.2829952337211596,13.204211538791638,57.359820415669176,29.435968045539145,0.2458836062393899,31.919003009796143,19,
RC202,HGLS,4,"(0.85, 1.0, 1.18)",4,1923.8931124963115,483.3054437015236,1256.5941536239613,0.25121221161523866,23.810712460011032,60.75108831650001,15.438199223489018,0.17641547718342868,30.98690700531006,49,
RC202,HGLS,1,"(0.85, 1.0, 1.18)",4,1740.111030238953,447.5904038098414,1163.7350499055876,0.2572194509613436,33.23532020617593,50.407675108665615,16.357004685158437,0.20729167514061678,34.156437158584595,29,
RC202,ALNS,1,"(0.85, 1.0, 1.18)",4,1637.8432273943904,412.28377823030564,1071.9378233987948,0.251723590716432,41.46392476951111,51.40731582123615,7.12875940925272,0.20933771375171392,31.07432246208191,8,
RC202,HGLS,5,"(0.85, 1.0, 1.18)",4,1945.7840875497052,480.41530648322265,1249.0797968563788,0.24690062456426087,29.095480389982768,63.82950705546996,7.07501255454724,0.18373987332607136,31.604318618774414,56,
RC202,ALNS,3,"(0.85, 1.0, 1.18)",4,1593.723883537823,399.15655665968427,1037.807047315179,0.2504552769665582,42.984608773875294,56.332358156394946,0.6830330697297454,0.22334646779520126,31.41685724258423,7,
RC202,ALNS,2,"(0.85, 1.0, 1.18)",4,1588.070449029018,384.73777351153103,1000.3182111299807,0.24226744710649856,51.45583899272899,47.78405191895909,0.7601090883119196,0.20198246513859155,32.165918827056885,13,
RC202,ALNS,4,"(0.85, 1.0, 1.18)",4,1631.9896425464424,390.3169815776735,1014.8241521019512,0.23916633500727996,57.51781339605914,42.48218660394089,0.0,0.20564248685176653,32.0275993347168,12,
RC202,ALNS,5,"(0.85, 1.0, 1.18)",4,1669.5366460376802,429.438743225015,1116.540732385039,0.25722031573502996,22.663348257667025,62.73918881155421,14.597462930778738,0.19389477934075341,30.98175597190857,13,
RC203,GLS,1,"(0.85, 1.0, 1.18)",3,1714.0290170449362,547.5034226104145,1423.508898787078,0.3194248272146147,7.137118426399881,31.371437263555787,61.49144431004433,0.2955922341125032,31.57227373123169,0,
RC203,GLS,2,"(0.85, 1.0, 1.18)",3,1689.382439648386,506.5838871367872,1317.1181065556468,0.2998633555361351,11.934507353778093,40.66214825265507,47.40334439356683,0.26930767904700603,37.607770919799805,10,
RC203,GLS,4,"(0.85, 1.0, 1.18)",3,1702.7835631336654,527.3026554896422,1370.98690427307,0.3096709804499387,7.976532534161805,51.83709243843754,40.18637502740061,0.3043316847740691,30.45941734313965,15,
RC203,GLS,3,"(0.85, 1.0, 1.18)",3,1823.1407057865613,567.7182635640743,1476.0674852665932,0.3113957478773655,10.650564082165532,30.856010325804316,58.49342559203017,0.28775069620605453,37.25015687942505,5,
RC203,GLS,5,"(0.85, 1.0, 1.18)",3,1746.6252800498273,528.3687618616633,1373.7587808403246,0.3025083673623401,7.0980792480071315,55.74579704754547,37.1561237044474,0.2868656505966734,31.082239389419556,5,
RC203,IGLS,2,"(0.85, 1.0, 1.18)",3,1521.4062662438482,462.9989624509772,1203.7973023725408,0.30432302845318276,15.196578128406081,43.75987172586347,41.04355014573046,0.29160848352319874,30.657344102859497,34,
RC203,IGLS,3,"(0.85, 1.0, 1.18)",3,1794.7693095520222,567.095917585853,1474.449385723218,0.3159714814420363,10.818926317962786,32.32763793401322,56.853435748024026,0.29783551031357525,30.670578956604004,14,
RC203,IGLS,1,"(0.85, 1.0, 1.18)",3,1714.0290170449362,547.5034226104145,1423.508898787078,0.3194248272146147,7.137118426399881,31.371437263555787,61.49144431004433,0.2955922341125032,31.731911420822144,0,
RC203,IGLS,4,"(0.85, 1.0, 1.18)",3,1660.708844227428,519.1204037349801,1349.7130497109483,0.31258965443546977,9.486176152924342,50.10172862640386,40.41209522067178,0.3081655985197879,30.74254274368286,23,
RC203,IGLS,5,"(0.85, 1.0, 1.18)",3,1581.8096003808632,472.7239414373029,1229.0822477369877,0.29885009000039064,9.615520679038594,55.54334602842921,34.84113329253217,0.27587548293506176,30.78163194656372,26,
RC203,RGLS,1,"(0.85, 1.0, 1.18)",3,1714.0290170449362,547.5034226104145,1423.508898787078,0.3194248272146147,7.137118426399881,31.371437263555787,61.49144431004433,0.2955922341125032,31.64235019683838,0,
RC203,RGLS,2,"(0.85, 1.0, 1.18)",3,1700.7333459507604,531.9286285783146,1383.014434303618,0.31276427303831733,13.594235242736636,22.498824013441464,63.90694074382195,0.2802823949369535,31.68587064743042,1,
RC203,RGLS,3,"(0.85, 1.0, 1.18)",3,1808.1908041391357,549.2511462290906,1428.0529801956357,0.30375729429206144,10.966516358847038,47.00803097436215,42.02545266679084,0.29264610033234767,32.39403700828552,12,
RC203,RGLS,4,"(0.85, 1.0, 1.18)",3,1743.5313114625328,534.3168067829422,1389.2236976356498,0.30645667403285076,12.996851725952064,40.252483527584374,46.75066474646358,0.289997142610468,31.39244270324707,10,
RC203,RGLS,5,"(0.85, 1.0, 1.18)",3,1719.0131781363916,500.05043946525984,1300.1311426096756,0.2908938953029855,6.8562000039072295,65.16030842190553,27.983491574187198,0.2663200256987549,32.894044160842896,14,
RC203,HGLS,2,"(0.85, 1.0, 1.18)",3,1685.009368010234,510.97295852387794,1328.5296921620827,0.3032463606580818,10.002270151636756,34.51342051717941,55.48430933118383,0.2649185810123741,30.698760747909546,7,
RC203,HGLS,1,"(0.85, 1.0, 1.18)",3,1714.0290170449362,547.5034226104145,1423.508898787078,0.3194248272146147,7.137118426399881,31.371437263555787,61.49144431004433,0.2955922341125032,32.14362096786499,0,
RC203,HGLS,4,"(0.85, 1.0, 1.18)",3,1628.9726950291963,502.3704899328287,1306.1632738253547,0.30839712136723363,7.875651809257421,57.47348070602691,34.650867484715654,0.3129413346614343,30.961872100830078,14,
RC203,HGLS,5,"(0.85, 1.0, 1.18)",3,1654.457247838078,485.1036731287735,1261.2695501348112,0.2932101592607914,6.6530725123991195,61.586140176265374,31.76078731133547,0.2681491925962165,31.64544939994812,13,
RC203,ALNS,1,"(0.85, 1.0, 1.18)",3,1714.0290170449362,547.5034226104145,1423.508898787078,0.3194248272146147,7.137118426399881,31.371437263555787,61.49144431004433,0.2955922341125032,31.942271947860718,0,
RC203,ALNS,2,"(0.85, 1.0, 1.18)",3,1335.0923815384263,394.17441027421705,1024.8534667129643,0.2952412999466075,19.381451064570918,57.386493002666626,23.232055932762467,0.2971843126275997,32.49228477478027,5,
RC203,ALNS,3,"(0.85, 1.0, 1.18)",3,1534.0731898597319,455.07220993659365,1183.1877458351435,0.2966430890942063,18.555779704735702,53.64041618129217,27.803804113972152,0.293270092588944,31.668320894241333,2,
RC203,ALNS,4,"(0.85, 1.0, 1.18)",3,1523.4469337396897,452.87698158113756,1177.4801521109578,0.2972712547784223,21.949825288133514,39.98716254406849,38.06301216779801,0.2799064148183863,31.320119857788086,4,
RC203,HGLS,3,"(0.85, 1.0, 1.18)",3,1809.6645183835653,570.83087126516,1484.160265289416,0.3154346374514982,10.729876571337329,31.66652613260742,57.60359729605528,0.2993988247004599,38.011937618255615,7,
RC203,ALNS,5,"(0.85, 1.0, 1.18)",3,1677.9081935999236,507.6063722517772,1319.7765678546207,0.3025233288614655,9.627136393533936,48.47196672507876,41.90089688138731,0.2753215955156196,32.26527762413025,2,
RC204,GLS,1,"(0.85, 1.0, 1.18)",3,1438.1629909613243,479.11699227789603,1245.7041799225296,0.33314512700513554,8.81417608374459,20.328196257726162,70.8576276585293,0.3233893273070036,56.24273920059204,0,
RC204,GLS,2,"(0.85, 1.0, 1.18)",3,1441.5286424756691,480.4892083296627,1249.271941657123,0.33331922389309904,8.7935969261685,20.28073440195532,70.92566867187622,0.32376679679250475,56.28358817100525,0,
RC204,GLS,3,"(0.85, 1.0, 1.18)",3,1429.6494636584227,459.9491973773786,1195.8679131811843,0.32172165909843714,12.340252860327793,41.84361853190693,45.81612860776528,0.33127559580118626,63.21354055404663,0,
RC204,GLS,4,"(0.85, 1.0, 1.18)",3,1432.3009792992561,509.14987438247135,1323.7896733944256,0.3554768737444902,5.702192035288291,24.88427898769092,69.4135289770208,0.38512758088419674,58.92953419685364,0,
RC204,IGLS,1,"(0.85, 1.0, 1.18)",3,1438.1629909613243,479.11699227789603,1245.7041799225296,0.33314512700513554,8.81417608374459,20.328196257726162,70.8576276585293,0.3233893273070036,57.140679121017456,0,
RC204,IGLS,2,"(0.85, 1.0, 1.18)",3,1441.5286424756691,480.4892083296627,1249.271941657123,0.33331922389309904,8.7935969261685,20.28073440195532,70.92566867187622,0.32376679679250475,56.986154079437256,0,
RC204,RGLS,1,"(0.85, 1.0, 1.18)",3,1438.1629909613243,479.11699227789603,1245.7041799225296,0.33314512700513554,8.81417608374459,20.328196257726162,70.8576276585293,0.3233893273070036,58.407941818237305,0,
RC204,RGLS,2,"(0.85, 1.0, 1.18)",3,1441.5286424756691,480.4892083296627,1249.271941657123,0.33331922389309904,8.7935969261685,20.28073440195532,70.92566867187622,0.32376679679250475,58.709511280059814,0,
RC204,GLS,5,"(0.85, 1.0, 1.18)",3,1495.7729132556794,476.2015916188959,1238.1241382091293,0.3183648984406342,11.857590452219831,32.64629448255279,55.4961150652274,0.30554999093574076,65.59938764572144,0,
RC204,IGLS,4,"(0.85, 1.0, 1.18)",3,1432.3009792992561,509.14987438247135,1323.7896733944256,0.3554768737444902,5.702192035288291,24.88427898769092,69.4135289770208,0.38512758088419674,61.53903865814209,0,
RC204,IGLS,3,"(0.85, 1.0, 1.18)",3,1429.6494636584227,459.9491973773786,1195.8679131811843,0.32172165909843714,12.340252860327793,41.84361853190693,45.81612860776528,0.33127559580118626,66.30889511108398,0,
RC204,IGLS,5,"(0.85, 1.0, 1.18)",3,1495.7729132556794,476.2015916188959,1238.1241382091293,0.3183648984406342,11.857590452219831,32.64629448255279,55.4961150652274,0.30554999093574076,66.32556533813477,0,
RC204,RGLS,4,"(0.85, 1.0, 1.18)",3,1432.3009792992561,509.14987438247135,1323.7896733944256,0.3554768737444902,5.702192035288291,24.88427898769092,69.4135289770208,0.38512758088419674,62.06710982322693,0,
RC204,RGLS,3,"(0.85, 1.0, 1.18)",3,1429.6494636584227,459.9491973773786,1195.8679131811843,0.32172165909843714,12.340252860327793,41.84361853190693,45.81612860776528,0.33127559580118626,66.54309630393982,0,
RC204,RGLS,5,"(0.85, 1.0, 1.18)",3,1495.7729132556794,476.2015916188959,1238.1241382091293,0.3183648984406342,11.857590452219831,32.64629448255279,55.4961150652274,0.30554999093574076,64.86373353004456,0,
RC204,HGLS,1,"(0.85, 1.0, 1.18)",3,1438.1629909613243,479.11699227789603,1245.7041799225296,0.33314512700513554,8.81417608374459,20.328196257726162,70.8576276585293,0.3233893273070036,58.02192831039429,0,
RC205,GLS,1,"(0.85, 1.0, 1.18)",4,1919.3322172778708,528.3668342279775,1373.7537689927415,0.2752868052083989,21.786023842789607,48.8298962079395,29.38407994927091,0.22944461142247588,31.01764440536499,22,
RC205,GLS,2,"(0.85, 1.0, 1.18)",4,2095.7172351334143,580.3557032988858,1508.9248285771032,0.27692462206712737,12.83111821579551,54.79415329169821,32.374728492506314,0.2176446979036913,31.090471267700195,15,
RC205,GLS,3,"(0.85, 1.0, 1.18)",4,1749.1569810111955,449.46882083667873,1168.6189341753648,0.2569631117824764,28.213920632767937,57.7305722679675,14.05550709926457,0.20109949188810508,32.52173829078674,35,
RC204,HGLS,2,"(0.85, 1.0, 1.18)",3,1441.5286424756691,480.4892083296627,1249.271941657123,0.33331922389309904,8.7935969261685,20.28073440195532,70.92566867187622,0.32376679679250475,57.3911452293396,0,
RC204,HGLS,4,"(0.85, 1.0, 1.18)",3,1432.3009792992561,509.14987438247135,1323.7896733944256,0.3554768737444902,5.702192035288291,24.88427898769092,69.4135289770208,0.38512758088419674,59.26376128196716,0,
RC204,HGLS,3,"(0.85, 1.0, 1.18)",3,1429.6494636584227,459.9491973773786,1195.8679131811843,0.32172165909843714,12.340252860327793,41.84361853190693,45.81612860776528,0.33127559580118626,64.20784783363342,0,
RC204,ALNS,1,"(0.85, 1.0, 1.18)",3,1438.1629909613243,479.11699227789603,1245.7041799225296,0.33314512700513554,8.81417608374459,20.328196257726162,70.8576276585293,0.3233893273070036,55.03066420555115,0,
RC204,ALNS,2,"(0.85, 1.0, 1.18)",3,1441.5286424756691,480.4892083296627,1249.271941657123,0.33331922389309904,8.7935969261685,20.28073440195532,70.92566867187622,0.32376679679250475,54.9919056892395,0,
RC204,HGLS,5,"(0.85, 1.0, 1.18)",3,1495.7729132556794,476.2015916188959,1238.1241382091293,0.3183648984406342,11.857590452219831,32.64629448255279,55.4961150652274,0.30554999093574076,63.731019735336304,0,
RC204,ALNS,4,"(0.85, 1.0, 1.18)",3,1432.3009792992561,509.14987438247135,1323.7896733944256,0.3554768737444902,5.702192035288291,24.88427898769092,69.4135289770208,0.38512758088419674,57.54650855064392,0,
RC204,ALNS,3,"(0.85, 1.0, 1.18)",3,1429.6494636584227,459.9491973773786,1195.8679131811843,0.32172165909843714,12.340252860327793,41.84361853190693,45.81612860776528,0.33127559580118626,61.87558627128601,0,
RC204,ALNS,5,"(0.85, 1.0, 1.18)",3,1495.7729132556794,476.2015916188959,1238.1241382091293,0.3183648984406342,11.857590452219831,32.64629448255279,55.4961150652274,0.30554999093574076,61.290064096450806,0,
RC205,GLS,4,"(0.85, 1.0, 1.18)",4,1899.4288571445818,497.34668139539804,1293.101371628035,0.26184012079455354,27.32008141621751,60.30207476363823,12.377843820144244,0.21588843030582525,31.337942361831665,37,
RC205,GLS,5,"(0.85, 1.0, 1.18)",4,1839.2052563477396,488.9951987456114,1271.3875167385897,0.26587309766428635,26.744212407445822,47.53854432394582,25.717243268608346,0.20754159723863733,31.20755124092102,34,
RC205,IGLS,1,"(0.85, 1.0, 1.18)",4,1868.2954073583558,555.0543254457236,1443.1412461588816,0.2970913075414199,10.114247395310475,40.36864867870665,49.51710392598287,0.2519477593707949,30.825584650039673,19,
RC205,IGLS,2,"(0.85, 1.0, 1.18)",4,2072.796527771033,604.6193551619908,1572.0103234211763,0.2916925742885935,16.48952072720764,31.969258005823,51.54122126696934,0.2375740994902601,33.08038926124573,22,
RC205,IGLS,3,"(0.85, 1.0, 1.18)",4,1841.9493954258628,546.7090963780432,1421.4436505829124,0.29681005229334373,13.384208539359848,30.83289870675719,55.78289275388294,0.244400097555225,30.88016366958618,17,
RC205,IGLS,4,"(0.85, 1.0, 1.18)",4,2126.895700748494,623.8784683626308,1622.0840177428402,0.2933281910077096,12.748533636247098,28.86728223014629,58.384184133606645,0.22753259102759887,33.81729793548584,15,
RC205,IGLS,5,"(0.85, 1.0, 1.18)",4,2027.2349617114673,596.2214788037403,1550.1758448897249,0.29410575984758464,12.473729972237715,34.21537868917241,53.310891338589855,0.2355902558115724,31.507279872894287,19,
RC205,RGLS,2,"(0.85, 1.0, 1.18)",4,1963.6093718983102,516.6551263555195,1343.303328524351,0.26311502366483697,20.986275942618338,65.59358010209252,13.420143955289166,0.21323195313545668,30.693989515304565,29,
RC205,RGLS,3,"(0.85, 1.0, 1.18)",4,1846.5321481487958,520.3568589885937,1352.9278333703437,0.28180222018353,19.901300782336744,41.5189700400598,38.57972917760344,0.23334708064845888,31.50479221343994,19,
RC205,RGLS,1,"(0.85, 1.0, 1.18)",4,1782.9004418173533,488.55025971512345,1270.230675259321,0.2740199330575814,14.546433014789693,58.195944115284725,27.257622869925584,0.2200343905765988,35.938618659973145,33,
RC205,RGLS,4,"(0.85, 1.0, 1.18)",4,1811.7577154121811,483.3165915079275,1256.6231379206115,0.26676668044323537,19.86275702325115,53.953234347064324,26.184008629684428,0.20189874807850572,31.094598054885864,55,
RC205,RGLS,5,"(0.85, 1.0, 1.18)",4,1782.1498150121956,494.51785158037865,1285.7464141089845,0.2774838834618371,13.761051005613773,42.643723532740324,43.59522546164584,0.20575787868137713,33.78559064865112,42,
RC205,HGLS,2,"(0.85, 1.0, 1.18)",4,1864.9686024652124,503.84584640555295,1309.9992006544378,0.2701631790152088,15.827639679063688,56.703594782262854,27.46876553867345,0.21055740461686137,30.870170831680298,43,
RC205,HGLS,4,"(0.85, 1.0, 1.18)",4,1927.5575874613664,507.78383614730836,1320.237973983002,0.26343380838549696,23.77658862305468,56.22555534207543,19.997856034869862,0.2096262524847333,30.880642414093018,43,
RC205,HGLS,1,"(0.85, 1.0, 1.18)",4,1870.495068906961,535.9905824331574,1393.5755143262095,0.2865501178500128,18.160469266262318,32.736826536214835,49.10270419752284,0.23000884633458082,36.50222420692444,15,
RC205,HGLS,5,"(0.85, 1.0, 1.18)",4,1895.2675742924876,534.5782565463686,1389.9034670205585,0.2820595169766091,10.874914173352213,53.60753435993885,35.51755146670891,0.2261134745784876,30.691702365875244,30,
RC205,HGLS,3,"(0.85, 1.0, 1.18)",4,1792.9826130759843,479.7244096275683,1247.2834650316777,0.26755664339910595,16.178203889350794,63.702419478778104,20.119376631871056,0.21169106652607156,33.2040696144104,27,
RC205,ALNS,1,"(0.85, 1.0, 1.18)",4,1925.1038333004,560.452894669698,1457.177526141215,0.29112865756900863,7.717654831922598,47.97058565863938,44.31175950943805,0.23975385914374872,31.02344799041748,14,
RC205,ALNS,2,"(0.85, 1.0, 1.18)",4,1852.1220765764924,477.53173963691836,1241.5825230559878,0.2578295165724711,30.07425661171968,58.238315043263725,11.687428345016611,0.20920238815684555,31.635181188583374,14,
RC205,ALNS,3,"(0.85, 1.0, 1.18)",4,1617.0282554452656,415.35794252123924,1079.930650555222,0.256864987437629,43.72609818348001,33.52223804435403,22.751663772165937,0.20592846865035946,30.655755281448364,16,
RC205,ALNS,4,"(0.85, 1.0, 1.18)",4,1851.429323337341,508.08717121626194,1321.026645162281,0.2744296878156799,20.61431998690802,51.72068131975867,27.664998693333256,0.22543637772048375,31.528297901153564,16,
RC205,ALNS,5,"(0.85, 1.0, 1.18)",4,1853.8052213083358,473.3032586877262,1230.5884725880883,0.2553144490302434,33.477735696692804,56.8622805501827,9.659983753124493,0.20736915108885748,30.799489736557007,13,
RC206,GLS,1,"(0.85, 1.0, 1.18)",3,1816.5516348934138,540.691387610929,1405.7976077884155,0.2976471338469022,5.9708553636371064,53.29357387830547,40.73557075805742,0.2598849175904688,30.786713123321533,19,
RC206,GLS,2,"(0.85, 1.0, 1.18)",3,1790.257756098083,559.8552548082316,1455.6236625014024,0.3127232673067435,10.844911990422128,40.89663005993992,48.25845794963797,0.2963077786020633,30.998740196228027,19,
RC206,GLS,3,"(0.85, 1.0, 1.18)",3,1606.5777254554591,487.885379432069,1268.5019865233794,0.3036799102226786,9.055435134617973,42.94454284207887,48.000022023303096,0.2754503909070179,31.440956115722656,19,
RC206,GLS,4,"(0.85, 1.0, 1.18)",3,1727.4253493828173,531.6692551950268,1382.3400635070698,0.3077813205560426,12.154734403529202,39.413958974866645,48.431306621604165,0.2889758867474248,32.33136200904846,15,
RC206,GLS,5,"(0.85, 1.0, 1.18)",3,1663.3518348923953,516.2239401924102,1342.1822445002665,0.3103516221664585,12.685982927186092,32.86236649349748,54.45165057931642,0.2831380453654564,30.398548126220703,5,
RC206,IGLS,1,"(0.85, 1.0, 1.18)",3,1699.1659066554398,508.5345394121853,1322.1898024716818,0.2992848063984295,11.574738080616,48.102290285699944,40.32297163368405,0.27883445770882226,31.56346297264099,37,
RC206,IGLS,4,"(0.85, 1.0, 1.18)",3,1698.64414853375,544.2158634289661,1414.9612449153121,0.32038250265585466,8.992298799980189,30.97593994761367,60.03176125240619,0.3036477675448816,30.833950519561768,41,
RC206,IGLS,3,"(0.85, 1.0, 1.18)",3,1672.9128084069316,510.56006476441416,1327.456168387477,0.3051922743365246,7.384382003994808,49.12665537465363,43.48896262135155,0.28120397745053377,31.82463264465332,27,
RC206,IGLS,2,"(0.85, 1.0, 1.18)",3,1858.4513580497937,570.2948423866591,1482.7665902053136,0.30686562761863745,11.230546704710745,42.97909058782734,45.79036270746192,0.282931602842989,33.314289569854736,28,
RC206,IGLS,5,"(0.85, 1.0, 1.18)",3,1530.0011023949978,478.8890650918662,1245.111569238852,0.3129991634268981,15.078020554982812,36.62517303831053,48.296806406706665,0.3035234313962844,32.291701793670654,29,
RC206,RGLS,1,"(0.85, 1.0, 1.18)",3,1771.0701716724088,540.5110137125746,1405.328635652694,0.30518893173056716,4.96006128540748,44.20661965520982,50.83331905938269,0.2696620261768196,33.990878105163574,18,
RC206,RGLS,2,"(0.85, 1.0, 1.18)",3,1708.6910845905409,512.1026567500511,1331.4669075501329,0.29970464606992897,7.5397350690784934,55.02675962942575,37.43350530149579,0.2729472932815319,30.41331171989441,29,
RC206,RGLS,3,"(0.85, 1.0, 1.18)",3,1708.6773368558513,522.4694904866119,1358.420675265191,0.3057742261906578,5.474473205125551,41.83940794979784,52.686118845076585,0.2692507276258193,30.422990083694458,12,
RC206,RGLS,5,"(0.85, 1.0, 1.18)",3,1564.6491185447453,483.6389080566198,1257.4611609472115,0.3091037487730441,9.787243343463478,38.355165278849945,51.85759137768655,0.28480955497537347,31.620702028274536,14,
RC206,HGLS,2,"(0.85, 1.0, 1.18)",3,1704.0211572864032,502.5212377331652,1306.5552181062296,0.2949031680647754,9.905051628021512,57.42962835077382,32.665320021204664,0.266448179938662,30.22790026664734,29,
RC206,HGLS,1,"(0.85, 1.0, 1.18)",3,1827.6666269459802,558.395596148659,1451.8285499865135,0.3055237688952797,10.827990466201946,35.78391692777697,53.38809260602105,0.2715093496873241,33.81634712219238,9,
RC206,RGLS,4,"(0.85, 1.0, 1.18)",3,1713.5395952113863,536.2829142385683,1394.3355770202777,0.3129679149155647,6.0691882113244064,30.616698965769135,63.31411282290645,0.2770475895059898,37.04605793952942,10,
RC206,HGLS,3,"(0.85, 1.0, 1.18)",3,1740.861736933547,534.9816335910492,1390.952247336728,0.3073085140772847,7.03545493869645,41.29033230782807,51.67421275347545,0.27961436879525103,30.99343776702881,8,
RC206,HGLS,4,"(0.85, 1.0, 1.18)",3,1811.366243066759,569.4116630663311,1480.470323972461,0.3143547944794868,12.095800721065777,30.621974380583666,57.28222489835053,0.2950353805883244,31.807034254074097,19,
RC206,HGLS,5,"(0.85, 1.0, 1.18)",3,1635.8180284993368,495.59989146262717,1288.5597178028306,0.3029676179307545,11.140107233069033,46.81734424346163,42.0425485234693,0.28086020354032737,31.987297773361206,9,
RC206,ALNS,1,"(0.85, 1.0, 1.18)",3,1567.54568957732,468.8921616152501,1219.1196201996502,0.29912503650320027,12.275685096955979,55.183470178128495,32.54084472491551,0.2843416775966132,32.223968267440796,13,
RC206,ALNS,3,"(0.85, 1.0, 1.18)",3,1509.9987231742437,444.4674221474631,1155.615297583404,0.2943495350864443,10.841957057313081,63.51704707512073,25.640995867566165,0.2801857876087255,30.59090256690979,7,
RC206,ALNS,2,"(0.85, 1.0, 1.18)",3,1552.3956439750993,443.77001923735435,1153.8020500171212,0.28586141745478416,18.17052111104777,59.31974786432773,22.50973102462449,0.26707537495885236,31.949763298034668,10,
RC206,ALNS,4,"(0.85, 1.0, 1.18)",3,1737.7328456603364,551.5056051997119,1433.914573519251,0.31737076650015233,14.257160269714909,26.85260078939287,58.89023894089222,0.29800631198323735,31.69394540786743,12,
RC206,ALNS,5,"(0.85, 1.0, 1.18)",3,1504.2691233590378,444.50625918275193,1155.7162738751551,0.2954964987848504,9.776216532083415,60.50976550210505,29.714017965811525,0.2766208600185573,30.332643032073975,8,
RC207,GLS,1,"(0.85, 1.0, 1.18)",3,1442.4110148946777,431.21841698864,1121.167884170464,0.29895668608723625,18.56570114648539,43.26311283783359,38.171186015681,0.2869798634068791,30.923011779785156,4,
RC207,GLS,3,"(0.85, 1.0, 1.18)",3,1788.966665305363,551.1497502144996,1432.989350557699,0.30808273899302785,6.757056641925309,33.434206062568926,59.80873729550575,0.27115005234306,31.06915044784546,9,
RC207,GLS,4,"(0.85, 1.0, 1.18)",3,1592.2066463375268,475.06637209016344,1235.172567434425,0.2983697958948575,12.881797471964916,39.603799341178735,47.514403186856356,0.2644366028364673,31.21561622619629,7,
RC207,GLS,5,"(0.85, 1.0, 1.18)",3,1861.7409298117059,574.9944876468135,1494.985667881715,0.30884774483900274,6.145613127290542,22.840448940915955,71.0139379317935,0.2528017502641311,30.783928155899048,5,
RC207,GLS,2,"(0.85, 1.0, 1.18)",3,1735.6434033960452,542.6582644750182,1410.9114876350475,0.3126553895882221,3.088495863149232,34.88961152625784,62.02189261059291,0.2776924154343541,38.81076526641846,5,
RC207,IGLS,1,"(0.85, 1.0, 1.18)",3,1370.4514615141518,394.0244525589069,1024.463576653158,0.28751434372113155,34.70909902503762,39.77455981782004,25.516341157142314,0.293073315785388,31.208588123321533,13,
RC207,IGLS,2,"(0.85, 1.0, 1.18)",3,1663.243392446434,509.3489321093705,1324.3072234843632,0.3062383619995499,8.88539602660812,33.525918088739665,57.58868588465221,0.2698815317935795,31.22281813621521,22,
RC207,IGLS,3,"(0.85, 1.0, 1.18)",3,1830.1962759887567,580.9624103822268,1510.5022669937898,0.3174317519952138,6.106622368397356,26.32199046178129,67.57138716982134,0.2823103811403342,33.39489221572876,22,
RC207,IGLS,4,"(0.85, 1.0, 1.18)",3,1560.6168847834185,476.41780138624773,1238.6862836042442,0.30527530877789055,12.406568069018055,34.46727673478801,53.1261551961939,0.2746997523354124,32.71150875091553,7,
RC207,RGLS,3,"(0.85, 1.0, 1.18)",3,1855.8014805722526,584.1781887204424,1518.8632906731505,0.31478484893777864,7.3114164434745135,26.301600466675236,66.38698308985025,0.2777343055146412,31.28556513786316,5,
RC207,IGLS,5,"(0.85, 1.0, 1.18)",3,1777.7614035287106,554.5887015027572,1441.9306239071689,0.31195901789854596,5.135276235633506,38.394955344258946,56.46976842010755,0.28360026513990144,36.664485454559326,26,
RC207,RGLS,5,"(0.85, 1.0, 1.18)",3,1867.252672580682,576.1250980373561,1497.925254897126,0.3085415843808157,4.381116521340412,33.73563346665362,61.88325001200596,0.26097130096912485,31.1539089679718,5,
RC207,RGLS,4,"(0.85, 1.0, 1.18)",3,1571.2652636192383,478.9608389900399,1245.298181374104,0.3048249395438208,13.740826333912047,35.91759282219581,50.34158084389215,0.27703863422950875,33.19209814071655,3,
RC207,RGLS,1,"(0.85, 1.0, 1.18)",3,1416.7008095113636,426.52239193634966,1108.958219034509,0.30106737362807195,17.523488062978533,46.497872340759535,35.97863959626191,0.29300574085647796,39.95215392112732,3,
RC207,RGLS,2,"(0.85, 1.0, 1.18)",3,1714.4722815340533,558.6613321549853,1452.5194636029619,0.3258503145090882,2.8788647002298307,17.09488204737773,80.02625325239245,0.28391636154795413,40.28850436210632,1,
RC207,HGLS,3,"(0.85, 1.0, 1.18)",3,1866.7184811147745,587.3595140083811,1527.1347364217909,0.31464814858297185,5.608350076478533,22.594361177900282,71.7972887456212,0.2700584944199083,31.046726942062378,7,
RC207,HGLS,5,"(0.85, 1.0, 1.18)",3,1820.3038942994144,564.588053071169,1467.9289379850395,0.3101614268031128,2.2308297606605287,39.152780327223255,58.616389912116254,0.2708386620765062,31.987561225891113,9,
RC207,HGLS,4,"(0.85, 1.0, 1.18)",3,1555.6600469264984,481.14637047312243,1250.9805632301184,0.3092876052346516,13.088913384998984,26.806660811426152,60.10442580357482,0.2769112326144478,32.89958071708679,5,
RC207,ALNS,1,"(0.85, 1.0, 1.18)",3,1341.2792590360166,370.0222716590239,962.0579063134621,0.27587265602314653,37.52192096747133,52.22939600749374,10.248683025034934,0.28473076474019854,31.384697198867798,2,
RC207,HGLS,1,"(0.85, 1.0, 1.18)",3,1458.4414564137091,432.76318410994406,1125.1842786858547,0.2967298976635674,23.802247428688585,39.23862128486293,36.959131286448475,0.28786751461381255,39.74339437484741,4,
RC207,HGLS,2,"(0.85, 1.0, 1.18)",3,1713.2786348307081,556.0613614595992,1445.759539794958,0.32455979439359817,2.9966798604690204,18.77103834530501,78.23228179422598,0.28393293284246557,42.656121253967285,4,
RC207,ALNS,2,"(0.85, 1.0, 1.18)",3,1699.8341482783107,512.5316366332304,1332.582255246399,0.30151861412617914,16.463677746960947,33.611994660095554,49.92432759294347,0.27013234271284675,31.329604864120483,3,
RC207,ALNS,3,"(0.85, 1.0, 1.18)",3,1898.2111304305145,610.3332170167507,1586.866364243552,0.3215307334534105,5.515303629027566,16.5361954305621,77.94850094041034,0.27850778752481686,31.432669639587402,5,
RC207,ALNS,4,"(0.85, 1.0, 1.18)",3,1395.5456601582796,415.9528142048277,1081.477316932552,0.2980574739185899,19.335735436160785,36.891514515290524,43.77275004854868,0.27367969192481933,31.79338526725769,3,
RC207,ALNS,5,"(0.85, 1.0, 1.18)",3,1683.6689212494823,507.16660979830465,1318.6331854755922,0.3012270425600817,16.3496511049407,40.85066270264183,42.79968619241749,0.27861459880160366,30.900004148483276,3,
RC208,GLS,1,"(0.85, 1.0, 1.18)",3,1429.3023401184228,458.03292646165744,1190.8856088003095,0.32045908944898793,9.449437704599644,29.150641177493547,61.399921117906814,0.3008020684058351,39.88827610015869,0,
RC208,GLS,3,"(0.85, 1.0, 1.18)",3,1432.5029806793857,458.8273828142156,1192.9511953169606,0.3202976810537664,20.304783919126464,21.30641997389598,58.388796106977566,0.31632514270243606,40.26575493812561,0,
RC208,GLS,4,"(0.85, 1.0, 1.18)",3,1464.646121888367,477.162720181023,1240.62307247066,0.3257870369163423,16.168515445451085,22.65136284513456,61.18012170941436,0.3189491287348623,41.735196352005005,0,
RC208,GLS,2,"(0.85, 1.0, 1.18)",3,1385.8360979869751,454.56722412055746,1181.8747827134493,0.3280093690594786,15.595122228891187,24.091573772367827,60.31330399874099,0.33065409233820153,46.30509424209595,0,
RC208,IGLS,1,"(0.85, 1.0, 1.18)",3,1429.3023401184228,458.03292646165744,1190.8856088003095,0.32045908944898793,9.449437704599644,29.150641177493547,61.399921117906814,0.3008020684058351,38.85002255439758,0,
RC208,GLS,5,"(0.85, 1.0, 1.18)",3,1412.3158809816355,448.75332177985945,1166.7586366276346,0.317742884451566,15.34304345832692,23.13902518923691,61.517931352436186,0.30020713911956326,41.516148805618286,0,
RC208,IGLS,3,"(0.85, 1.0, 1.18)",3,1432.5029806793857,458.8273828142156,1192.9511953169606,0.3202976810537664,20.304783919126464,21.30641997389598,58.388796106977566,0.31632514270243606,39.76002383232117,0,
RC208,IGLS,4,"(0.85, 1.0, 1.18)",3,1464.646121888367,477.162720181023,1240.62307247066,0.3257870369163423,16.168515445451085,22.65136284513456,61.18012170941436,0.3189491287348623,40.91331362724304,0,
RC208,IGLS,2,"(0.85, 1.0, 1.18)",3,1385.8360979869751,454.56722412055746,1181.8747827134493,0.3280093690594786,15.595122228891187,24.091573772367827,60.31330399874099,0.33065409233820153,45.77079939842224,0,
RC208,RGLS,1,"(0.85, 1.0, 1.18)",3,1429.3023401184228,458.03292646165744,1190.8856088003095,0.32045908944898793,9.449437704599644,29.150641177493547,61.399921117906814,0.3008020684058351,38.675657987594604,0,
RC208,IGLS,5,"(0.85, 1.0, 1.18)",3,1412.3158809816355,448.75332177985945,1166.7586366276346,0.317742884451566,15.34304345832692,23.13902518923691,61.517931352436186,0.30020713911956326,40.63797473907471,0,
RC208,RGLS,3,"(0.85, 1.0, 1.18)",3,1432.5029806793857,458.8273828142156,1192.9511953169606,0.3202976810537664,20.304783919126464,21.30641997389598,58.388796106977566,0.31632514270243606,38.622638463974,0,
RC208,RGLS,4,"(0.85, 1.0, 1.18)",3,1464.646121888367,477.162720181023,1240.62307247066,0.3257870369163423,16.168515445451085,22.65136284513456,61.18012170941436,0.3189491287348623,39.729809284210205,0,
RC208,RGLS,2,"(0.85, 1.0, 1.18)",3,1385.8360979869751,454.56722412055746,1181.8747827134493,0.3280093690594786,15.595122228891187,24.091573772367827,60.31330399874099,0.33065409233820153,45.143322229385376,0,
RC208,HGLS,1,"(0.85, 1.0, 1.18)",3,1429.3023401184228,458.03292646165744,1190.8856088003095,0.32045908944898793,9.449437704599644,29.150641177493547,61.399921117906814,0.3008020684058351,35.96810960769653,0,
RC208,RGLS,5,"(0.85, 1.0, 1.18)",3,1412.3158809816355,448.75332177985945,1166.7586366276346,0.317742884451566,15.34304345832692,23.13902518923691,61.517931352436186,0.30020713911956326,38.48541259765625,0,
RC208,HGLS,3,"(0.85, 1.0, 1.18)",3,1432.5029806793857,458.8273828142156,1192.9511953169606,0.3202976810537664,20.304783919126464,21.30641997389598,58.388796106977566,0.31632514270243606,35.39639234542847,0,
RC208,HGLS,2,"(0.85, 1.0, 1.18)",3,1385.8360979869751,454.56722412055746,1181.8747827134493,0.3280093690594786,15.595122228891187,24.091573772367827,60.31330399874099,0.33065409233820153,40.79093384742737,0,
RC208,HGLS,4,"(0.85, 1.0, 1.18)",3,1464.646121888367,477.162720181023,1240.62307247066,0.3257870369163423,16.168515445451085,22.65136284513456,61.18012170941436,0.3189491287348623,33.65324783325195,0,
RC208,ALNS,1,"(0.85, 1.0, 1.18)",3,1429.3023401184228,458.03292646165744,1190.8856088003095,0.32045908944898793,9.449437704599644,29.150641177493547,61.399921117906814,0.3008020684058351,31.451120138168335,0,
RC208,HGLS,5,"(0.85, 1.0, 1.18)",3,1412.3158809816355,448.75332177985945,1166.7586366276346,0.317742884451566,15.34304345832692,23.13902518923691,61.517931352436186,0.30020713911956326,33.68885397911072,0,
RC208,ALNS,4,"(0.85, 1.0, 1.18)",3,1348.6316969638963,386.36062381993594,1004.5376219318334,0.2864834221898605,31.02075926419551,48.29502331214292,20.684217423661572,0.2868293340285429,31.29464864730835,1,
RC208,ALNS,2,"(0.85, 1.0, 1.18)",3,1385.8360979869751,454.56722412055746,1181.8747827134493,0.3280093690594786,15.595122228891187,24.091573772367827,60.31330399874099,0.33065409233820153,33.75275373458862,0,
RC208,ALNS,3,"(0.85, 1.0, 1.18)",3,1256.0218561898344,367.1585865418006,954.6123250086816,0.2923186286388224,13.84767918253263,64.34417207586633,21.808148741601034,0.2890080603038087,32.00806403160095,2,
RC208,ALNS,5,"(0.85, 1.0, 1.18)",3,1409.9421295445,430.0508353579039,1118.1321719305502,0.3050131110677836,8.406664560177115,50.81504628933151,40.77828915049138,0.2922293829356853,31.361549615859985,1,
