instance,algo,seed,phi,nv,dist,fuel,emis,IF,plow,pmed,phigh,lam,runtime,iters,budget,error
C103,GLS,1,"(0.85, 1.0, 1.18)",10,1665.9517836535133,506.0276711867335,1315.671945085507,0.30374688880670375,64.51632046194234,25.432063868398874,10.051615669658755,0.4237400802204179,3.0925791263580322,24,3.0,
C103,GLS,3,"(0.85, 1.0, 1.18)",10,1396.6788759721321,396.3487253618788,1030.5066859408848,0.2837794228727113,67.20893664259314,32.433071260152545,0.35799209725426995,0.3913815721994162,3.085850238800049,37,3.0,
C103,IGLS,1,"(0.85, 1.0, 1.18)",10,1507.6274527562123,449.7966491582657,1169.4712878114908,0.29834734591490564,76.64053543160182,17.25563618637489,6.10382838202327,0.4372538115301471,3.0766758918762207,36,3.0,
C103,GLS,2,"(0.85, 1.0, 1.18)",11,1656.2559750239277,448.2887054092172,1165.5506340639647,0.27066390230093557,84.45938898454025,15.540611015459753,0.0,0.3692044688278659,3.194397449493408,39,3.0,
C103,IGLS,2,"(0.85, 1.0, 1.18)",11,1330.6370663634857,376.94683148241404,980.0617618542765,0.2832829785153788,84.418351550467,15.58164844953302,0.0,0.41641701348394244,3.245967388153076,81,3.0,
C103,GLS,1,"(0.85, 1.0, 1.18)",10,1362.3460527734894,390.45404764767636,1015.1805238839586,0.28660416114744325,79.0310740054454,20.96892599455454,0.0,0.4171601047695057,8.109113216400146,79,8.0,
C103,GLS,2,"(0.85, 1.0, 1.18)",10,1186.0781426733029,326.3632889039108,848.5445511501681,0.27516170913353166,90.33768127740497,9.66231872259501,0.0,0.39824836340238334,8.093925714492798,127,8.0,
C103,GLS,3,"(0.85, 1.0, 1.18)",10,1126.2368051429773,314.28957149353494,817.1528858831908,0.2790617124731911,82.36831870721282,17.631681292787192,0.0,0.3954444661529796,8.107739925384521,97,8.0,
C103,IGLS,1,"(0.85, 1.0, 1.18)",10,1254.8038987531652,357.9108955583266,930.5683284516492,0.2852325338755836,76.31764489214633,23.682355107853635,0.0,0.4073991418870769,8.116257905960083,88,8.0,
C103,IGLS,3,"(0.85, 1.0, 1.18)",10,1362.3140966179085,379.65761023966286,987.1097866231235,0.27868581201809756,81.07777319165326,15.75560691302716,3.1666198953195863,0.3829436102311524,3.3358373641967773,39,3.0,
C103,IGLS,2,"(0.85, 1.0, 1.18)",10,1220.9331345224618,359.4432406383511,934.5524256597129,0.29440043068283056,74.77663998698814,25.223360013011877,0.0,0.43895272437254007,8.26188325881958,127,8.0,
C103,RGLS,1,"(0.85, 1.0, 1.18)",10,1531.8786022295683,477.24015062270024,1240.8243916190206,0.31153914541798705,45.21778182178744,48.83667458140346,5.945543596809082,0.43228711109173373,3.0705745220184326,25,3.0,
C103,IGLS,3,"(0.85, 1.0, 1.18)",10,1282.6855889885571,358.4495632351556,931.9688644114046,0.27945239761975166,86.97206509960236,13.027934900397636,0.0,0.4034106552071731,8.148388624191284,75,8.0,
C103,GLS,1,"(0.85, 1.0, 1.18)",10,1044.7253319978383,301.84793512760575,784.804631331775,0.288925639957805,92.49969385478437,7.500306145215626,0.0,0.4495484702361047,20.282287120819092,185,20.0,
C103,GLS,3,"(0.85, 1.0, 1.18)",10,1057.0403393300503,299.35982153805907,778.3355359989536,0.28320567380407885,83.27023985651176,16.72976014348826,0.0,0.4148569400406921,20.285095691680908,172,20.0,
C103,GLS,2,"(0.85, 1.0, 1.18)",10,920.6244358843676,259.0508831485725,673.5322961862885,0.28138606042943426,94.78816439201886,5.21183560798114,0.0,0.4254346376571065,20.324281692504883,225,20.0,
C103,RGLS,1,"(0.85, 1.0, 1.18)",10,1399.3572410442039,410.75713547144096,1067.9685522257466,0.2935327187537422,75.95579279858511,20.55091172957488,3.493295471839989,0.4237240858598665,8.229143381118774,72,8.0,
C103,IGLS,1,"(0.85, 1.0, 1.18)",10,993.4580932041155,280.4491042458315,729.167671039162,0.28229585743402924,94.30310470615548,5.696895293844491,0.0,0.42935111050556723,20.065507173538208,210,20.0,
C103,RGLS,2,"(0.85, 1.0, 1.18)",10,1490.9933257641098,436.5926392299045,1135.1408619977517,0.29281998228003997,71.27632080277485,26.159728895331234,2.5639503018939673,0.41617200185679504,3.1456298828125,42,3.0,
C103,RGLS,3,"(0.85, 1.0, 1.18)",10,1450.5234181708122,412.78920382142365,1073.2519299357016,0.2845794825856538,70.00206548487189,27.023883308519725,2.9740512066083666,0.3862781209397548,3.1307873725891113,32,3.0,
C103,IGLS,2,"(0.85, 1.0, 1.18)",10,1105.5171405057827,318.0560792757114,826.9458061168497,0.28769891268279957,87.34295723312331,8.585557242665777,4.071485524210909,0.4290619045178899,20.528671503067017,198,20.0,
C103,IGLS,3,"(0.85, 1.0, 1.18)",10,1205.3395292573546,339.2023062547856,881.9259962624426,0.28141639597912976,82.9061290813339,17.09387091866609,0.0,0.40115657934201837,20.083526134490967,164,20.0,
C103,RGLS,2,"(0.85, 1.0, 1.18)",10,1232.4742025988608,357.4520827446811,929.3754151361709,0.29002804439309043,78.24041458008556,17.327362739731498,4.432222680182948,0.42075513032562717,8.328205585479736,109,8.0,
C103,HGLS,1,"(0.85, 1.0, 1.18)",10,1520.569885674339,439.4581430233763,1142.5911718607783,0.2890088427790258,71.06227275974892,28.937727240251064,0.0,0.41057841893604946,3.0945022106170654,29,3.0,
C103,RGLS,3,"(0.85, 1.0, 1.18)",10,1283.7644045000281,359.717833188074,935.2663662889925,0.2802054893617095,79.17367100282306,20.826328997176958,0.0,0.39241160963725197,8.144086599349976,83,8.0,
C103,RGLS,1,"(0.85, 1.0, 1.18)",10,1000.5122387127547,278.57723016839435,724.3007984378254,0.27843460518464824,80.33033189764579,19.66966810235422,0.0,0.38722251319133894,20.12344980239868,167,20.0,
C103,HGLS,1,"(0.85, 1.0, 1.18)",10,1418.7611782273334,397.9089614568319,1034.5632997877628,0.2804622564835034,86.6959909587508,13.30400904124924,0.0,0.408208235825053,8.291177034378052,83,8.0,
C103,RGLS,2,"(0.85, 1.0, 1.18)",10,890.3098017857324,254.6219936930757,662.0171836019969,0.2859925760475393,89.92551440117789,10.074485598822086,0.0,0.43149471469103784,20.224870204925537,195,20.0,
C103,HGLS,2,"(0.85, 1.0, 1.18)",11,1693.7224832311053,468.61190780804696,1218.3909603009222,0.27667573197356304,80.87812618137797,17.067423244821157,2.054450573800903,0.3776177776418549,3.192502498626709,35,3.0,
C103,RGLS,3,"(0.85, 1.0, 1.18)",10,1029.4620889331918,288.602924308045,750.367603200917,0.2803434214922063,78.43707450208255,21.562925497917437,0.0,0.3916978165176254,20.316792726516724,174,20.0,
C103,HGLS,2,"(0.85, 1.0, 1.18)",10,1364.85034446662,397.3022813738544,1032.9859315720214,0.2910958574942655,64.56490297771798,20.493661373263656,14.941435649018345,0.37545065316588416,8.243881464004517,117,8.0,
C103,HGLS,3,"(0.85, 1.0, 1.18)",10,1417.9887259035195,393.3515675855305,1022.7140757223793,0.27740105432424594,81.14065271504788,18.85934728495206,0.0,0.3888555309760141,3.119527578353882,27,3.0,
C103,HGLS,1,"(0.85, 1.0, 1.18)",10,1250.3442536441164,347.62299075864195,903.8197759724691,0.27802182458590746,95.63420435816214,4.365795641837881,0.0,0.4136223212115137,20.117233514785767,179,20.0,
C103,GLS,1,"(0.85, 1.0, 1.18)",10,962.0568109448475,274.6081825129778,713.9812745337423,0.28543863458882623,93.66134811671814,6.338651883281861,0.0,0.440175841622254,60.08630156517029,440,60.0,
C103,GLS,2,"(0.85, 1.0, 1.18)",10,901.3050567693258,258.2155525764909,671.3604366988764,0.2864907398856156,87.48604528344006,12.513954716559919,0.0,0.4319670081925569,60.09273433685303,459,60.0,
C103,GLS,3,"(0.85, 1.0, 1.18)",10,1057.0403393300503,299.35982153805907,778.3355359989536,0.28320567380407885,83.27023985651176,16.72976014348826,0.0,0.4148569400406921,60.31550192832947,417,60.0,
C103,HGLS,3,"(0.85, 1.0, 1.18)",10,1322.14353599989,366.26620042249635,952.2921210984905,0.2770245366328568,86.49574127991744,13.504258720082532,0.0,0.3942234924769224,8.12621021270752,65,8.0,
C103,IGLS,1,"(0.85, 1.0, 1.18)",10,959.996234231508,273.95285707373046,712.2774283916992,0.2853686788605312,88.08425187991084,11.915748120089141,0.0,0.4269852161832967,60.19002628326416,471,60.0,
C103,ALNS,1,"(0.85, 1.0, 1.18)",10,1513.7393971261404,453.6951047606432,1179.6072723776722,0.29971810578623437,58.988414861514364,30.28352218398043,10.728062954505134,0.4098719636880666,3.2306582927703857,13,3.0,
C103,HGLS,2,"(0.85, 1.0, 1.18)",10,965.0689894420921,275.62445543463525,716.6235841300517,0.28560077927068633,89.64424688600234,10.355753113997665,0.0,0.4316836384057622,20.126725673675537,196,20.0,
C103,ALNS,2,"(0.85, 1.0, 1.18)",11,1291.3100551783286,350.7675028979848,911.9955075347605,0.27163693296691954,90.00063975501672,9.999360244983253,0.0,0.3796036502358973,3.395350217819214,13,3.0,
C103,IGLS,2,"(0.85, 1.0, 1.18)",10,982.4002029248448,284.34548985523173,739.2982736236025,0.2894395675089092,89.87844475069045,10.121555249309548,0.0,0.4444975350852923,60.495814085006714,496,60.0,
C103,ALNS,1,"(0.85, 1.0, 1.18)",10,1513.7393971261404,453.6951047606432,1179.6072723776722,0.29971810578623437,58.988414861514364,30.28352218398043,10.728062954505134,0.4098719636880666,8.209548473358154,37,8.0,
C103,IGLS,3,"(0.85, 1.0, 1.18)",10,1096.8451802461127,309.68151779899813,805.1719462773951,0.28233840415792416,85.70726787101343,14.292732128986552,0.0,0.41441936963195236,60.221617698669434,419,60.0,
C103,ALNS,2,"(0.85, 1.0, 1.18)",10,1198.5795377755646,341.4310321986277,887.7206837164321,0.28486305784285887,91.3267077420624,8.673292257937595,0.0,0.4378584755087831,8.521226406097412,43,8.0,
C103,ALNS,3,"(0.85, 1.0, 1.18)",10,1451.8664537031245,405.9396162932867,1055.4430023625455,0.27959845429164565,79.12203541371802,17.906664498025556,2.9713000882563976,0.38351863512551043,3.3628973960876465,13,3.0,
C103,HGLS,3,"(0.85, 1.0, 1.18)",10,1217.583097407677,336.626027220906,875.2276707743556,0.2764706802661825,93.52632132852426,6.473678671475735,0.0,0.40680294519849003,20.15136694908142,143,20.0,
C107,GLS,1,"(0.85, 1.0, 1.18)",11,1539.184613859689,446.0719868571971,1159.7871658287124,0.28981058077147637,70.49039972786242,20.78360343609754,8.725996836039998,0.38622530855154485,3.2186927795410156,35,3.0,
C103,ALNS,3,"(0.85, 1.0, 1.18)",10,1362.9822093657237,390.72744214432146,1015.8913495752358,0.2866709774048702,72.66715231436038,26.636812703281315,0.6960349823582744,0.4104279525906673,8.136539459228516,38,8.0,
C103,RGLS,1,"(0.85, 1.0, 1.18)",10,883.1130059490398,256.0197135078583,665.6512551204315,0.2899059483703629,80.11767787874533,19.882322121254678,0.0,0.4286923999421908,60.1000816822052,403,60.0,
C103,ALNS,1,"(0.85, 1.0, 1.18)",10,1304.6988663435745,394.2682776939028,1025.0975220041473,0.3021910173025916,74.82359423062957,17.36744423879661,7.808961530573832,0.4422498362541841,20.137181282043457,88,20.0,
C103,RGLS,2,"(0.85, 1.0, 1.18)",10,879.3004708598177,251.5778377597145,654.1023781752577,0.28611134202363264,89.79937623846621,10.200623761533791,0.0,0.4318643993486216,60.14039373397827,382,60.0,
C107,GLS,2,"(0.85, 1.0, 1.18)",11,1261.9940087013915,354.17793347707334,920.8626270403907,0.2806494571567159,73.12388516307774,24.40058813170645,2.475526705215821,0.3754887153206209,3.192751884460449,27,3.0,
C107,GLS,1,"(0.85, 1.0, 1.18)",11,1121.924495167062,302.104289412269,785.4711524718995,0.26927328061170785,92.66399314220338,7.33600685779662,0.0,0.37654120739217367,8.113181829452515,94,8.0,
C103,ALNS,2,"(0.85, 1.0, 1.18)",10,1117.6215466624667,315.4776339616792,820.241848300366,0.282275905384774,92.29689302379761,7.703106976202358,0.0,0.422884495343289,20.284810543060303,103,20.0,
C103,RGLS,3,"(0.85, 1.0, 1.18)",10,997.0878028811144,279.3473921302421,726.3032195386295,0.2801632828353327,87.84533930172189,12.15466069827812,0.0,0.4088834472487288,60.57149887084961,378,60.0,
C107,GLS,3,"(0.85, 1.0, 1.18)",10,1335.732045799612,428.76513073187965,1114.7893399028871,0.3209963645629293,35.72220811491319,42.684258927060206,21.593532958026554,0.4137961245242373,3.2056853771209717,14,3.0,
C107,GLS,2,"(0.85, 1.0, 1.18)",11,1031.2210205545816,286.05999144847505,743.7559777660351,0.27739930213470093,87.50921471363124,7.058595066889044,5.432190219479714,0.378873978165926,8.334272146224976,70,8.0,
C103,ALNS,3,"(0.85, 1.0, 1.18)",10,1297.9423066172117,353.9361068175753,920.2338777256958,0.2726901689028293,92.79944416951231,7.200555830487681,0.0,0.39097444555583066,20.11608362197876,109,20.0,
C107,IGLS,1,"(0.85, 1.0, 1.18)",10,866.4185082726788,246.11183881042032,639.8907809070929,0.284056534412079,90.44255475773839,9.557445242261606,0.0,0.4299203985098261,3.0966248512268066,88,3.0,
C103,HGLS,1,"(0.85, 1.0, 1.18)",10,1009.5759998910963,289.6797843792365,753.1674393860148,0.2869321224063215,95.28551913246781,4.714480867532183,0.0,0.44999839022457055,60.10297679901123,469,60.0,
C107,GLS,3,"(0.85, 1.0, 1.18)",10,1159.1800351485547,331.67758275334813,862.3617151587051,0.28613120714319584,69.46835059052196,27.510926128760318,3.020723280717719,0.3875426031378492,8.058851480484009,50,8.0,
C107,GLS,1,"(0.85, 1.0, 1.18)",10,974.3813880481326,291.98667665756324,759.1653593096645,0.2996636432500696,79.5799044152607,16.28041168888923,4.139683895850071,0.456285990540087,20.467902421951294,170,20.0,
C107,IGLS,1,"(0.85, 1.0, 1.18)",10,864.9003404530167,245.31374152802715,637.8157279728706,0.2836323794248213,90.77263925515629,9.227360744843693,0.0,0.42887948761406464,8.134907007217407,126,8.0,
C107,IGLS,2,"(0.85, 1.0, 1.18)",11,1133.452647276926,307.89571443275656,800.528857525167,0.2716440913279117,88.98010896575511,11.019891034244868,0.0,0.3784126987724634,3.3403005599975586,33,3.0,
C107,GLS,2,"(0.85, 1.0, 1.18)",10,828.936866942834,233.96660815874782,608.3131812127443,0.28224900772193895,92.18185641374659,7.818143586253409,0.0,0.42579392010558204,20.2369863986969,147,20.0,
C103,HGLS,2,"(0.85, 1.0, 1.18)",10,941.1036292445126,273.6607396310534,711.5179230407389,0.29078704100922376,82.47735915158131,17.52264084841868,0.0,0.4368048954792489,60.314722537994385,527,60.0,
C107,GLS,3,"(0.85, 1.0, 1.18)",10,1127.872141244956,322.41097181280145,838.2685267132838,0.28585773158376016,72.257241720941,24.63818463930995,3.1045736397490638,0.3909698089569814,20.170878410339355,122,20.0,
C107,IGLS,3,"(0.85, 1.0, 1.18)",10,1244.066983416904,361.6288514140575,940.2350136765496,0.2906827817428467,64.3193999628875,30.77916530960439,4.901434727508099,0.38856663303666206,3.097390651702881,17,3.0,
C107,IGLS,2,"(0.85, 1.0, 1.18)",10,882.5906618308975,252.000051502493,655.2001339064818,0.2855231336571468,86.70891092324409,13.291089076755913,0.0,0.42737163849465953,8.088995218276978,71,8.0,
C107,IGLS,1,"(0.85, 1.0, 1.18)",10,864.9003404530167,245.31374152802715,637.8157279728706,0.2836323794248213,90.77263925515629,9.227360744843693,0.0,0.42887948761406464,20.117061376571655,202,20.0,
C107,IGLS,3,"(0.85, 1.0, 1.18)",10,1157.9555606860106,339.36211892453616,882.3415092037941,0.29307007146585745,68.90623785907029,28.069844611104994,3.023917529824706,0.4109776998919659,8.130025386810303,44,8.0,
C107,RGLS,1,"(0.85, 1.0, 1.18)",11,1522.2551775080549,440.54393373635673,1145.4142277145274,0.28940215822259907,59.9515804599409,34.72495261594076,5.323466924118336,0.38198805949979164,3.1877756118774414,28,3.0,
C103,HGLS,3,"(0.85, 1.0, 1.18)",10,1060.9670922291568,297.504474587759,773.5116339281734,0.28040876740359955,89.73093164426156,10.269068355738442,0.0,0.40789937884473304,60.39824652671814,423,60.0,
C103,ALNS,1,"(0.85, 1.0, 1.18)",10,988.4842760716303,273.13739691701693,710.157231984244,0.27631941501639434,97.61288389413363,2.3871161058663692,0.0,0.41133936924842884,60.19694375991821,300,60.0,
C107,IGLS,2,"(0.85, 1.0, 1.18)",10,833.2427178513224,235.6352007988637,612.6515220770457,0.2827929914665137,92.22225731967994,7.777742680320058,0.0,0.42800159393221515,20.17161750793457,141,20.0,
C107,RGLS,2,"(0.85, 1.0, 1.18)",10,1178.7517039836805,364.5388289682373,947.800955317417,0.3092583686082919,56.97910506702714,34.57297187476081,8.44792305821204,0.42783158336943633,3.1337621212005615,31,3.0,
C107,RGLS,1,"(0.85, 1.0, 1.18)",11,1290.0728882234816,367.9070917211624,956.5584384750222,0.285183182345453,78.60904654396242,19.058986073363478,2.3319673826740774,0.40034723389196436,8.188854455947876,71,8.0,
C103,ALNS,2,"(0.85, 1.0, 1.18)",10,1027.0650819378577,293.70609019178266,763.635834498635,0.2859663865094318,93.77246441622017,6.227535583779826,0.0,0.439455884344368,60.137322187423706,326,60.0,
C107,IGLS,3,"(0.85, 1.0, 1.18)",10,1125.0009465545177,320.4024170238855,833.0462842621023,0.2848019088385352,80.56086069542445,19.439139304575576,0.0,0.41209139197054595,20.15458607673645,135,20.0,
C107,RGLS,3,"(0.85, 1.0, 1.18)",10,1241.1988127974637,396.237790653289,1030.2182556985515,0.3192379710388478,38.13963344956173,46.56813180764047,15.292234742797756,0.4265473107247287,3.048724412918091,16,3.0,
C107,RGLS,2,"(0.85, 1.0, 1.18)",11,1179.0731306415416,326.8697742925158,849.861413160541,0.27722603950330355,84.26424239820834,15.735757601791635,0.0,0.3891607331970464,8.20150876045227,66,8.0,
C103,ALNS,3,"(0.85, 1.0, 1.18)",10,1068.3122374428096,288.7819337055779,750.8330276345025,0.270316040183933,87.62516848771105,12.374831512288964,0.0,0.37448714525715054,60.39070963859558,324,60.0,
C107,HGLS,1,"(0.85, 1.0, 1.18)",11,1442.5455969601107,409.60282706552636,1064.9673503703686,0.2839444575815739,75.74933263619594,21.419105355082404,2.8315620087216575,0.38885940881017467,3.2720305919647217,33,3.0,
C107,RGLS,3,"(0.85, 1.0, 1.18)",10,1140.3968092094583,333.9337851382951,868.2278413595673,0.29282244780199224,64.11282023902353,33.46817716245193,2.4190025985245134,0.4044720988518579,8.036188840866089,56,8.0,
C107,RGLS,1,"(0.85, 1.0, 1.18)",10,1116.8153196961837,344.0750598355619,894.595155572461,0.30808590620798737,50.01790362640347,38.97473768854609,11.007358685050452,0.42105509549753545,20.31439733505249,174,20.0,
C107,GLS,1,"(0.85, 1.0, 1.18)",10,877.2996057818905,250.45427860619398,651.1811243761043,0.2854831769620795,91.24456788719797,8.755432112802033,0.0,0.4367567034545462,60.47545647621155,405,60.0,
C107,HGLS,1,"(0.85, 1.0, 1.18)",11,1217.0786924980143,344.1408403817469,894.766184992542,0.28275972827641,84.69011553175193,9.952198621068247,5.357685847179829,0.39182777821029946,8.246169328689575,74,8.0,
C107,HGLS,2,"(0.85, 1.0, 1.18)",10,1064.5687772068839,312.74450744266716,813.1357193509347,0.2937757654918426,67.60106680349442,19.30531345626786,13.093619740237719,0.39336757467668043,3.302546501159668,43,3.0,
C107,GLS,2,"(0.85, 1.0, 1.18)",10,828.936866942834,233.96660815874782,608.3131812127443,0.28224900772193895,92.18185641374659,7.818143586253409,0.0,0.42579392010558204,60.17154550552368,398,60.0,
C107,RGLS,2,"(0.85, 1.0, 1.18)",10,945.1847868321757,268.9603907551765,699.2970159634589,0.2845585270755446,86.34798396983162,13.652016030168365,0.0,0.4236518213019507,20.2484188079834,154,20.0,
C107,HGLS,3,"(0.85, 1.0, 1.18)",10,1338.9121653605225,429.37717514798265,1116.3806553847548,0.320691070151242,35.874877624231495,42.582877335146485,21.54224504062199,0.4130224914935547,3.1044955253601074,13,3.0,
C107,GLS,3,"(0.85, 1.0, 1.18)",10,1011.887547218528,288.4891644131839,750.0718274742782,0.28510002441099475,85.50006817574122,14.499931824258779,0.0,0.4231816817892148,60.12193465232849,377,60.0,
C107,RGLS,3,"(0.85, 1.0, 1.18)",10,970.6541407679451,276.7068227680804,719.437739197009,0.2850725208354443,85.97842091550376,11.394989808547429,2.626589275948811,0.4181043307986563,20.179213523864746,137,20.0,
C107,HGLS,2,"(0.85, 1.0, 1.18)",10,946.0082618780643,277.35780899983644,721.1303033995748,0.29318751238938595,84.11967614905024,13.138038758149031,2.742285092800756,0.4432404366416917,8.083911657333374,83,8.0,
C107,ALNS,1,"(0.85, 1.0, 1.18)",10,1197.8412493603541,355.2465732167911,923.6410903636569,0.2965723324409577,67.11136437374886,25.854861880528205,7.033773745722961,0.4120578948201383,3.1889688968658447,13,3.0,
C107,IGLS,1,"(0.85, 1.0, 1.18)",10,864.9003404530167,245.31374152802715,637.8157279728706,0.2836323794248213,90.77263925515629,9.227360744843693,0.0,0.42887948761406464,60.119322299957275,430,60.0,
C107,HGLS,3,"(0.85, 1.0, 1.18)",10,1158.8104002629927,348.1499055286744,905.1897543745536,0.30043733250034826,63.92516371006291,27.657696000869507,8.417140289067596,0.4153483147092749,8.274819374084473,41,8.0,
C107,HGLS,1,"(0.85, 1.0, 1.18)",10,872.3047114944659,241.08162282490883,626.812219344763,0.2763731751624711,96.44065325070561,3.559346749294385,0.0,0.412334119741037,20.439661502838135,169,20.0,
C107,ALNS,2,"(0.85, 1.0, 1.18)",11,1177.7427722014231,332.9198434698716,865.5915930216661,0.2826761932468341,78.83157166080805,16.923737967525305,4.24469037166665,0.3802020682439552,3.086538314819336,9,3.0,
C107,ALNS,1,"(0.85, 1.0, 1.18)",10,1072.644690627352,310.70485153804896,807.8326139989273,0.289662415013054,83.16543038825692,12.981706109542515,3.8528635022005835,0.4230416273698844,8.04698133468628,39,8.0,
C107,HGLS,2,"(0.85, 1.0, 1.18)",10,885.6722739352749,251.10379038557573,652.8698550024969,0.2835177274657764,90.98905127261402,9.010948727385982,0.0,0.4288224259968281,20.222278594970703,153,20.0,
C107,IGLS,2,"(0.85, 1.0, 1.18)",10,833.2427178513224,235.6352007988637,612.6515220770457,0.2827929914665137,92.22225731967994,7.777742680320058,0.0,0.42800159393221515,60.28636598587036,337,60.0,
C107,ALNS,3,"(0.85, 1.0, 1.18)",10,1386.0539415531475,453.65148195858745,1179.4938530923275,0.3272971335085608,29.345008683288853,42.3409160208619,28.314075295849225,0.4141996756525327,3.164475440979004,9,3.0,
C107,ALNS,2,"(0.85, 1.0, 1.18)",11,1115.3763751476895,313.58160983834256,815.3121855796907,0.2811442099953215,79.77154656159558,18.099779648386534,2.1286737900178756,0.3833315049392644,8.426652431488037,35,8.0,
C107,IGLS,3,"(0.85, 1.0, 1.18)",10,918.6523648521796,273.9247606401537,712.2043776643997,0.2981810869057426,80.1813655017781,12.388907820260425,7.429726677961444,0.4378563896072857,60.14664602279663,401,60.0,
C107,HGLS,3,"(0.85, 1.0, 1.18)",10,1084.178510511502,311.3993086274706,809.6382024314236,0.28722143596127564,72.06904077135283,27.930959228647172,0.0,0.40845027454230975,20.111979961395264,125,20.0,
C107,ALNS,1,"(0.85, 1.0, 1.18)",10,1072.644690627352,310.70485153804896,807.8326139989273,0.289662415013054,83.16543038825692,12.981706109542515,3.8528635022005835,0.4230416273698844,20.058002948760986,97,20.0,
C107,ALNS,3,"(0.85, 1.0, 1.18)",10,1386.0539415531475,453.65148195858745,1179.4938530923275,0.3272971335085608,29.345008683288853,42.3409160208619,28.314075295849225,0.4141996756525327,8.10240364074707,37,8.0,
C107,RGLS,1,"(0.85, 1.0, 1.18)",10,828.936866942834,233.96660815874782,608.3131812127443,0.28224900772193895,92.18185641374659,7.818143586253409,0.0,0.42579392010558215,60.07379174232483,413,60.0,
C107,ALNS,2,"(0.85, 1.0, 1.18)",11,1091.8345373083275,292.19984118044067,759.7195870691457,0.26762282305228563,95.56573161103724,4.434268388962745,0.0,0.37722655488958845,20.221239805221558,88,20.0,
C205,GLS,1,"(0.85, 1.0, 1.18)",4,1017.0732218568794,321.39421906055264,835.6249695574369,0.31599909638145857,18.29925262810906,57.08509286645386,24.61565450543706,0.36048809522176584,14.980557680130005,0,3.0,
C107,RGLS,2,"(0.85, 1.0, 1.18)",10,833.2427178513224,235.6352007988637,612.6515220770457,0.2827929914665137,92.22225731967994,7.777742680320057,0.0,0.428001593932215,60.293822050094604,359,60.0,
C107,ALNS,3,"(0.85, 1.0, 1.18)",10,1331.9388684547691,402.0277328192082,1045.2721053299415,0.3018364748868807,55.81850812279865,42.39892323834444,1.782568638856911,0.42406426848604906,20.245418071746826,99,20.0,
C205,GLS,1,"(0.85, 1.0, 1.18)",4,1017.0732218568794,321.39421906055264,835.6249695574369,0.31599909638145857,18.29925262810906,57.08509286645386,24.61565450543706,0.36048809522176584,15.02006220817566,0,8.0,
C107,RGLS,3,"(0.85, 1.0, 1.18)",10,918.1631889971178,265.6682673687884,690.7374951588499,0.28934754796581413,82.47364493827808,10.935945047438725,6.590410014283213,0.41501662834301806,60.18896746635437,344,60.0,
C205,GLS,2,"(0.85, 1.0, 1.18)",3,797.7047266421002,274.99948095087143,714.9986504722657,0.34473843737703364,20.8978033871376,33.97834454615482,45.123852066707556,0.42687246121351,14.968141317367554,0,3.0,
C107,HGLS,1,"(0.85, 1.0, 1.18)",10,828.9368669428338,233.96660815874782,608.3131812127443,0.282249007721939,92.18185641374659,7.8181435862534086,0.0,0.4257939201055819,60.54484963417053,372,60.0,
C205,GLS,2,"(0.85, 1.0, 1.18)",3,797.7047266421002,274.99948095087143,714.9986504722657,0.34473843737703364,20.8978033871376,33.97834454615482,45.123852066707556,0.42687246121351,15.042900800704956,0,8.0,
C205,GLS,1,"(0.85, 1.0, 1.18)",4,891.8774634717539,228.08601334954943,593.0236347088286,0.255736939984663,85.06637136066095,14.933628639339034,0.0,0.31647075505602906,25.949775457382202,15,20.0,
C205,GLS,3,"(0.85, 1.0, 1.18)",4,1012.7179081436453,319.38981501743285,830.4135190453254,0.31537885570018986,20.637838000097847,55.65641855299088,23.705743446911253,0.36382347363215606,14.516218423843384,0,3.0,
C107,HGLS,2,"(0.85, 1.0, 1.18)",10,885.6722739352749,251.10379038557573,652.8698550024969,0.2835177274657764,90.98905127261402,9.010948727385982,0.0,0.4288224259968281,60.08510875701904,378,60.0,
C205,GLS,3,"(0.85, 1.0, 1.18)",4,1012.7179081436453,319.38981501743285,830.4135190453254,0.31537885570018986,20.637838000097847,55.65641855299088,23.705743446911253,0.36382347363215606,14.620050191879272,0,8.0,
C107,HGLS,3,"(0.85, 1.0, 1.18)",10,928.5999627959908,268.7971691627114,698.8726398230497,0.2894649794658294,81.17833126294977,18.821668737050228,0.0,0.4318649005682378,60.09501600265503,333,60.0,
C205,GLS,2,"(0.85, 1.0, 1.18)",3,779.6198056148603,256.9283041627505,668.0135908231514,0.3295558967490823,19.32728772585725,61.34006076209173,19.332651512051005,0.423875388017754,27.980575799942017,5,20.0,
C205,IGLS,1,"(0.85, 1.0, 1.18)",4,1017.0732218568794,321.39421906055264,835.6249695574369,0.31599909638145857,18.29925262810906,57.08509286645386,24.61565450543706,0.36048809522176584,14.621412754058838,0,3.0,
C205,IGLS,1,"(0.85, 1.0, 1.18)",4,1017.0732218568794,321.39421906055264,835.6249695574369,0.31599909638145857,18.29925262810906,57.08509286645386,24.61565450543706,0.36048809522176584,14.718443393707275,0,8.0,
C107,ALNS,1,"(0.85, 1.0, 1.18)",10,905.8878002225235,251.42734008359565,653.7110842173487,0.27754799217059184,98.34416580107212,1.6558341989278778,0.0,0.4189516541045292,60.229854106903076,307,60.0,
C205,GLS,3,"(0.85, 1.0, 1.18)",4,888.1298044435737,223.0022960663384,579.8059697724799,0.2510920081170484,93.47557794669943,6.524422053300579,0.0,0.31005083387887655,21.05906581878662,25,20.0,
C205,IGLS,2,"(0.85, 1.0, 1.18)",3,797.7047266421002,274.99948095087143,714.9986504722657,0.34473843737703364,20.8978033871376,33.97834454615482,45.123852066707556,0.42687246121351,15.035801410675049,0,3.0,
C107,ALNS,2,"(0.85, 1.0, 1.18)",10,867.6490031413621,244.18081929837953,634.8701301757868,0.28142811023157055,89.75978711026676,10.240212889733241,0.0,0.41971276031941246,60.209495067596436,286,60.0,
C205,IGLS,2,"(0.85, 1.0, 1.18)",3,797.7047266421002,274.99948095087143,714.9986504722657,0.34473843737703364,20.8978033871376,33.97834454615482,45.123852066707556,0.42687246121351,14.784979820251465,0,8.0,
C205,IGLS,1,"(0.85, 1.0, 1.18)",3,933.3452627196294,310.03750495225955,806.0975128758748,0.3321787952818835,10.647511269664255,40.65663828351201,48.69585044682372,0.3690150790036105,22.94144892692566,28,20.0,
C107,ALNS,3,"(0.85, 1.0, 1.18)",10,869.0163232610802,245.05363366306176,637.1394475239606,0.2819896785637706,89.09878951673124,10.901210483268764,0.0,0.4208124114375235,60.09997820854187,306,60.0,
C205,IGLS,3,"(0.85, 1.0, 1.18)",4,1012.7179081436453,319.38981501743285,830.4135190453254,0.31537885570018986,20.637838000097847,55.65641855299088,23.705743446911253,0.36382347363215606,14.73287320137024,0,3.0,
C205,IGLS,3,"(0.85, 1.0, 1.18)",4,1012.7179081436453,319.38981501743285,830.4135190453254,0.31537885570018986,20.637838000097847,55.65641855299088,23.705743446911253,0.36382347363215606,14.657752752304077,0,8.0,
C205,IGLS,2,"(0.85, 1.0, 1.18)",3,740.9783855691152,236.42328022913551,614.7005285957523,0.31906906440671473,37.88005510149474,42.59082356563913,19.5291213328661,0.42926914905296215,23.88655400276184,19,20.0,
C205,RGLS,1,"(0.85, 1.0, 1.18)",4,1017.0732218568794,321.39421906055264,835.6249695574369,0.31599909638145857,18.29925262810906,57.08509286645386,24.61565450543706,0.36048809522176584,14.76555061340332,0,3.0,
C205,RGLS,1,"(0.85, 1.0, 1.18)",4,1017.0732218568794,321.39421906055264,835.6249695574369,0.31599909638145857,18.29925262810906,57.08509286645386,24.61565450543706,0.36048809522176584,14.604991436004639,0,8.0,
C205,IGLS,3,"(0.85, 1.0, 1.18)",4,943.4302649167773,271.01932651219306,704.650248931702,0.2872701211637518,43.55430674681986,56.44569325318011,0.0,0.35973765659894336,27.073939561843872,26,20.0,
C205,GLS,1,"(0.85, 1.0, 1.18)",4,783.4752814186126,192.47017078862075,500.42244405041396,0.24566208450140434,100.0,0.0,0.0,0.2967140568682523,66.42158961296082,60,60.0,
C205,RGLS,2,"(0.85, 1.0, 1.18)",3,797.7047266421002,274.99948095087143,714.9986504722657,0.34473843737703364,20.8978033871376,33.97834454615482,45.123852066707556,0.42687246121351,14.774639368057251,0,3.0,
C205,RGLS,2,"(0.85, 1.0, 1.18)",3,797.7047266421002,274.99948095087143,714.9986504722657,0.34473843737703364,20.8978033871376,33.97834454615482,45.123852066707556,0.42687246121351,14.777746438980103,0,8.0,
C205,RGLS,1,"(0.85, 1.0, 1.18)",4,918.3353473625872,251.74917882681996,654.5478649497319,0.2741364356167177,67.99125018583445,19.404571517788458,12.604178296377091,0.3232668842222413,21.46465826034546,20,20.0,
C205,RGLS,3,"(0.85, 1.0, 1.18)",4,1012.7179081436453,319.38981501743285,830.4135190453254,0.31537885570018986,20.637838000097847,55.65641855299088,23.705743446911253,0.36382347363215606,14.72629189491272,0,3.0,
C205,RGLS,2,"(0.85, 1.0, 1.18)",3,777.4507575097056,256.2258541704935,666.1872208432832,0.32957181107035555,19.102214958218024,61.511196414454155,19.386588627327793,0.4233746904868513,20.51508927345276,5,20.0,
C205,GLS,2,"(0.85, 1.0, 1.18)",3,754.8011346444922,244.21661408790737,634.9631966285592,0.32355093663569046,19.79799371615506,66.85952108365545,13.342485200189468,0.42013137726091476,68.54064011573792,20,60.0,
C205,RGLS,3,"(0.85, 1.0, 1.18)",4,1012.7179081436453,319.38981501743285,830.4135190453254,0.31537885570018986,20.637838000097847,55.65641855299088,23.705743446911253,0.36382347363215606,14.620559692382812,0,8.0,
C205,HGLS,1,"(0.85, 1.0, 1.18)",4,1017.0732218568794,321.39421906055264,835.6249695574369,0.31599909638145857,18.29925262810906,57.08509286645386,24.61565450543706,0.36048809522176584,14.66865086555481,0,3.0,
C205,HGLS,1,"(0.85, 1.0, 1.18)",4,1017.0732218568794,321.39421906055264,835.6249695574369,0.31599909638145857,18.29925262810906,57.08509286645386,24.61565450543706,0.36048809522176584,14.853863000869751,0,8.0,
C205,GLS,3,"(0.85, 1.0, 1.18)",4,752.0187361209911,184.62622166343075,480.02817632491997,0.24550747580539872,96.69287361683108,3.307126383168916,0.0,0.29161089005509877,67.02996563911438,55,60.0,
C205,RGLS,3,"(0.85, 1.0, 1.18)",4,1006.6562349329441,268.86027384744784,699.0367120033644,0.2670825099149734,75.9901248084622,24.00987519153781,0.0,0.3427488389568359,22.214502334594727,19,20.0,
C205,HGLS,2,"(0.85, 1.0, 1.18)",3,797.7047266421002,274.99948095087143,714.9986504722657,0.34473843737703364,20.8978033871376,33.97834454615482,45.123852066707556,0.42687246121351,15.14836311340332,0,3.0,
C205,IGLS,1,"(0.85, 1.0, 1.18)",3,804.6636734718786,282.4022537536267,734.2458597594295,0.3509568818176506,3.5124221747028614,59.76099839082235,36.726579434474715,0.4362947990451552,68.90472507476807,110,60.0,
C205,HGLS,2,"(0.85, 1.0, 1.18)",3,797.7047266421002,274.99948095087143,714.9986504722657,0.34473843737703364,20.8978033871376,33.97834454615482,45.123852066707556,0.42687246121351,15.148542642593384,0,8.0,
C205,HGLS,1,"(0.85, 1.0, 1.18)",4,1092.9332683474827,279.76741366071155,727.3952755178501,0.25597849545171264,83.82346142939114,9.64509851988573,6.531440050723127,0.2886551917301736,21.539571523666382,15,20.0,
C205,HGLS,3,"(0.85, 1.0, 1.18)",4,1012.7179081436453,319.38981501743285,830.4135190453254,0.31537885570018986,20.637838000097847,55.65641855299088,23.705743446911253,0.36382347363215606,14.824872970581055,0,3.0,
C205,IGLS,2,"(0.85, 1.0, 1.18)",3,721.819027338267,219.98048487015885,571.949260662413,0.3047585011458407,41.26311397831637,58.736886021683624,0.0,0.4265400107273919,66.47900557518005,38,60.0,
C205,HGLS,3,"(0.85, 1.0, 1.18)",4,1012.7179081436453,319.38981501743285,830.4135190453254,0.31537885570018986,20.637838000097847,55.65641855299088,23.705743446911253,0.36382347363215606,14.728385925292969,0,8.0,
C205,IGLS,3,"(0.85, 1.0, 1.18)",3,771.2233564376329,266.39369061152024,692.6235955899526,0.34541704214201,6.279466247378576,60.152404178685394,33.56812957393597,0.42974231028010146,63.038244009017944,89,60.0,
C205,HGLS,2,"(0.85, 1.0, 1.18)",3,779.7472259409524,257.148143956294,668.5851742863645,0.32978398050212104,19.04595617055065,61.62455151140113,19.329492318048207,0.42410704797598,27.491287231445312,4,20.0,
C205,ALNS,1,"(0.85, 1.0, 1.18)",4,1017.0732218568794,321.39421906055264,835.6249695574369,0.31599909638145857,18.29925262810906,57.08509286645386,24.61565450543706,0.36048809522176584,14.860296726226807,0,3.0,
C205,ALNS,1,"(0.85, 1.0, 1.18)",4,1017.0732218568794,321.39421906055264,835.6249695574369,0.31599909638145857,18.29925262810906,57.08509286645386,24.61565450543706,0.36048809522176584,15.073050498962402,0,8.0,
C205,RGLS,1,"(0.85, 1.0, 1.18)",3,848.284918963015,300.7556111176085,781.9645889057822,0.3545455122381132,15.566051784211659,21.343090563919894,63.09085765186842,0.4117279114471415,61.62993311882019,79,60.0,
C205,HGLS,3,"(0.85, 1.0, 1.18)",4,894.0310091778891,249.65810416999014,649.1110708419744,0.2792499383210036,56.81565209382863,36.85669614993064,6.32765175624071,0.32770730394447367,22.254239320755005,11,20.0,
C205,ALNS,2,"(0.85, 1.0, 1.18)",3,797.7047266421002,274.99948095087143,714.9986504722657,0.34473843737703364,20.8978033871376,33.97834454615482,45.123852066707556,0.42687246121351,15.15225887298584,0,3.0,
C205,ALNS,2,"(0.85, 1.0, 1.18)",3,797.7047266421002,274.99948095087143,714.9986504722657,0.34473843737703364,20.8978033871376,33.97834454615482,45.123852066707556,0.42687246121351,15.207192659378052,0,8.0,
C205,ALNS,1,"(0.85, 1.0, 1.18)",4,852.4371235833662,219.15712981055563,569.8085375074446,0.25709477420374527,93.45646391147915,6.543536088520862,0.0,0.3335168661049933,23.438794136047363,6,20.0,
C205,ALNS,3,"(0.85, 1.0, 1.18)",4,1012.7179081436453,319.38981501743285,830.4135190453254,0.31537885570018986,20.637838000097847,55.65641855299088,23.705743446911253,0.36382347363215606,14.887884855270386,0,3.0,
C205,ALNS,3,"(0.85, 1.0, 1.18)",4,1012.7179081436453,319.38981501743285,830.4135190453254,0.31537885570018986,20.637838000097847,55.65641855299088,23.705743446911253,0.36382347363215606,14.917821645736694,0,8.0,
C205,RGLS,2,"(0.85, 1.0, 1.18)",3,741.9496054067969,236.19150189518896,614.0979049274913,0.3183390087062445,25.417649297745093,62.87944967526477,11.702901026990109,0.41855526755663164,69.52383208274841,26,60.0,
C205,ALNS,2,"(0.85, 1.0, 1.18)",3,800.7042094010637,250.22368073065064,650.5815698996917,0.3125045151415164,43.59841359424869,41.41995835717073,14.981628048580594,0.40835979398222905,20.76904845237732,3,20.0,
C208,GLS,1,"(0.85, 1.0, 1.18)",3,1010.4338798613612,353.5997804446241,919.3594291560228,0.34994846025267934,6.081758039260665,16.179316163714887,77.73892579702445,0.36328966538983226,14.253360986709595,0,3.0,
C205,RGLS,3,"(0.85, 1.0, 1.18)",3,894.2784716713027,313.3054707926416,814.5942240608681,0.35034441811744615,8.247857395818839,46.29017842500893,45.461964179172185,0.42022600467740356,66.68455743789673,61,60.0,
C205,ALNS,3,"(0.85, 1.0, 1.18)",4,792.9430091121891,201.1196969135144,522.9112119751375,0.25363701376054265,96.15806109899455,3.8419389010054514,0.0,0.3234370486062821,21.747601985931396,7,20.0,
C208,GLS,1,"(0.85, 1.0, 1.18)",3,1010.4338798613612,353.5997804446241,919.3594291560228,0.34994846025267934,6.081758039260665,16.179316163714887,77.73892579702445,0.36328966538983226,14.23056173324585,0,8.0,
C205,HGLS,1,"(0.85, 1.0, 1.18)",4,808.6233515522349,199.73579109336418,519.3130568427468,0.24700720144916788,100.0,0.0,0.0,0.30198902529085436,62.674705266952515,68,60.0,
C208,GLS,2,"(0.85, 1.0, 1.18)",4,1171.6395954169402,362.9506436591687,943.6716735138386,0.3097801107771617,10.665935836873915,40.797604511583245,48.5364596515428,0.30049457745207764,15.258138179779053,0,3.0,
C208,GLS,2,"(0.85, 1.0, 1.18)",4,1171.6395954169402,362.9506436591687,943.6716735138386,0.3097801107771617,10.665935836873915,40.797604511583245,48.5364596515428,0.30049457745207764,15.734358787536621,0,8.0,
C208,GLS,1,"(0.85, 1.0, 1.18)",3,975.5151297609052,308.6221833898543,802.4176768136211,0.3163684231791426,15.927813005847945,54.04296523698301,30.02922175716899,0.35729115179227605,20.650658130645752,8,20.0,
C208,GLS,2,"(0.85, 1.0, 1.18)",3,1022.8606509951924,333.2266052926289,866.3891737608352,0.32577908336625916,7.31122373505583,54.7696694231085,37.91910684183568,0.3616606816949183,21.551879167556763,17,20.0,
C205,HGLS,2,"(0.85, 1.0, 1.18)",3,757.4568555731714,246.3558982575089,640.5253354695232,0.3252408324578304,19.12668183539066,69.00152134147208,11.871796823137249,0.42208694270871944,70.8560585975647,18,60.0,
C208,GLS,3,"(0.85, 1.0, 1.18)",4,891.2492959674344,261.7692996217311,680.6001790165009,0.2937105261189412,21.45014204863647,51.75038851252285,26.799469438840642,0.3016626497316061,20.845339059829712,0,3.0,
C208,GLS,3,"(0.85, 1.0, 1.18)",4,891.2492959674344,261.7692996217311,680.6001790165009,0.2937105261189412,21.45014204863647,51.75038851252285,26.799469438840642,0.3016626497316061,21.14997148513794,0,8.0,
C205,HGLS,3,"(0.85, 1.0, 1.18)",4,795.132911678123,198.61211518607877,516.3914994838049,0.24978479983542518,100.0,0.0,0.0,0.31288156798205946,66.04156231880188,58,60.0,
C208,IGLS,1,"(0.85, 1.0, 1.18)",3,1010.4338798613612,353.5997804446241,919.3594291560228,0.34994846025267934,6.081758039260665,16.179316163714887,77.73892579702445,0.36328966538983226,17.398308515548706,0,3.0,
C205,ALNS,1,"(0.85, 1.0, 1.18)",3,824.2921472804127,275.6354710876408,716.652224827866,0.33439050947779253,31.670807812268517,22.018363309902735,46.310828877828705,0.4055241297778163,62.29050254821777,40,60.0,
C208,IGLS,1,"(0.85, 1.0, 1.18)",3,1010.4338798613612,353.5997804446241,919.3594291560228,0.34994846025267934,6.081758039260665,16.179316163714887,77.73892579702445,0.36328966538983226,17.039406538009644,0,8.0,
C208,GLS,3,"(0.85, 1.0, 1.18)",4,886.7584084112232,254.59893618658876,661.9572340851308,0.287111950415836,27.744974404366005,50.556059282250274,21.698966313383696,0.29954320183524324,23.2440824508667,2,20.0,
C205,ALNS,2,"(0.85, 1.0, 1.18)",3,757.3481131583824,221.6342086445003,576.2489424757008,0.2926450925192316,61.10688914832088,38.893110851679104,0.0,0.4097863246907444,60.43150234222412,30,60.0,
C208,IGLS,1,"(0.85, 1.0, 1.18)",3,942.8560203786187,303.15832432221714,788.2116432377646,0.3215319388855142,11.33386178810617,44.03927277217195,44.626865439721854,0.35121530264862627,20.504953145980835,23,20.0,
C208,IGLS,2,"(0.85, 1.0, 1.18)",4,1171.6395954169402,362.9506436591687,943.6716735138386,0.3097801107771617,10.665935836873915,40.797604511583245,48.5364596515428,0.30049457745207764,17.073891639709473,0,3.0,
C208,IGLS,2,"(0.85, 1.0, 1.18)",4,1171.6395954169402,362.9506436591687,943.6716735138386,0.3097801107771617,10.665935836873915,40.797604511583245,48.5364596515428,0.30049457745207764,17.583879470825195,0,8.0,
C205,ALNS,3,"(0.85, 1.0, 1.18)",3,725.7229008551966,227.67009192027342,591.9422389927109,0.3137149064084728,43.40353029601582,47.49687151759968,9.099598186384465,0.42868221310399063,62.183712005615234,38,60.0,
C208,IGLS,2,"(0.85, 1.0, 1.18)",3,1233.6088808297227,390.3559736267454,1014.9255314295382,0.3164341467485163,4.766571101920346,43.13722590478453,52.09620299329514,0.3097641963536915,23.039574146270752,32,20.0,
C208,IGLS,3,"(0.85, 1.0, 1.18)",4,891.2492959674344,261.7692996217311,680.6001790165009,0.2937105261189412,21.45014204863647,51.75038851252285,26.799469438840642,0.3016626497316061,20.835373401641846,0,8.0,
C208,IGLS,3,"(0.85, 1.0, 1.18)",4,891.2492959674344,261.7692996217311,680.6001790165009,0.2937105261189412,21.45014204863647,51.75038851252285,26.799469438840642,0.3016626497316061,21.321701526641846,0,3.0,
C208,IGLS,3,"(0.85, 1.0, 1.18)",3,846.6284502965987,266.0649406123076,691.7688455919998,0.3142641149362478,9.52026552156431,52.4223396727559,38.05739480567979,0.3389691675611134,21.800567865371704,13,20.0,
C208,GLS,1,"(0.85, 1.0, 1.18)",3,903.8193080966817,263.8238112240608,685.9419091825581,0.2918988440063725,33.748207024567265,66.25179297543274,0.0,0.366833529854361,64.43620133399963,35,60.0,
C208,RGLS,1,"(0.85, 1.0, 1.18)",3,1010.4338798613612,353.5997804446241,919.3594291560228,0.34994846025267934,6.081758039260665,16.179316163714887,77.73892579702445,0.36328966538983226,17.182273149490356,0,3.0,
C208,RGLS,1,"(0.85, 1.0, 1.18)",3,1010.4338798613612,353.5997804446241,919.3594291560228,0.34994846025267934,6.081758039260665,16.179316163714887,77.73892579702445,0.36328966538983226,18.190772771835327,0,8.0,
C208,GLS,2,"(0.85, 1.0, 1.18)",3,1031.1129773592777,349.7256387763998,909.2866608186396,0.3391729582068314,14.051867539872363,41.01012371060875,44.93800874951889,0.39325479799144175,63.39633274078369,80,60.0,
C208,RGLS,1,"(0.85, 1.0, 1.18)",3,1002.8659106051301,332.5844427442424,864.7195511350302,0.3316340093199106,4.54124532589669,46.50348614912282,48.95526852498045,0.3569141047554475,21.43524980545044,6,20.0,
C208,RGLS,2,"(0.85, 1.0, 1.18)",4,1171.6395954169402,362.9506436591687,943.6716735138386,0.3097801107771617,10.665935836873915,40.797604511583245,48.5364596515428,0.30049457745207764,19.116753101348877,0,3.0,
C208,RGLS,2,"(0.85, 1.0, 1.18)",4,1171.6395954169402,362.9506436591687,943.6716735138386,0.3097801107771617,10.665935836873915,40.797604511583245,48.5364596515428,0.30049457745207764,18.332364082336426,0,8.0,
C208,GLS,3,"(0.85, 1.0, 1.18)",3,804.0337580460122,236.26117217462533,614.2790476540259,0.2938448414763014,42.68091805388677,35.6042456750954,21.714836271017766,0.3440515106026715,60.88031053543091,42,60.0,
C208,RGLS,2,"(0.85, 1.0, 1.18)",4,1197.9544243979917,326.5754583172727,849.096191624909,0.27261092047085744,45.26455783591594,38.73265097725841,16.002791186825643,0.2763207960982836,22.98099684715271,7,20.0,
C208,RGLS,3,"(0.85, 1.0, 1.18)",4,891.2492959674344,261.7692996217311,680.6001790165009,0.2937105261189412,21.45014204863647,51.75038851252285,26.799469438840642,0.3016626497316061,20.78828239440918,0,3.0,
C208,RGLS,3,"(0.85, 1.0, 1.18)",4,891.2492959674344,261.7692996217311,680.6001790165009,0.2937105261189412,21.45014204863647,51.75038851252285,26.799469438840642,0.3016626497316061,20.92230725288391,0,8.0,
C208,RGLS,3,"(0.85, 1.0, 1.18)",3,845.5874863829555,243.64860591840107,633.4863753878428,0.2881412152403303,34.803990775230105,65.1960092247699,0.0,0.3553031007059458,21.660531520843506,11,20.0,
C208,HGLS,1,"(0.85, 1.0, 1.18)",3,1010.4338798613612,353.5997804446241,919.3594291560228,0.34994846025267934,6.081758039260665,16.179316163714887,77.73892579702445,0.36328966538983226,16.17536687850952,0,3.0,
C208,IGLS,1,"(0.85, 1.0, 1.18)",3,727.9053214515452,206.6336365130937,537.2474549340436,0.28387433148728364,45.27361471349449,54.72638528650546,0.0,0.3647376848016863,62.707213401794434,55,60.0,
C208,HGLS,1,"(0.85, 1.0, 1.18)",3,1010.4338798613612,353.5997804446241,919.3594291560228,0.34994846025267934,6.081758039260665,16.179316163714887,77.73892579702445,0.36328966538983226,15.859906196594238,0,8.0,
C208,HGLS,1,"(0.85, 1.0, 1.18)",3,942.3742488388223,312.0532649795921,811.3384889469395,0.33113517836899603,2.5431238307753357,62.723921969535205,34.73295419968942,0.3827257737717162,20.253183126449585,6,20.0,
C208,IGLS,2,"(0.85, 1.0, 1.18)",3,865.3988641360118,268.86711073932173,699.0544879222365,0.31068576801028114,22.204068502657982,26.74481249748788,51.05111899985411,0.31304847491710014,61.021910190582275,102,60.0,
C208,HGLS,2,"(0.85, 1.0, 1.18)",4,1171.6395954169402,362.9506436591687,943.6716735138386,0.3097801107771617,10.665935836873915,40.797604511583245,48.5364596515428,0.30049457745207764,17.172998428344727,0,3.0,
C208,HGLS,2,"(0.85, 1.0, 1.18)",4,1171.6395954169402,362.9506436591687,943.6716735138386,0.3097801107771617,10.665935836873915,40.797604511583245,48.5364596515428,0.30049457745207764,17.063841104507446,0,8.0,
C208,IGLS,3,"(0.85, 1.0, 1.18)",3,762.8437593630406,209.3483330438221,544.3056659139374,0.2744314684026829,60.09704470245501,32.048771281005095,7.854184016539877,0.32610384417186594,61.78452467918396,66,60.0,
C208,HGLS,3,"(0.85, 1.0, 1.18)",4,891.2492959674344,261.7692996217311,680.6001790165009,0.2937105261189412,21.45014204863647,51.75038851252285,26.799469438840642,0.3016626497316061,20.24576473236084,0,3.0,
C208,HGLS,2,"(0.85, 1.0, 1.18)",4,1195.9437603494835,302.2968216954912,785.9717364082771,0.2527684258389816,60.98894225040219,39.011057749597796,0.0,0.2665031463428671,24.595247745513916,19,20.0,
C208,HGLS,3,"(0.85, 1.0, 1.18)",4,891.2492959674344,261.7692996217311,680.6001790165009,0.2937105261189412,21.45014204863647,51.75038851252285,26.799469438840642,0.3016626497316061,20.23106360435486,0,8.0,
C208,ALNS,1,"(0.85, 1.0, 1.18)",3,1010.4338798613612,353.5997804446241,919.3594291560228,0.34994846025267934,6.081758039260665,16.179316163714887,77.73892579702445,0.36328966538983226,16.28785800933838,0,3.0,
C208,ALNS,1,"(0.85, 1.0, 1.18)",3,1010.4338798613612,353.5997804446241,919.3594291560228,0.34994846025267934,6.081758039260665,16.179316163714887,77.73892579702445,0.36328966538983226,16.482457876205444,0,8.0,
C208,HGLS,3,"(0.85, 1.0, 1.18)",3,1139.576686041676,357.53849664963667,929.6000912890554,0.3137467631876078,17.049760554392098,26.991684225681503,55.95855521992637,0.30120689706188664,26.038963079452515,6,20.0,
C208,RGLS,1,"(0.85, 1.0, 1.18)",3,817.5169365681257,231.31501997157386,601.419051926092,0.2829482908851,45.61365241388981,54.38634758611015,0.0,0.3486005990218048,67.46327924728394,34,60.0,
C208,RGLS,2,"(0.85, 1.0, 1.18)",3,828.7457689065645,247.44174758373578,643.348543717713,0.2985737687809941,23.620037104903222,48.16129328153364,28.2186696135631,0.32201187919860913,62.50787854194641,84,60.0,
C208,ALNS,1,"(0.85, 1.0, 1.18)",3,1001.3128294025339,347.35409208480854,903.1206394205022,0.34689867330679136,6.137157331395546,19.074337212790738,74.7885054558137,0.3614155548967571,21.65667414665222,4,20.0,
C208,ALNS,2,"(0.85, 1.0, 1.18)",4,1171.6395954169402,362.9506436591687,943.6716735138386,0.3097801107771617,10.665935836873915,40.797604511583245,48.5364596515428,0.30049457745207764,17.51447558403015,0,3.0,
R103,GLS,1,"(0.85, 1.0, 1.18)",14,1577.0121867961575,440.8404713893244,1146.1852256122436,0.27954157556951514,24.212742177343056,57.10454125688793,18.682716565769024,0.2624466689478367,3.4234282970428467,40,3.0,
C208,ALNS,2,"(0.85, 1.0, 1.18)",4,1171.6395954169402,362.9506436591687,943.6716735138386,0.3097801107771617,10.665935836873915,40.797604511583245,48.5364596515428,0.30049457745207764,17.478244304656982,0,8.0,
C208,RGLS,3,"(0.85, 1.0, 1.18)",3,944.3425919632675,296.0197187846528,769.6512688400974,0.31346644883318703,6.728028650376913,49.0311658199541,44.24080552966896,0.3176287706256224,60.741695165634155,38,60.0,
R103,GLS,2,"(0.85, 1.0, 1.18)",14,1534.8650591538228,434.28445590687454,1129.1395853578738,0.28294634327417506,28.023494140512994,45.30556971737974,26.670936142107255,0.26475511623184106,3.415644407272339,59,3.0,
R103,GLS,1,"(0.85, 1.0, 1.18)",14,1370.0538133537923,366.4463473794663,952.7605031866125,0.2674685795607052,39.55107202273119,49.99632741893241,10.452600558336421,0.2577126961829338,8.29850697517395,120,8.0,
C208,ALNS,3,"(0.85, 1.0, 1.18)",4,891.2492959674344,261.7692996217311,680.6001790165009,0.2937105261189412,21.45014204863647,51.75038851252285,26.799469438840642,0.3016626497316061,19.98843502998352,0,3.0,
C208,ALNS,2,"(0.85, 1.0, 1.18)",3,1122.2752820558876,354.9124784396758,922.7724439431571,0.3162436918235554,10.408540625980148,44.66367863335257,44.92778074066727,0.32092494951743955,23.784318685531616,5,20.0,
C208,ALNS,3,"(0.85, 1.0, 1.18)",4,891.2492959674344,261.7692996217311,680.6001790165009,0.2937105261189412,21.45014204863647,51.75038851252285,26.799469438840642,0.3016626497316061,19.835999727249146,0,8.0,
R103,GLS,3,"(0.85, 1.0, 1.18)",14,1556.8355661990418,421.49307737700593,1095.8820011802154,0.2707370556840927,29.52295098153526,57.850041144167065,12.627007874297753,0.2539188130970301,3.587357521057129,45,3.0,
C208,ALNS,3,"(0.85, 1.0, 1.18)",3,844.8344615784752,271.08645133404514,704.8247734685174,0.3208752290094222,26.89410143149223,32.95012692076076,40.155771647746995,0.36588918553853517,21.78520703315735,2,20.0,
R103,GLS,2,"(0.85, 1.0, 1.18)",14,1411.9030320250467,368.9505724929826,959.2714884817548,0.26131438499980325,37.53781873562189,52.44229914529344,10.019882119084668,0.23488623076248957,8.495734214782715,114,8.0,
R103,IGLS,1,"(0.85, 1.0, 1.18)",13,1478.1918784702657,413.6545795861553,1075.5019069240038,0.27983821695342653,29.819369833322167,46.12215161214009,24.058478554537682,0.26064679749230146,3.3181514739990234,87,3.0,
R103,GLS,3,"(0.85, 1.0, 1.18)",13,1433.6341965689267,386.11312146414775,1003.8941158067842,0.26932471504113153,28.183165625894027,55.414637862292366,16.40219651181356,0.24161319614448726,8.507369756698608,114,8.0,
C208,HGLS,1,"(0.85, 1.0, 1.18)",3,785.4539300412796,225.45437110771257,586.1813648800527,0.28703703996472946,44.82875106739361,55.171248932606346,0.0,0.3647492202494386,71.12967371940613,36,60.0,
R103,GLS,1,"(0.85, 1.0, 1.18)",14,1358.5653052099558,347.08754696562664,902.4276221106293,0.25548094422445666,50.7012842696427,44.23490409460677,5.063811635750546,0.24508172204069636,20.62459444999695,199,20.0,
C208,HGLS,2,"(0.85, 1.0, 1.18)",3,924.9699485626531,268.7322533720545,698.7038587673418,0.29053079377297397,29.69850318833448,46.2186534900964,24.0828433215691,0.30084289722102775,61.44107246398926,105,60.0,
R103,IGLS,2,"(0.85, 1.0, 1.18)",15,1431.819496946213,363.23704168182354,944.4163083727412,0.25368912943044575,48.85658367650189,37.73669395739955,13.406722366098524,0.2199772913322894,3.2951302528381348,120,3.0,
R103,IGLS,1,"(0.85, 1.0, 1.18)",13,1371.266958183984,369.10233129036914,959.6660613549598,0.2691688362265974,35.64123149797819,50.57214275245464,13.786625749567158,0.25498898538585524,8.334433555603027,137,8.0,
R103,GLS,2,"(0.85, 1.0, 1.18)",13,1354.5797554744267,370.43712935139183,963.1365363136188,0.2734701503210125,33.83113777906021,50.268818164097354,15.900044056842473,0.2602697151316068,20.66742968559265,204,20.0,
C208,HGLS,3,"(0.85, 1.0, 1.18)",3,968.5754286398217,279.1860813580488,725.8838115309269,0.28824402633268537,27.818551548763114,60.16776214570412,12.013686305532728,0.3170225800963954,60.66231608390808,44,60.0,
R103,IGLS,2,"(0.85, 1.0, 1.18)",14,1395.725544795763,375.7883492653216,977.0497080898361,0.2692422952825663,41.659974491756145,42.715700697849016,15.624324810394834,0.25244042916246134,8.55585241317749,182,8.0,
R103,IGLS,3,"(0.85, 1.0, 1.18)",14,1436.115935195296,380.64285244175284,989.6714163485574,0.2650502254819626,37.93904287919802,47.519886553219116,14.541070567582869,0.24428498618572608,3.2506327629089355,81,3.0,
R103,GLS,3,"(0.85, 1.0, 1.18)",13,1354.6485679415941,355.132898706487,923.3455366368663,0.2621586934876519,41.78209979929804,46.479443664846116,11.73845653585583,0.24240484774135904,20.29004192352295,189,20.0,
R103,RGLS,1,"(0.85, 1.0, 1.18)",13,1484.8241283976602,437.59846878500696,1137.7560188410182,0.2947140071445626,20.417699881987758,57.220038135884046,22.362261982128132,0.29917639681257735,3.2558419704437256,43,3.0,
R103,IGLS,3,"(0.85, 1.0, 1.18)",13,1386.9489812181137,376.7340201320545,979.5084523433418,0.27162788626960227,31.89202830762435,55.34785187033454,12.760119822041126,0.2587553154576742,8.280560731887817,131,8.0,
C208,ALNS,1,"(0.85, 1.0, 1.18)",3,1001.3128294025339,347.35409208480854,903.1206394205022,0.34689867330679136,6.137157331395546,19.074337212790738,74.7885054558137,0.3614155548967571,61.02195882797241,35,60.0,
R103,IGLS,1,"(0.85, 1.0, 1.18)",13,1347.7089093389977,366.13798573872424,951.9587629206831,0.27167438250319326,29.44713143091373,58.37808133570266,12.174787233383602,0.25868763059094885,20.52743148803711,203,20.0,
R103,RGLS,2,"(0.85, 1.0, 1.18)",13,1524.8912453672733,443.6909759236304,1153.596537401439,0.290965652318875,21.6141005649929,54.89696714358485,23.488932291422245,0.28832206522390996,3.6884119510650635,45,3.0,
R103,RGLS,1,"(0.85, 1.0, 1.18)",14,1344.3743832569032,348.24161118294546,905.4281890756582,0.2590361848009107,51.42558317262415,41.18243020816751,7.391986619208341,0.2500640557616288,8.524415969848633,101,8.0,
R103,IGLS,2,"(0.85, 1.0, 1.18)",13,1377.5582561289807,376.0822944263479,977.8139655085046,0.2730064538128218,33.48591203843065,48.611916401340814,17.90217156022851,0.2532529669402365,20.435866832733154,297,20.0,
C208,ALNS,2,"(0.85, 1.0, 1.18)",3,857.2698692949982,238.20865654654762,619.3425070210238,0.2778689244525131,45.87279581973481,54.127204180265146,0.0,0.3366079030678122,62.015925884246826,45,60.0,
R103,RGLS,2,"(0.85, 1.0, 1.18)",14,1358.081318414865,358.1317861144786,931.1426438976443,0.26370422835392904,40.29551774106618,59.04588606232026,0.6585961966135275,0.2670181513645685,8.334134817123413,128,8.0,
R103,RGLS,3,"(0.85, 1.0, 1.18)",14,1629.3854962017858,440.8838776879378,1146.2980819886384,0.2705829152865726,33.60579023562923,50.61508192339517,15.77912784097563,0.2501807075891793,3.308568000793457,56,3.0,
R103,IGLS,3,"(0.85, 1.0, 1.18)",13,1328.9811806453222,354.59321778895696,921.9423662512881,0.26681583076802845,39.35692589020116,50.48988356707052,10.153190542728279,0.2569545303569051,20.335849285125732,219,20.0,
C208,ALNS,3,"(0.85, 1.0, 1.18)",3,953.86138804943,288.2412623951392,749.427282227362,0.3021835939753987,4.285225058629673,63.77232364726351,31.94245129410677,0.2998395673023963,61.886643171310425,42,60.0,
R103,RGLS,1,"(0.85, 1.0, 1.18)",14,1283.4188742461886,329.13283208842154,855.745363429896,0.256450048143274,54.23388365412173,39.98117556333187,5.784940782546355,0.2499759424136922,20.302047967910767,173,20.0,
R103,RGLS,3,"(0.85, 1.0, 1.18)",13,1481.444970011631,407.1509108629903,1058.592368243775,0.27483363817408196,29.09371705498485,46.71047758739642,24.195805357618752,0.24868454720384878,8.431974649429321,133,8.0,
R103,HGLS,1,"(0.85, 1.0, 1.18)",13,1469.3174806269822,420.44948457951415,1093.1686599067368,0.28615291802020987,21.752724481273123,59.35850071734149,18.88877480138541,0.2796887301191215,3.4888556003570557,44,3.0,
R103,GLS,1,"(0.85, 1.0, 1.18)",14,1298.2930170749578,330.19043598055976,858.4951335494554,0.2543265900978777,50.788152760924355,46.0217273052421,3.190119933833491,0.2423008138923026,60.422945499420166,452,60.0,
R103,RGLS,2,"(0.85, 1.0, 1.18)",14,1319.5556789433522,334.04855299763653,868.526237793855,0.2531522984048156,52.9386471050367,44.32757847842122,2.733774416541937,0.24280049230718687,20.57021188735962,214,20.0,
R103,HGLS,2,"(0.85, 1.0, 1.18)",14,1579.069204988235,446.6639005177337,1161.3261413461075,0.2828653102135961,27.526949867450327,47.05047572279626,25.422574409753416,0.26710848133434606,3.348068952560425,58,3.0,
R103,HGLS,1,"(0.85, 1.0, 1.18)",13,1367.90244931279,380.8262220290507,990.1481772755319,0.2784015937835122,27.44076222997286,52.57655735497015,19.982680415056922,0.2598195606294372,8.709226369857788,93,8.0,
R103,GLS,2,"(0.85, 1.0, 1.18)",13,1303.7106808144085,354.6679243390107,922.1366032814278,0.27204496331767025,36.56305196714045,47.031282872793675,16.405665160065865,0.25740925530609204,60.368305683135986,423,60.0,
R103,HGLS,3,"(0.85, 1.0, 1.18)",13,1570.2708678213446,455.94742300824413,1185.4632998214347,0.29036227593067654,17.29653850840483,54.293214422014465,28.41024706958068,0.2713764698814155,3.3560211658477783,39,3.0,
R103,RGLS,3,"(0.85, 1.0, 1.18)",13,1390.161081404209,376.53392436521955,978.9882033495709,0.270856326940818,34.877367910537444,41.772484749857256,23.350147339605293,0.23896342320960193,20.75294518470764,208,20.0,
R103,HGLS,2,"(0.85, 1.0, 1.18)",14,1369.1561382247633,370.3992121063235,963.0379514764411,0.27053102401204593,38.39966551545859,47.24630936394341,14.35402512059795,0.2603312997508258,8.325665950775146,132,8.0,
R103,GLS,3,"(0.85, 1.0, 1.18)",13,1308.5849997771136,352.9147702589313,917.5784026732214,0.26969189645230685,40.68708759815253,44.70575550561456,14.607156896232873,0.2648329764987941,60.272104024887085,399,60.0,
R103,ALNS,1,"(0.85, 1.0, 1.18)",14,1620.7076234014653,446.1763916021695,1160.0586181656406,0.27529727457303826,25.75387026363962,53.56308559330744,20.68304414305293,0.24920864209785634,3.5421440601348877,8,3.0,
R103,HGLS,3,"(0.85, 1.0, 1.18)",14,1358.9408992606188,356.25602243926585,926.2656583420912,0.2621571126699475,38.64150969922779,53.09180250541819,8.266687795354025,0.242949930599473,8.450536012649536,107,8.0,
R103,HGLS,1,"(0.85, 1.0, 1.18)",13,1306.2323328837592,357.9974878853087,930.7934685018026,0.27406876929386703,32.232467745045255,50.17376948489384,17.593762770060902,0.2577543707323611,20.401411533355713,182,20.0,
R103,IGLS,1,"(0.85, 1.0, 1.18)",13,1347.7089093389977,366.13798573872424,951.9587629206831,0.27167438250319326,29.44713143091373,58.37808133570266,12.174787233383602,0.25868763059094885,60.31450033187866,471,60.0,
R103,ALNS,2,"(0.85, 1.0, 1.18)",14,1547.8823751101859,432.9971898528738,1125.792693617472,0.27973520263259727,24.84121447734252,48.473346889060146,26.68543863359727,0.25029280994758735,3.5581634044647217,10,3.0,
R103,HGLS,2,"(0.85, 1.0, 1.18)",14,1274.997955579548,335.3936378402048,872.0234583845325,0.2630542553989839,39.05651435948823,53.500535848535186,7.442949791976541,0.24779610787099376,20.381262063980103,222,20.0,
R103,IGLS,2,"(0.85, 1.0, 1.18)",13,1300.654969278574,356.6142094547241,927.1969445822828,0.274180484354375,30.15994401269466,56.180541015245026,13.659514972060371,0.2631474107578857,60.29760432243347,560,60.0,
R103,ALNS,1,"(0.85, 1.0, 1.18)",14,1620.7076234014653,446.1763916021695,1160.0586181656406,0.27529727457303826,25.75387026363962,53.56308559330744,20.68304414305293,0.24920864209785634,8.543919801712036,36,8.0,
R103,ALNS,3,"(0.85, 1.0, 1.18)",14,1574.3954222407378,448.2326401118757,1165.404864290877,0.284701437631173,23.172437824954354,55.94314103984661,20.884421135199048,0.27467450878684946,3.5355613231658936,11,3.0,
R103,IGLS,3,"(0.85, 1.0, 1.18)",13,1278.0489067090186,351.7108332823167,914.4481665340234,0.27519356374864684,34.3773832639805,48.970132493432125,16.65248424258733,0.26734759431916644,60.53484511375427,480,60.0,
R103,HGLS,3,"(0.85, 1.0, 1.18)",13,1322.8658723512572,358.3251547652727,931.645402389709,0.2708703597654892,37.18794533357101,46.43459004969434,16.377464616734624,0.2562108796604613,20.294145822525024,204,20.0,
R103,ALNS,2,"(0.85, 1.0, 1.18)",14,1467.6300891208655,389.4510422340554,1012.5727098085441,0.2653604918030421,36.566223786498206,48.17436763078236,15.259408582719399,0.23838085681489643,8.613298892974854,34,8.0,
R109,GLS,1,"(0.85, 1.0, 1.18)",12,1471.6074895407637,420.650872592306,1093.6922687399956,0.2858444765890503,16.388431839097144,63.761383964880196,19.850184196022564,0.2757043227562968,3.226642370223999,42,3.0,
R103,ALNS,3,"(0.85, 1.0, 1.18)",14,1574.3954222407378,448.2326401118757,1165.404864290877,0.284701437631173,23.172437824954354,55.94314103984661,20.884421135199048,0.27467450878684946,8.279090166091919,32,8.0,
R103,RGLS,1,"(0.85, 1.0, 1.18)",14,1270.614013944257,328.28068725795293,853.5297868706776,0.25836381753645205,51.11295777566546,40.789562338759794,8.097479885574728,0.24566824058166628,60.329737186431885,430,60.0,
R103,ALNS,1,"(0.85, 1.0, 1.18)",14,1455.8553804575495,376.703208887374,979.4283431071724,0.2587504321816518,41.30063372197635,51.43682631066395,7.262539967359639,0.23715722102752007,20.327311277389526,99,20.0,
R109,GLS,2,"(0.85, 1.0, 1.18)",11,1388.428689828577,427.7326475426699,1112.1048836109417,0.30806958303020954,9.54195143116967,54.9673051892459,35.49074337958444,0.3094398675768735,3.5552077293395996,15,3.0,
R109,GLS,1,"(0.85, 1.0, 1.18)",12,1344.4028265616987,374.7560129158277,974.365633581152,0.2787527707556698,26.186034151676395,61.199090631127305,12.614875217196296,0.27772690074535905,8.210618257522583,83,8.0,
R103,RGLS,2,"(0.85, 1.0, 1.18)",14,1288.8422435662371,332.2438766428013,863.8340792712834,0.2577847508500961,47.86293749752995,44.39011194330336,7.746950559166623,0.242460717943654,60.379170656204224,472,60.0,
R103,ALNS,2,"(0.85, 1.0, 1.18)",13,1367.794548727737,376.7683070196012,979.5975982509632,0.2754567982231357,25.978635254078704,58.13234860548113,15.889016140440138,0.2549172836083363,20.355688333511353,89,20.0,
R109,GLS,3,"(0.85, 1.0, 1.18)",11,1386.7574439865837,419.9408664568841,1091.8462527878987,0.30282214692834697,9.626090706363273,58.08406868857526,32.28984060506141,0.30024044306181374,3.2058377265930176,25,3.0,
R103,RGLS,3,"(0.85, 1.0, 1.18)",13,1326.5274705258612,351.628683802594,914.2345778867445,0.26507455866194884,38.36714133757468,46.30339934393599,15.329459318489349,0.23962254160098717,60.45188069343567,421,60.0,
R109,GLS,2,"(0.85, 1.0, 1.18)",11,1310.3376676318778,393.7058182701493,1023.6351275023882,0.3004613451902657,13.380276247403383,56.67119980221114,29.948523950385457,0.29824119813391176,8.246820449829102,48,8.0,
R103,ALNS,3,"(0.85, 1.0, 1.18)",14,1348.8924388839878,358.46565780095455,932.0107102824818,0.26574814082102255,35.037844785960864,48.571739159981405,16.390416054057663,0.23723154343812763,20.473628759384155,87,20.0,
R109,IGLS,1,"(0.85, 1.0, 1.18)",12,1357.8625579335921,383.8609921884944,998.0385796900854,0.2826950267872896,31.51074200742876,46.6529290589964,21.836328933574805,0.2798166087731741,3.2061853408813477,55,3.0,
R109,GLS,3,"(0.85, 1.0, 1.18)",11,1319.869340326594,388.23458912829744,1009.4099317335734,0.29414622892310766,16.794666403807085,56.68148072563666,26.52385287055622,0.2923308155625841,8.271235466003418,55,8.0,
R109,GLS,1,"(0.85, 1.0, 1.18)",12,1197.0592466850821,322.14888834887944,837.5871097070866,0.26911691233410534,45.990384553786726,46.15546209593809,7.854153350275151,0.2838732332715915,20.5726318359375,165,20.0,
R103,HGLS,1,"(0.85, 1.0, 1.18)",13,1284.9901045847992,352.9753044476726,917.7357915639489,0.2746910681944314,33.322241851125,48.40272669694511,18.275031451929873,0.26016950493455604,60.284016847610474,431,60.0,
R109,IGLS,2,"(0.85, 1.0, 1.18)",11,1305.1592986001824,391.35101259989506,1017.5126327597272,0.29984923144602293,19.81455631137145,47.04879549277583,33.13664819585271,0.29875710345819456,3.3673388957977295,35,3.0,
R109,IGLS,1,"(0.85, 1.0, 1.18)",12,1264.7709345570438,349.92568473301435,909.8067803058374,0.27667119410485785,35.87773381857246,52.996573021766615,11.125693159660878,0.2855429092001603,8.42456865310669,100,8.0,
R109,GLS,2,"(0.85, 1.0, 1.18)",11,1250.7960913675238,370.10650660104557,962.2769171627185,0.2958967565979517,18.406387723193586,58.19161470808139,23.401997568724994,0.3019964646532025,20.20346212387085,112,20.0,
R103,HGLS,2,"(0.85, 1.0, 1.18)",14,1288.7493820665975,329.96236660277555,857.9021531672164,0.2560329969459682,50.44811407231654,45.791670359799994,3.760215567883454,0.24901659358218722,60.31029033660889,571,60.0,
R109,IGLS,3,"(0.85, 1.0, 1.18)",11,1351.0145583927197,408.5183315258172,1062.1476619671248,0.30237892625807444,8.83021354264828,58.55889981524529,32.610886642106394,0.2955401556493148,3.1685233116149902,41,3.0,
R109,IGLS,2,"(0.85, 1.0, 1.18)",11,1241.7308396777105,368.5997449239554,958.3593368022841,0.29684351322032476,20.91919280105569,49.57806259960782,29.50274459933646,0.2951993207851993,8.353789567947388,62,8.0,
R109,GLS,3,"(0.85, 1.0, 1.18)",11,1251.386689006981,361.43470701697316,939.7302382441303,0.2888273546395033,22.961387236830202,53.37858968616175,23.660023077007985,0.29045879172750866,20.428930282592773,114,20.0,
R103,HGLS,3,"(0.85, 1.0, 1.18)",13,1290.2852777286435,355.0260152414362,923.0676396277341,0.275153116422755,33.95630923869903,47.02295929946334,19.020731461837595,0.26275000004421284,60.285890340805054,513,60.0,
R109,RGLS,1,"(0.85, 1.0, 1.18)",12,1454.9913717978127,421.8147120142887,1096.7182512371508,0.28990873773573456,15.931048615998753,57.61285245065642,26.456098933344776,0.2761429227629973,3.15838623046875,26,3.0,
R109,IGLS,1,"(0.85, 1.0, 1.18)",12,1223.1591392418188,338.4657801257051,880.0110283268333,0.27671442682062186,36.321511140737364,51.58912065600223,12.08936820326037,0.28705063324632696,20.386528253555298,175,20.0,
R109,IGLS,3,"(0.85, 1.0, 1.18)",11,1271.1455873657717,376.17796466075356,978.0627081179592,0.2959361763118865,17.09416045872608,58.39065248727974,24.515187053994158,0.3006266527268234,8.22639513015747,74,8.0,
R103,ALNS,1,"(0.85, 1.0, 1.18)",13,1350.4879323935515,373.311994656363,970.6111861065439,0.2764274938723218,29.47324061539109,55.2689084022707,15.257850982338212,0.2704380941491229,60.588732957839966,281,60.0,
R109,RGLS,2,"(0.85, 1.0, 1.18)",11,1341.1972160822597,410.22608154673196,1066.5878120215032,0.3058655927910691,12.130064085675004,55.79931803995436,32.07061787437063,0.3096764561167091,3.3675191402435303,24,3.0,
R109,IGLS,2,"(0.85, 1.0, 1.18)",11,1211.3929970773709,358.6968309650409,932.6117605091063,0.2961027774062088,26.853852888469515,43.30900508449536,29.8371420270351,0.3047555139226839,20.249391794204712,137,20.0,
R109,RGLS,1,"(0.85, 1.0, 1.18)",12,1306.2072642877085,363.5541647058595,945.2408282352346,0.27832808364001116,34.210458611709996,48.23146917673671,17.55807221155323,0.27852615820006354,8.317840099334717,90,8.0,
R103,ALNS,2,"(0.85, 1.0, 1.18)",13,1363.3469785744892,374.2938651942844,973.1640495051395,0.274540429601894,28.540892162924365,55.620826124005376,15.838281713070241,0.25607118771508736,60.502551555633545,260,60.0,
R109,RGLS,3,"(0.85, 1.0, 1.18)",11,1411.4965915274372,427.42014897385747,1111.2923873320294,0.3028134474709067,9.75739086445513,57.51967742766547,32.72293170787942,0.2982933403159752,3.478769302368164,30,3.0,
R109,IGLS,3,"(0.85, 1.0, 1.18)",11,1197.3875495552084,348.7016012503168,906.6241632508237,0.2912186629799587,27.074418189246067,50.942114161047364,21.983467649706586,0.3020048871555901,20.53471326828003,147,20.0,
R109,RGLS,2,"(0.85, 1.0, 1.18)",11,1320.7534867607378,400.31370591862975,1040.8156353884374,0.3030949453712469,14.030116238423451,56.93482995603991,29.03505380553663,0.3092316563829517,8.344544887542725,45,8.0,
R103,ALNS,3,"(0.85, 1.0, 1.18)",13,1327.5498513034927,366.46578994774796,952.8110538641447,0.27604672591987645,28.898303702696126,54.65334770331164,16.448348593992204,0.26008919602417113,60.414459228515625,268,60.0,
R109,HGLS,1,"(0.85, 1.0, 1.18)",12,1498.8044572497092,423.94843497852287,1102.2659309441594,0.2828577356625052,16.96526048256126,58.53706795894678,24.49767155849192,0.2573883549503723,3.158350706100464,32,3.0,
R109,RGLS,1,"(0.85, 1.0, 1.18)",11,1295.727718348162,388.99472338004574,1011.3862807881189,0.3002133224995368,19.475456357144648,50.787574770603584,29.736968872251744,0.30851106005737206,20.49646306037903,148,20.0,
R109,RGLS,3,"(0.85, 1.0, 1.18)",11,1334.5486293979316,397.090585971503,1032.435523525908,0.2975467339475269,13.706537849711092,60.73151215133668,25.561949998952205,0.2974097610936144,8.125960350036621,62,8.0,
R109,GLS,1,"(0.85, 1.0, 1.18)",12,1185.5534595915747,318.1641315766163,827.2267420992024,0.26836759574403707,47.54329973246085,45.949995468870135,6.506704798668979,0.2842854953619138,60.262457847595215,384,60.0,
R109,HGLS,2,"(0.85, 1.0, 1.18)",11,1360.9070036574149,428.6244027155152,1114.4234470603396,0.3149549539855363,9.054908491829048,45.648145449644325,45.29694605852666,0.3146286028126083,3.134990692138672,14,3.0,
R109,HGLS,1,"(0.85, 1.0, 1.18)",12,1319.5744556532654,370.99084796193006,964.5762047010181,0.28114430858565553,30.36382296241214,51.253240712779444,18.38293632480836,0.28006135473683713,8.184412479400635,89,8.0,
R109,RGLS,2,"(0.85, 1.0, 1.18)",11,1263.4503973972446,372.966137278195,969.711956923307,0.29519650161693667,22.941305352533146,51.72331237554668,25.33538227192016,0.30345730546883204,20.20385766029358,107,20.0,
R109,GLS,2,"(0.85, 1.0, 1.18)",11,1228.7199222728907,361.52470511565417,939.9642333007009,0.2942287323273024,23.842759355886074,52.034886628864115,24.122354015249787,0.30331147859314034,60.46332907676697,294,60.0,
R109,HGLS,3,"(0.85, 1.0, 1.18)",11,1463.446050504208,447.138438299847,1162.5599395796023,0.3055380402617454,9.211018373123085,55.47496655264222,35.31401507423463,0.30226066934637047,3.344649314880371,17,3.0,
R109,HGLS,2,"(0.85, 1.0, 1.18)",11,1285.7796067250636,383.53200772650916,997.1832200889238,0.2982875181100296,19.882528205242664,54.83728854471752,25.280183250039798,0.3084221717246698,8.337700843811035,47,8.0,
R109,RGLS,3,"(0.85, 1.0, 1.18)",11,1245.2516701712173,360.61705412168345,937.604340716377,0.28959371246785803,21.686294932261035,58.050641717367434,20.263063350371553,0.29436764755308936,20.214729070663452,122,20.0,
R109,GLS,3,"(0.85, 1.0, 1.18)",11,1251.386689006981,361.43470701697316,939.7302382441303,0.2888273546395033,22.961387236830202,53.37858968616175,23.660023077007985,0.29045879172750866,60.369606733322144,294,60.0,
R109,ALNS,1,"(0.85, 1.0, 1.18)",12,1460.47190164358,419.85627507375364,1091.6263151917594,0.2874798718148959,18.356428083705516,56.93623717847384,24.707334737820617,0.2722782512014552,3.20985746383667,11,3.0,
R109,HGLS,3,"(0.85, 1.0, 1.18)",11,1334.1474090833833,394.584558306412,1025.9198515966714,0.29575784176465825,15.715950879914216,58.20001960553481,26.084029514550945,0.29597075036452025,8.250750064849854,49,8.0,
R109,HGLS,1,"(0.85, 1.0, 1.18)",12,1208.9622868488211,330.13206858511904,858.3433783213095,0.27307060954367185,38.222690596770065,48.88876373267875,12.888545670551196,0.27657144665013833,20.2194721698761,185,20.0,
R109,IGLS,1,"(0.85, 1.0, 1.18)",12,1192.9835338768705,320.181081135792,832.4708109530592,0.26838684025695725,42.15278697777101,54.1365674415248,3.7106455807041363,0.283810054064802,60.54112434387207,460,60.0,
R109,ALNS,2,"(0.85, 1.0, 1.18)",11,1374.3543473988793,417.73228792168277,1086.1039485963752,0.3039480238209951,15.47059357676385,45.90057996994118,38.62882645329499,0.30045306756681517,3.1607561111450195,8,3.0,
R109,ALNS,1,"(0.85, 1.0, 1.18)",12,1363.5649740339318,390.9658935512042,1016.511323233131,0.2867233325850119,22.081611648753086,51.917268385911946,26.00111996533495,0.278424752761055,8.581447839736938,31,8.0,
R109,HGLS,2,"(0.85, 1.0, 1.18)",11,1218.9353415923285,364.3667871180429,947.3536465069116,0.2989221615660603,21.825768099672988,51.63883784489529,26.535394055431723,0.30861870417836473,20.29183864593506,110,20.0,
R109,IGLS,2,"(0.85, 1.0, 1.18)",11,1211.3929970773709,358.6968309650409,932.6117605091063,0.2961027774062088,26.853852888469515,43.30900508449536,29.8371420270351,0.3047555139226839,60.327423095703125,336,60.0,
R109,ALNS,3,"(0.85, 1.0, 1.18)",11,1505.3799916728872,467.5267236575381,1215.5694815095992,0.3105705710476387,8.799144249797886,44.894683163867974,46.30617258633408,0.29893534795368143,3.3497354984283447,9,3.0,
R109,HGLS,3,"(0.85, 1.0, 1.18)",11,1270.8639467760609,370.53537699528596,963.3919801877436,0.2915617977323721,18.717107935107194,62.40984325196946,18.873048812923358,0.29799743267265644,20.148908138275146,119,20.0,
R109,ALNS,2,"(0.85, 1.0, 1.18)",11,1374.3543473988793,417.73228792168277,1086.1039485963752,0.3039480238209951,15.47059357676385,45.90057996994118,38.62882645329499,0.30045306756681517,8.466970205307007,35,8.0,
R109,IGLS,3,"(0.85, 1.0, 1.18)",11,1177.789669146192,342.5826307821769,890.71484003366,0.29086910825981627,27.883230795377116,52.34905339218802,19.767715812434822,0.3055833245875693,60.16848063468933,367,60.0,
R109,ALNS,3,"(0.85, 1.0, 1.18)",11,1505.3799916728872,467.5267236575381,1215.5694815095992,0.3105705710476387,8.799144249797886,44.894683163867974,46.30617258633408,0.29893534795368143,8.125904321670532,28,8.0,
R109,ALNS,1,"(0.85, 1.0, 1.18)",12,1282.9774822190298,361.50057885901805,939.9015050334469,0.28176689292610885,27.687790369570752,55.87226293778268,16.43994669264656,0.28232681112167496,20.319791555404663,73,20.0,
R109,RGLS,1,"(0.85, 1.0, 1.18)",11,1295.727718348162,388.99472338004574,1011.3862807881189,0.3002133224995368,19.475456357144648,50.787574770603584,29.736968872251744,0.30851106005737206,60.680182456970215,380,60.0,
R109,ALNS,2,"(0.85, 1.0, 1.18)",11,1374.3543473988793,417.73228792168277,1086.1039485963752,0.3039480238209951,15.47059357676385,45.90057996994118,38.62882645329499,0.30045306756681517,20.16634750366211,80,20.0,
R109,RGLS,2,"(0.85, 1.0, 1.18)",11,1256.2936431290686,371.20871420126747,965.1426569232955,0.2954792585566959,20.514881017977455,56.33415552948064,23.15096345254188,0.3044338348830809,60.20785069465637,277,60.0,
R109,ALNS,3,"(0.85, 1.0, 1.18)",11,1505.3799916728872,467.5267236575381,1215.5694815095992,0.3105705710476387,8.799144249797886,44.894683163867974,46.30617258633408,0.29893534795368143,20.166369199752808,82,20.0,
R109,RGLS,3,"(0.85, 1.0, 1.18)",11,1226.3711956735665,358.47817970422517,932.0432672309855,0.29230805564324774,22.002924299327475,52.94691509025377,25.050160610418768,0.296748811646761,60.355185985565186,286,60.0,
R109,HGLS,1,"(0.85, 1.0, 1.18)",12,1195.1207694347027,327.86220967461907,852.4417451540096,0.274333956918596,34.28229056283598,55.55674031565039,10.160969121513599,0.2786223506353939,60.43124985694885,452,60.0,
R109,HGLS,2,"(0.85, 1.0, 1.18)",11,1212.6219235282758,362.2731581031056,941.9102110680745,0.2987519449170326,22.16913026580883,51.15732129369038,26.673548440500788,0.3092906805221276,60.46484732627869,320,60.0,
R109,HGLS,3,"(0.85, 1.0, 1.18)",11,1245.7921214102096,360.970032287368,938.5220839471568,0.2897514168565762,19.841369973060626,63.50627809159905,16.65235193534036,0.29835257351209815,60.1441867351532,375,60.0,
R109,ALNS,1,"(0.85, 1.0, 1.18)",12,1235.4321323224256,343.99472065075014,894.3862736919504,0.27844080759344675,30.852372959421498,47.077264241659435,22.070362798919092,0.2678693749154126,60.41453218460083,246,60.0,
R109,ALNS,2,"(0.85, 1.0, 1.18)",11,1374.3543473988793,417.73228792168277,1086.1039485963752,0.3039480238209951,15.47059357676385,45.90057996994118,38.62882645329499,0.30045306756681517,60.46261930465698,245,60.0,
R109,ALNS,3,"(0.85, 1.0, 1.18)",11,1251.406502829499,369.9372977897969,961.836974253472,0.29561720907902295,25.23120359844063,47.828580647538246,26.94021575402113,0.3021864324382941,60.55304288864136,248,60.0,
R204,GLS,1,"(0.85, 1.0, 1.18)",3,1163.2874819109466,353.36989996584146,918.7617399111878,0.3037683336756589,12.933072781642483,20.99844014795469,66.06848707040287,0.2466199198074993,68.20754599571228,0,3.0,
R204,GLS,1,"(0.85, 1.0, 1.18)",3,1163.2874819109466,353.36989996584146,918.7617399111878,0.3037683336756589,12.933072781642483,20.99844014795469,66.06848707040287,0.2466199198074993,67.56429648399353,0,8.0,
R204,GLS,1,"(0.85, 1.0, 1.18)",3,1163.2874819109466,353.36989996584146,918.7617399111878,0.3037683336756589,12.933072781642483,20.99844014795469,66.06848707040287,0.2466199198074993,68.10529446601868,0,20.0,
R204,GLS,1,"(0.85, 1.0, 1.18)",3,1163.2874819109466,353.36989996584146,918.7617399111878,0.3037683336756589,12.933072781642483,20.99844014795469,66.06848707040287,0.2466199198074993,67.98761296272278,0,60.0,
R204,GLS,2,"(0.85, 1.0, 1.18)",2,1070.6316957113422,361.8185140342074,940.7281364889393,0.33794862928451813,9.15860066547076,28.456807019129926,62.384592315399296,0.3541805592918994,67.64232230186462,0,3.0,
R204,GLS,2,"(0.85, 1.0, 1.18)",2,1070.6316957113422,361.8185140342074,940.7281364889393,0.33794862928451813,9.15860066547076,28.456807019129926,62.384592315399296,0.3541805592918994,67.84368371963501,0,8.0,
R204,GLS,2,"(0.85, 1.0, 1.18)",2,1070.6316957113422,361.8185140342074,940.7281364889393,0.33794862928451813,9.15860066547076,28.456807019129926,62.384592315399296,0.3541805592918994,68.12895083427429,0,20.0,
R204,GLS,2,"(0.85, 1.0, 1.18)",2,1070.6316957113422,361.8185140342074,940.7281364889393,0.33794862928451813,9.15860066547076,28.456807019129926,62.384592315399296,0.3541805592918994,67.8777916431427,0,60.0,
R204,GLS,3,"(0.85, 1.0, 1.18)",2,1132.2018607873872,394.0569543907387,1024.5480814159207,0.34804478603903083,0.0,28.16390175907474,71.83609824092527,0.358568206158296,78.23497152328491,0,3.0,
R204,GLS,3,"(0.85, 1.0, 1.18)",2,1132.2018607873872,394.0569543907387,1024.5480814159207,0.34804478603903083,0.0,28.16390175907474,71.83609824092527,0.358568206158296,78.53730940818787,0,8.0,
R204,GLS,3,"(0.85, 1.0, 1.18)",2,1132.2018607873872,394.0569543907387,1024.5480814159207,0.34804478603903083,0.0,28.16390175907474,71.83609824092527,0.358568206158296,78.75078082084656,0,20.0,
R204,IGLS,1,"(0.85, 1.0, 1.18)",3,1163.2874819109466,353.36989996584146,918.7617399111878,0.3037683336756589,12.933072781642483,20.99844014795469,66.06848707040287,0.2466199198074993,69.34996843338013,0,3.0,
R204,GLS,3,"(0.85, 1.0, 1.18)",2,1132.2018607873872,394.0569543907387,1024.5480814159207,0.34804478603903083,0.0,28.16390175907474,71.83609824092527,0.358568206158296,79.12383556365967,0,60.0,
R204,IGLS,1,"(0.85, 1.0, 1.18)",3,1163.2874819109466,353.36989996584146,918.7617399111878,0.3037683336756589,12.933072781642483,20.99844014795469,66.06848707040287,0.2466199198074993,69.05521965026855,0,8.0,
R204,IGLS,1,"(0.85, 1.0, 1.18)",3,1163.2874819109466,353.36989996584146,918.7617399111878,0.3037683336756589,12.933072781642483,20.99844014795469,66.06848707040287,0.2466199198074993,69.20856499671936,0,20.0,
R204,IGLS,1,"(0.85, 1.0, 1.18)",3,1163.2874819109466,353.36989996584146,918.7617399111878,0.3037683336756589,12.933072781642483,20.99844014795469,66.06848707040287,0.2466199198074993,69.0799446105957,0,60.0,
R204,IGLS,2,"(0.85, 1.0, 1.18)",2,1070.6316957113422,361.8185140342074,940.7281364889393,0.33794862928451813,9.15860066547076,28.456807019129926,62.384592315399296,0.3541805592918994,68.64572644233704,0,3.0,
R204,IGLS,2,"(0.85, 1.0, 1.18)",2,1070.6316957113422,361.8185140342074,940.7281364889393,0.33794862928451813,9.15860066547076,28.456807019129926,62.384592315399296,0.3541805592918994,68.62910270690918,0,8.0,
R204,IGLS,2,"(0.85, 1.0, 1.18)",2,1070.6316957113422,361.8185140342074,940.7281364889393,0.33794862928451813,9.15860066547076,28.456807019129926,62.384592315399296,0.3541805592918994,68.58894681930542,0,20.0,
R204,IGLS,2,"(0.85, 1.0, 1.18)",2,1070.6316957113422,361.8185140342074,940.7281364889393,0.33794862928451813,9.15860066547076,28.456807019129926,62.384592315399296,0.3541805592918994,68.59238052368164,0,60.0,
R204,IGLS,3,"(0.85, 1.0, 1.18)",2,1132.2018607873872,394.0569543907387,1024.5480814159207,0.34804478603903083,0.0,28.16390175907474,71.83609824092527,0.358568206158296,83.69362878799438,0,3.0,
R204,IGLS,3,"(0.85, 1.0, 1.18)",2,1132.2018607873872,394.0569543907387,1024.5480814159207,0.34804478603903083,0.0,28.16390175907474,71.83609824092527,0.358568206158296,85.63047122955322,0,8.0,
R204,IGLS,3,"(0.85, 1.0, 1.18)",2,1132.2018607873872,394.0569543907387,1024.5480814159207,0.34804478603903083,0.0,28.16390175907474,71.83609824092527,0.358568206158296,91.98430848121643,0,20.0,
R204,RGLS,1,"(0.85, 1.0, 1.18)",3,1163.2874819109466,353.36989996584146,918.7617399111878,0.3037683336756589,12.933072781642483,20.99844014795469,66.06848707040287,0.2466199198074993,83.90125441551208,0,3.0,
R204,IGLS,3,"(0.85, 1.0, 1.18)",2,1132.2018607873872,394.0569543907387,1024.5480814159207,0.34804478603903083,0.0,28.16390175907474,71.83609824092527,0.358568206158296,93.77532124519348,0,60.0,
R204,RGLS,1,"(0.85, 1.0, 1.18)",3,1163.2874819109466,353.36989996584146,918.7617399111878,0.3037683336756589,12.933072781642483,20.99844014795469,66.06848707040287,0.2466199198074993,84.74081993103027,0,8.0,
R204,RGLS,1,"(0.85, 1.0, 1.18)",3,1163.2874819109466,353.36989996584146,918.7617399111878,0.3037683336756589,12.933072781642483,20.99844014795469,66.06848707040287,0.2466199198074993,85.31721806526184,0,20.0,
R204,RGLS,1,"(0.85, 1.0, 1.18)",3,1163.2874819109466,353.36989996584146,918.7617399111878,0.3037683336756589,12.933072781642483,20.99844014795469,66.06848707040287,0.2466199198074993,86.23695635795593,0,60.0,
R204,RGLS,2,"(0.85, 1.0, 1.18)",2,1070.6316957113422,361.8185140342074,940.7281364889393,0.33794862928451813,9.15860066547076,28.456807019129926,62.384592315399296,0.3541805592918994,88.14708089828491,0,3.0,
R204,RGLS,2,"(0.85, 1.0, 1.18)",2,1070.6316957113422,361.8185140342074,940.7281364889393,0.33794862928451813,9.15860066547076,28.456807019129926,62.384592315399296,0.3541805592918994,88.81406879425049,0,8.0,
R204,RGLS,2,"(0.85, 1.0, 1.18)",2,1070.6316957113422,361.8185140342074,940.7281364889393,0.33794862928451813,9.15860066547076,28.456807019129926,62.384592315399296,0.3541805592918994,88.91378712654114,0,20.0,
R204,RGLS,2,"(0.85, 1.0, 1.18)",2,1070.6316957113422,361.8185140342074,940.7281364889393,0.33794862928451813,9.15860066547076,28.456807019129926,62.384592315399296,0.3541805592918994,89.87989354133606,0,60.0,
R204,RGLS,3,"(0.85, 1.0, 1.18)",2,1132.2018607873872,394.0569543907387,1024.5480814159207,0.34804478603903083,0.0,28.16390175907474,71.83609824092527,0.358568206158296,104.32890558242798,0,3.0,
R204,RGLS,3,"(0.85, 1.0, 1.18)",2,1132.2018607873872,394.0569543907387,1024.5480814159207,0.34804478603903083,0.0,28.16390175907474,71.83609824092527,0.358568206158296,104.08512997627258,0,8.0,
R204,RGLS,3,"(0.85, 1.0, 1.18)",2,1132.2018607873872,394.0569543907387,1024.5480814159207,0.34804478603903083,0.0,28.16390175907474,71.83609824092527,0.358568206158296,103.22961401939392,0,20.0,
R204,RGLS,3,"(0.85, 1.0, 1.18)",2,1132.2018607873872,394.0569543907387,1024.5480814159207,0.34804478603903083,0.0,28.16390175907474,71.83609824092527,0.358568206158296,101.76631188392639,0,60.0,
R204,HGLS,1,"(0.85, 1.0, 1.18)",3,1163.2874819109466,353.36989996584146,918.7617399111878,0.3037683336756589,12.933072781642483,20.99844014795469,66.06848707040287,0.2466199198074993,87.49594831466675,0,3.0,
R204,HGLS,1,"(0.85, 1.0, 1.18)",3,1163.2874819109466,353.36989996584146,918.7617399111878,0.3037683336756589,12.933072781642483,20.99844014795469,66.06848707040287,0.2466199198074993,87.85924434661865,0,8.0,
R204,HGLS,1,"(0.85, 1.0, 1.18)",3,1163.2874819109466,353.36989996584146,918.7617399111878,0.3037683336756589,12.933072781642483,20.99844014795469,66.06848707040287,0.2466199198074993,87.85803651809692,0,20.0,
R204,HGLS,1,"(0.85, 1.0, 1.18)",3,1163.2874819109466,353.36989996584146,918.7617399111878,0.3037683336756589,12.933072781642483,20.99844014795469,66.06848707040287,0.2466199198074993,87.96632599830627,0,60.0,
R204,HGLS,2,"(0.85, 1.0, 1.18)",2,1070.6316957113422,361.8185140342074,940.7281364889393,0.33794862928451813,9.15860066547076,28.456807019129926,62.384592315399296,0.3541805592918994,87.16535353660583,0,3.0,
R204,HGLS,2,"(0.85, 1.0, 1.18)",2,1070.6316957113422,361.8185140342074,940.7281364889393,0.33794862928451813,9.15860066547076,28.456807019129926,62.384592315399296,0.3541805592918994,87.022145986557,0,8.0,
R204,HGLS,2,"(0.85, 1.0, 1.18)",2,1070.6316957113422,361.8185140342074,940.7281364889393,0.33794862928451813,9.15860066547076,28.456807019129926,62.384592315399296,0.3541805592918994,87.45789623260498,0,20.0,
R204,HGLS,2,"(0.85, 1.0, 1.18)",2,1070.6316957113422,361.8185140342074,940.7281364889393,0.33794862928451813,9.15860066547076,28.456807019129926,62.384592315399296,0.3541805592918994,87.65578031539917,0,60.0,
R204,HGLS,3,"(0.85, 1.0, 1.18)",2,1132.2018607873872,394.0569543907387,1024.5480814159207,0.34804478603903083,0.0,28.16390175907474,71.83609824092527,0.358568206158296,100.51534128189087,0,3.0,
R204,HGLS,3,"(0.85, 1.0, 1.18)",2,1132.2018607873872,394.0569543907387,1024.5480814159207,0.34804478603903083,0.0,28.16390175907474,71.83609824092527,0.358568206158296,100.65167903900146,0,8.0,
R204,HGLS,3,"(0.85, 1.0, 1.18)",2,1132.2018607873872,394.0569543907387,1024.5480814159207,0.34804478603903083,0.0,28.16390175907474,71.83609824092527,0.358568206158296,101.14480638504028,0,20.0,
R204,HGLS,3,"(0.85, 1.0, 1.18)",2,1132.2018607873872,394.0569543907387,1024.5480814159207,0.34804478603903083,0.0,28.16390175907474,71.83609824092527,0.358568206158296,101.26888179779053,0,60.0,
R204,ALNS,1,"(0.85, 1.0, 1.18)",3,1163.2874819109466,353.36989996584146,918.7617399111878,0.3037683336756589,12.933072781642483,20.99844014795469,66.06848707040287,0.2466199198074993,89.34885311126709,0,3.0,
R204,ALNS,1,"(0.85, 1.0, 1.18)",3,1163.2874819109466,353.36989996584146,918.7617399111878,0.3037683336756589,12.933072781642483,20.99844014795469,66.06848707040287,0.2466199198074993,89.19779968261719,0,8.0,
R204,ALNS,1,"(0.85, 1.0, 1.18)",3,1163.2874819109466,353.36989996584146,918.7617399111878,0.3037683336756589,12.933072781642483,20.99844014795469,66.06848707040287,0.2466199198074993,89.7756245136261,0,20.0,
R204,ALNS,1,"(0.85, 1.0, 1.18)",3,1163.2874819109466,353.36989996584146,918.7617399111878,0.3037683336756589,12.933072781642483,20.99844014795469,66.06848707040287,0.2466199198074993,89.22199320793152,0,60.0,
R204,ALNS,2,"(0.85, 1.0, 1.18)",2,1070.6316957113422,361.8185140342074,940.7281364889393,0.33794862928451813,9.15860066547076,28.456807019129926,62.384592315399296,0.3541805592918994,88.93498682975769,0,3.0,
R204,ALNS,2,"(0.85, 1.0, 1.18)",2,1070.6316957113422,361.8185140342074,940.7281364889393,0.33794862928451813,9.15860066547076,28.456807019129926,62.384592315399296,0.3541805592918994,88.65988540649414,0,8.0,
R204,ALNS,2,"(0.85, 1.0, 1.18)",2,1070.6316957113422,361.8185140342074,940.7281364889393,0.33794862928451813,9.15860066547076,28.456807019129926,62.384592315399296,0.3541805592918994,88.1184651851654,0,20.0,
R204,ALNS,2,"(0.85, 1.0, 1.18)",2,1070.6316957113422,361.8185140342074,940.7281364889393,0.33794862928451813,9.15860066547076,28.456807019129926,62.384592315399296,0.3541805592918994,88.55838632583618,0,60.0,
R210,GLS,1,"(0.85, 1.0, 1.18)",3,1435.7825067480758,449.8784963115959,1169.6840904101493,0.3133333176837013,8.376087963746434,26.315004484017233,65.30890755223633,0.2744732037569383,44.22905445098877,0,8.0,
R210,GLS,1,"(0.85, 1.0, 1.18)",3,1435.7825067480758,449.8784963115959,1169.6840904101493,0.3133333176837013,8.376087963746434,26.315004484017233,65.30890755223633,0.2744732037569383,44.64421486854553,0,3.0,
R210,GLS,1,"(0.85, 1.0, 1.18)",3,1435.7825067480758,449.8784963115959,1169.6840904101493,0.3133333176837013,8.376087963746434,26.315004484017233,65.30890755223633,0.2744732037569383,44.34589505195618,0,20.0,
R204,ALNS,3,"(0.85, 1.0, 1.18)",2,1132.2018607873872,394.0569543907387,1024.5480814159207,0.34804478603903083,0.0,28.16390175907474,71.83609824092527,0.358568206158296,100.47131609916687,0,3.0,
R204,ALNS,3,"(0.85, 1.0, 1.18)",2,1132.2018607873872,394.0569543907387,1024.5480814159207,0.34804478603903083,0.0,28.16390175907474,71.83609824092527,0.358568206158296,101.12615156173706,0,8.0,
R210,GLS,2,"(0.85, 1.0, 1.18)",3,1533.0385987040204,471.0809852085467,1224.8105615422214,0.30728579541753404,8.447863054246511,32.274236112600235,59.27790083315327,0.2602182801007278,44.954280614852905,0,3.0,
R210,GLS,2,"(0.85, 1.0, 1.18)",3,1533.0385987040204,471.0809852085467,1224.8105615422214,0.30728579541753404,8.447863054246511,32.274236112600235,59.27790083315327,0.2602182801007278,45.06046223640442,0,8.0,
R210,GLS,1,"(0.85, 1.0, 1.18)",3,1396.7991181562345,389.97713341665417,1013.9405468833008,0.2791934275641736,16.07108645703823,49.853585880984355,34.07532766197738,0.22683405036944135,61.326204776763916,25,60.0,
R210,GLS,2,"(0.85, 1.0, 1.18)",3,1533.0385987040204,471.0809852085467,1224.8105615422214,0.30728579541753404,8.447863054246511,32.274236112600235,59.27790083315327,0.2602182801007278,44.8619863986969,0,20.0,
R204,ALNS,3,"(0.85, 1.0, 1.18)",2,1132.2018607873872,394.0569543907387,1024.5480814159207,0.34804478603903083,0.0,28.16390175907474,71.83609824092527,0.358568206158296,103.17813181877136,0,20.0,
R204,ALNS,3,"(0.85, 1.0, 1.18)",2,1132.2018607873872,394.0569543907387,1024.5480814159207,0.34804478603903083,0.0,28.16390175907474,71.83609824092527,0.358568206158296,100.32642006874084,0,60.0,
R210,GLS,3,"(0.85, 1.0, 1.18)",3,1572.1985136555215,485.3662370832314,1261.9522164164016,0.30871816304844707,6.422563726628796,22.221533564736344,71.35590270863484,0.25136780092382577,49.464802980422974,0,3.0,
R210,GLS,3,"(0.85, 1.0, 1.18)",3,1572.1985136555215,485.3662370832314,1261.9522164164016,0.30871816304844707,6.422563726628796,22.221533564736344,71.35590270863484,0.25136780092382577,49.78276443481445,0,8.0,
R210,GLS,2,"(0.85, 1.0, 1.18)",3,1387.946298894783,382.4913087166013,994.4774026631634,0.2755807692424252,16.070704234325262,55.85797514622503,28.071320619449672,0.22696237931667657,64.40664625167847,35,60.0,
R210,GLS,3,"(0.85, 1.0, 1.18)",3,1572.1985136555215,485.3662370832314,1261.9522164164016,0.30871816304844707,6.422563726628796,22.221533564736344,71.35590270863484,0.25136780092382577,49.572503328323364,0,20.0,
R210,IGLS,1,"(0.85, 1.0, 1.18)",3,1435.7825067480758,449.8784963115959,1169.6840904101493,0.3133333176837013,8.376087963746434,26.315004484017233,65.30890755223633,0.2744732037569383,44.85554361343384,0,3.0,
R210,IGLS,1,"(0.85, 1.0, 1.18)",3,1435.7825067480758,449.8784963115959,1169.6840904101493,0.3133333176837013,8.376087963746434,26.315004484017233,65.30890755223633,0.2744732037569383,44.83937644958496,0,8.0,
R210,IGLS,1,"(0.85, 1.0, 1.18)",3,1435.7825067480758,449.8784963115959,1169.6840904101493,0.3133333176837013,8.376087963746434,26.315004484017233,65.30890755223633,0.2744732037569383,44.471779346466064,0,20.0,
R210,GLS,3,"(0.85, 1.0, 1.18)",3,1458.8269055902574,414.6678830867423,1078.13649602553,0.2842474878258179,16.919492609132096,38.877946408754326,44.20256098211354,0.2297857091493633,67.37480115890503,20,60.0,
R210,IGLS,2,"(0.85, 1.0, 1.18)",3,1533.0385987040204,471.0809852085467,1224.8105615422214,0.30728579541753404,8.447863054246511,32.274236112600235,59.27790083315327,0.2602182801007278,45.016035318374634,0,3.0,
R210,IGLS,2,"(0.85, 1.0, 1.18)",3,1533.0385987040204,471.0809852085467,1224.8105615422214,0.30728579541753404,8.447863054246511,32.274236112600235,59.27790083315327,0.2602182801007278,44.93721032142639,0,8.0,
R210,IGLS,2,"(0.85, 1.0, 1.18)",3,1533.0385987040204,471.0809852085467,1224.8105615422214,0.30728579541753404,8.447863054246511,32.274236112600235,59.27790083315327,0.2602182801007278,44.98173379898071,0,20.0,
R210,IGLS,3,"(0.85, 1.0, 1.18)",3,1572.1985136555215,485.3662370832314,1261.9522164164016,0.30871816304844707,6.422563726628796,22.221533564736344,71.35590270863484,0.25136780092382577,49.64795780181885,0,3.0,
R210,IGLS,1,"(0.85, 1.0, 1.18)",3,1373.8388883516104,424.4857018876049,1103.6628249077728,0.3089777887980159,6.947796952750095,37.026945122148916,56.02525792510096,0.2733028725873386,65.0722918510437,19,60.0,
R210,IGLS,3,"(0.85, 1.0, 1.18)",3,1572.1985136555215,485.3662370832314,1261.9522164164016,0.30871816304844707,6.422563726628796,22.221533564736344,71.35590270863484,0.25136780092382577,49.981186389923096,0,8.0,
R210,IGLS,3,"(0.85, 1.0, 1.18)",3,1572.1985136555215,485.3662370832314,1261.9522164164016,0.30871816304844707,6.422563726628796,22.221533564736344,71.35590270863484,0.25136780092382577,49.80984687805176,0,20.0,
R210,RGLS,1,"(0.85, 1.0, 1.18)",3,1435.7825067480758,449.8784963115959,1169.6840904101493,0.3133333176837013,8.376087963746434,26.315004484017233,65.30890755223633,0.2744732037569383,44.715598583221436,0,3.0,
R210,RGLS,1,"(0.85, 1.0, 1.18)",3,1435.7825067480758,449.8784963115959,1169.6840904101493,0.3133333176837013,8.376087963746434,26.315004484017233,65.30890755223633,0.2744732037569383,44.62567329406738,0,8.0,
R210,IGLS,2,"(0.85, 1.0, 1.18)",3,1366.0578607186096,407.875878914635,1060.477285178051,0.29857877227841095,9.767252956072918,44.03999451025637,46.19275253367071,0.26033218994160606,66.30468225479126,25,60.0,
R210,RGLS,1,"(0.85, 1.0, 1.18)",3,1435.7825067480758,449.8784963115959,1169.6840904101493,0.3133333176837013,8.376087963746434,26.315004484017233,65.30890755223633,0.2744732037569383,44.63742113113403,0,20.0,
R210,IGLS,3,"(0.85, 1.0, 1.18)",3,1451.731462189344,438.78165290320453,1140.8322975483318,0.30224711961637973,8.908871781909278,40.075286239737,51.01584197835366,0.2600780890817773,61.895410776138306,12,60.0,
R210,RGLS,2,"(0.85, 1.0, 1.18)",3,1533.0385987040204,471.0809852085467,1224.8105615422214,0.30728579541753404,8.447863054246511,32.274236112600235,59.27790083315327,0.2602182801007278,44.55310821533203,0,3.0,
R210,RGLS,2,"(0.85, 1.0, 1.18)",3,1533.0385987040204,471.0809852085467,1224.8105615422214,0.30728579541753404,8.447863054246511,32.274236112600235,59.27790083315327,0.2602182801007278,44.727519273757935,0,8.0,
R210,RGLS,2,"(0.85, 1.0, 1.18)",3,1533.0385987040204,471.0809852085467,1224.8105615422214,0.30728579541753404,8.447863054246511,32.274236112600235,59.27790083315327,0.2602182801007278,44.30195951461792,0,20.0,
R210,RGLS,1,"(0.85, 1.0, 1.18)",3,1416.6514156883038,404.6319424784076,1052.0430504438598,0.2856256225048915,19.93659206883404,38.977330696829945,41.086077234335974,0.23658564812504596,62.212623834609985,21,60.0,
R210,RGLS,2,"(0.85, 1.0, 1.18)",3,1430.5752673535026,392.0570381609004,1019.348299218341,0.2740555125674636,19.180923338165343,52.864772997298175,27.954303664536507,0.2244663192821176,60.976349115371704,34,60.0,
R210,RGLS,3,"(0.85, 1.0, 1.18)",3,1572.1985136555215,485.3662370832314,1261.9522164164016,0.30871816304844707,6.422563726628796,22.221533564736344,71.35590270863484,0.25136780092382577,49.48491072654724,0,3.0,
R210,RGLS,3,"(0.85, 1.0, 1.18)",3,1572.1985136555215,485.3662370832314,1261.9522164164016,0.30871816304844707,6.422563726628796,22.221533564736344,71.35590270863484,0.25136780092382577,49.56169557571411,0,8.0,
R210,RGLS,3,"(0.85, 1.0, 1.18)",3,1572.1985136555215,485.3662370832314,1261.9522164164016,0.30871816304844707,6.422563726628796,22.221533564736344,71.35590270863484,0.25136780092382577,49.339168548583984,0,20.0,
R210,HGLS,1,"(0.85, 1.0, 1.18)",3,1435.7825067480758,449.8784963115959,1169.6840904101493,0.3133333176837013,8.376087963746434,26.315004484017233,65.30890755223633,0.2744732037569383,44.44217562675476,0,3.0,
R210,HGLS,1,"(0.85, 1.0, 1.18)",3,1435.7825067480758,449.8784963115959,1169.6840904101493,0.3133333176837013,8.376087963746434,26.315004484017233,65.30890755223633,0.2744732037569383,44.61447739601135,0,8.0,
R210,HGLS,1,"(0.85, 1.0, 1.18)",3,1435.7825067480758,449.8784963115959,1169.6840904101493,0.3133333176837013,8.376087963746434,26.315004484017233,65.30890755223633,0.2744732037569383,45.32882857322693,0,20.0,
R210,HGLS,2,"(0.85, 1.0, 1.18)",3,1533.0385987040204,471.0809852085467,1224.8105615422214,0.30728579541753404,8.447863054246511,32.274236112600235,59.27790083315327,0.2602182801007278,44.746025800704956,0,3.0,
R210,HGLS,2,"(0.85, 1.0, 1.18)",3,1533.0385987040204,471.0809852085467,1224.8105615422214,0.30728579541753404,8.447863054246511,32.274236112600235,59.27790083315327,0.2602182801007278,44.856154441833496,0,8.0,
R210,HGLS,2,"(0.85, 1.0, 1.18)",3,1533.0385987040204,471.0809852085467,1224.8105615422214,0.30728579541753404,8.447863054246511,32.274236112600235,59.27790083315327,0.2602182801007278,45.671056270599365,0,20.0,
R210,RGLS,3,"(0.85, 1.0, 1.18)",3,1545.9016916306607,481.76712785966265,1252.594532435123,0.3116415037695451,5.669773215210053,23.85934961305312,70.47087717173684,0.26013347879318505,70.24950504302979,3,60.0,
R210,HGLS,1,"(0.85, 1.0, 1.18)",3,1337.9373455036857,402.87523439957215,1047.4756094388877,0.3011166671993179,14.136513839833315,34.30540303210365,51.558083128063046,0.2632260627660146,65.07151627540588,15,60.0,
R210,HGLS,3,"(0.85, 1.0, 1.18)",3,1572.1985136555215,485.3662370832314,1261.9522164164016,0.30871816304844707,6.422563726628796,22.221533564736344,71.35590270863484,0.25136780092382577,49.93059730529785,0,3.0,
R210,ALNS,1,"(0.85, 1.0, 1.18)",3,1435.7825067480758,449.8784963115959,1169.6840904101493,0.3133333176837013,8.376087963746434,26.315004484017233,65.30890755223633,0.2744732037569383,44.35106301307678,0,3.0,
R210,ALNS,1,"(0.85, 1.0, 1.18)",3,1435.7825067480758,449.8784963115959,1169.6840904101493,0.3133333176837013,8.376087963746434,26.315004484017233,65.30890755223633,0.2744732037569383,44.26787757873535,0,8.0,
R210,HGLS,2,"(0.85, 1.0, 1.18)",3,1373.9739255570994,380.3894851739209,989.0126614521944,0.2768534963425059,14.166955942020769,48.19546064615379,37.63758341182543,0.21332119753542725,66.68077492713928,35,60.0,
R210,HGLS,3,"(0.85, 1.0, 1.18)",3,1572.1985136555215,485.3662370832314,1261.9522164164016,0.30871816304844707,6.422563726628796,22.221533564736344,71.35590270863484,0.25136780092382577,50.20462131500244,0,8.0,
R210,HGLS,3,"(0.85, 1.0, 1.18)",3,1572.1985136555215,485.3662370832314,1261.9522164164016,0.30871816304844707,6.422563726628796,22.221533564736344,71.35590270863484,0.25136780092382577,50.546247482299805,0,20.0,
RC102,GLS,1,"(0.85, 1.0, 1.18)",13,1795.0264313878713,543.0924506444593,1412.0403716755943,0.30255401321558995,14.573177194633415,63.31852400886753,22.10829879649907,0.31816562479570565,3.4304354190826416,49,3.0,
R210,ALNS,1,"(0.85, 1.0, 1.18)",3,1435.7825067480758,449.8784963115959,1169.6840904101493,0.3133333176837013,8.376087963746434,26.315004484017233,65.30890755223633,0.2744732037569383,44.36474871635437,0,20.0,
RC102,GLS,2,"(0.85, 1.0, 1.18)",13,1753.1689789235231,526.4559574387123,1368.785489340652,0.30028820026348263,15.886456287033173,61.7484160986723,22.365127614294504,0.31382302461796835,3.4189095497131348,35,3.0,
RC102,GLS,1,"(0.85, 1.0, 1.18)",13,1613.3744850205007,456.16029501865125,1186.0167670484932,0.28273677267981273,29.24813125239752,59.66903698342736,11.082831764175122,0.3013158882130383,8.379577875137329,100,8.0,
RC102,GLS,2,"(0.85, 1.0, 1.18)",13,1589.0641555182694,466.5100374812091,1212.9260974511437,0.2935753322867307,23.987841325182544,60.46444201356274,15.547716661254741,0.3141390165626317,8.47341012954712,89,8.0,
R210,ALNS,2,"(0.85, 1.0, 1.18)",3,1533.0385987040204,471.0809852085467,1224.8105615422214,0.30728579541753404,8.447863054246511,32.274236112600235,59.27790083315327,0.2602182801007278,44.483519077301025,0,3.0,
R210,ALNS,2,"(0.85, 1.0, 1.18)",3,1533.0385987040204,471.0809852085467,1224.8105615422214,0.30728579541753404,8.447863054246511,32.274236112600235,59.27790083315327,0.2602182801007278,44.851478576660156,0,8.0,
R210,HGLS,3,"(0.85, 1.0, 1.18)",3,1542.156280443984,464.4630439999046,1207.603914399752,0.3011776756284301,8.07338986814835,30.449125386281725,61.477484745569896,0.24892521548682323,66.40885305404663,6,60.0,
RC102,GLS,3,"(0.85, 1.0, 1.18)",13,1753.4558772347552,518.8836485311956,1349.0974861811087,0.29592056194164884,15.619787157975395,61.49805434831863,22.882158493705994,0.3048404299386527,3.394256114959717,47,3.0,
R210,ALNS,2,"(0.85, 1.0, 1.18)",3,1533.0385987040204,471.0809852085467,1224.8105615422214,0.30728579541753404,8.447863054246511,32.274236112600235,59.27790083315327,0.2602182801007278,44.185619592666626,0,20.0,
RC102,GLS,1,"(0.85, 1.0, 1.18)",13,1507.4323769367172,425.7134254765256,1106.8549062389666,0.2824096337519472,35.69775565354029,53.31049994364373,10.991744402815954,0.30633057129968544,20.394206047058105,174,20.0,
R210,ALNS,1,"(0.85, 1.0, 1.18)",3,1359.6289421959063,393.31988927966364,1022.6317121271255,0.2892847284086359,20.024158346759883,37.53279119291248,42.44305046032761,0.24715887165999595,61.86001229286194,7,60.0,
RC102,IGLS,1,"(0.85, 1.0, 1.18)",13,1623.8737570093965,486.9266366950701,1266.0092554071823,0.29985498231821756,18.178604337099156,59.696653486837306,22.12474217606352,0.3144066546623034,3.3824541568756104,82,3.0,
RC102,GLS,3,"(0.85, 1.0, 1.18)",13,1652.3754302221719,488.0243632049074,1268.8633443327592,0.29534714343900015,25.750296749296663,56.74178225760318,17.507920993100196,0.32081487626126187,8.311147689819336,94,8.0,
RC102,GLS,2,"(0.85, 1.0, 1.18)",12,1524.9184840708608,461.81825691907954,1200.7274679896068,0.30284783202720983,20.314058110444435,62.70716989310193,16.978771996453656,0.3362882233648324,20.151975393295288,155,20.0,
RC102,IGLS,2,"(0.85, 1.0, 1.18)",12,1575.405583830792,482.5987599541952,1254.7567758809075,0.30633302617900915,17.872156095193233,59.72393138421268,22.403912520594076,0.3365296769723416,3.2658090591430664,74,3.0,
RC102,IGLS,1,"(0.85, 1.0, 1.18)",13,1579.9427581568489,459.5711681764906,1194.8850372588756,0.29087836619639523,30.105538347177575,51.340268756127905,18.554192896694556,0.31204207920974486,8.275357007980347,129,8.0,
R210,ALNS,3,"(0.85, 1.0, 1.18)",3,1572.1985136555215,485.3662370832314,1261.9522164164016,0.30871816304844707,6.422563726628796,22.221533564736344,71.35590270863484,0.25136780092382577,49.8857536315918,0,3.0,
RC102,IGLS,2,"(0.85, 1.0, 1.18)",13,1536.1019217373812,438.6563567086803,1140.5065274425688,0.28556461684036283,31.426532061507334,58.96687679364301,9.606591144849647,0.30931905686298916,8.264841079711914,119,8.0,
RC102,GLS,3,"(0.85, 1.0, 1.18)",13,1529.6583106054902,439.70758353377664,1143.2397171878192,0.28745477371330436,32.633639401054396,57.99025824826877,9.376102350676872,0.3161665584444661,20.3733172416687,174,20.0,
RC102,IGLS,3,"(0.85, 1.0, 1.18)",14,1747.3383525251722,492.4846265889524,1280.4600291312763,0.28184846162006144,26.33412652823293,61.0849171433919,12.580956328375171,0.28616939366879085,3.3491122722625732,68,3.0,
R210,ALNS,2,"(0.85, 1.0, 1.18)",3,1272.6306706112896,330.2065600207858,858.5370560540431,0.2594677054751288,33.88328154536053,56.994907052043594,9.121811402595824,0.22174844265039276,62.041686058044434,9,60.0,
R210,ALNS,3,"(0.85, 1.0, 1.18)",3,1572.1985136555215,485.3662370832314,1261.9522164164016,0.30871816304844707,6.422563726628796,22.221533564736344,71.35590270863484,0.25136780092382577,49.28861927986145,0,8.0,
RC102,RGLS,1,"(0.85, 1.0, 1.18)",14,1741.7600503965793,508.9381910671837,1323.2392967746778,0.2921976485517073,16.68466810024999,66.23186433810541,17.083467561644618,0.30100097627206507,3.355100393295288,40,3.0,
RC102,IGLS,3,"(0.85, 1.0, 1.18)",13,1642.1626893914565,478.7528271946291,1244.7573507060358,0.2915380006423375,23.384882661390247,57.230581633910376,19.38453570469942,0.2999923840623145,8.27491545677185,114,8.0,
RC102,IGLS,1,"(0.85, 1.0, 1.18)",13,1509.3093879394464,439.9913519523492,1143.977515076108,0.29151832981906933,27.98951633038644,62.87182935184026,9.138654317773307,0.3301394032453716,20.228537797927856,208,20.0,
R210,ALNS,3,"(0.85, 1.0, 1.18)",3,1572.1985136555215,485.3662370832314,1261.9522164164016,0.30871816304844707,6.422563726628796,22.221533564736344,71.35590270863484,0.25136780092382577,49.43344044685364,0,20.0,
RC102,RGLS,2,"(0.85, 1.0, 1.18)",12,1744.0314319438933,554.1229237740722,1440.7196018125878,0.3177253079415249,13.267152647812525,53.84120175347208,32.89164559871542,0.34660093120023305,3.424665927886963,37,3.0,
RC102,IGLS,2,"(0.85, 1.0, 1.18)",13,1500.9555940867085,437.3465374718272,1137.1009974267508,0.2913787317858267,31.06981356282396,53.35656311214256,15.573623325033468,0.31719492260269067,20.391131162643433,189,20.0,
RC102,RGLS,1,"(0.85, 1.0, 1.18)",12,1705.1848188723184,523.2735842035715,1360.511318929286,0.30687206360987046,11.127214454195801,60.563291729490416,28.309493816313765,0.32382109735159464,8.455838203430176,95,8.0,
RC102,RGLS,3,"(0.85, 1.0, 1.18)",14,1984.5934697959035,591.2712590296347,1537.3052734770504,0.29793066843580884,15.430881749195342,50.062019032354186,34.507099218450456,0.2910565614007358,3.4538004398345947,22,3.0,
RC102,RGLS,2,"(0.85, 1.0, 1.18)",12,1654.3118503144378,510.3594256127366,1326.9345065931152,0.30850255078311367,17.953124027961366,52.886259235079066,29.16061673695957,0.337526379800432,8.98457407951355,71,8.0,
RC102,IGLS,3,"(0.85, 1.0, 1.18)",13,1524.8108297600659,448.4259735372042,1165.9075311967308,0.2940862989593047,25.516833141640223,54.14487470562695,20.338292152732848,0.3125333021421931,20.469295740127563,174,20.0,
RC102,RGLS,3,"(0.85, 1.0, 1.18)",13,1767.7361743440097,535.3412029828025,1391.8871277552867,0.3028399886546773,20.178148838616984,47.90085681868762,31.920994342695376,0.31254180886468125,8.508894920349121,67,8.0,
RC102,GLS,1,"(0.85, 1.0, 1.18)",13,1492.915748947897,425.065225354628,1105.1695859220329,0.28472150933780715,32.19226458977766,56.152310014579705,11.655425395642633,0.30665142232492837,60.25726056098938,364,60.0,
RC102,RGLS,1,"(0.85, 1.0, 1.18)",13,1623.69777366599,471.5702970567428,1226.0827723475313,0.29042984766310903,23.96076504213298,61.5816370842583,14.457597873608748,0.30553912825743135,20.259077310562134,132,20.0,
R210,ALNS,3,"(0.85, 1.0, 1.18)",3,1561.077489118429,461.7131515673161,1200.4541940750219,0.2957656841416979,10.70512503167122,33.32170496286793,55.973170005460794,0.24488736762839025,65.79172396659851,3,60.0,
RC102,HGLS,1,"(0.85, 1.0, 1.18)",14,1779.0228724565309,507.44280091693645,1319.351282384035,0.28523680542467866,23.747383578962168,61.9401190700905,14.312497350947298,0.29163378971488496,3.296109199523926,50,3.0,
RC102,HGLS,2,"(0.85, 1.0, 1.18)",13,1879.9366052131004,568.4201544216767,1477.8924014963593,0.30236134178431157,10.663528359571034,63.29858059858316,26.03789104184582,0.3081303112529867,3.202569007873535,30,3.0,
RC102,RGLS,2,"(0.85, 1.0, 1.18)",12,1622.033382231274,495.15489534186577,1287.4027278888511,0.30526800543446847,21.11848759645508,50.44691189016917,28.43460051337577,0.3326767470869236,20.352559566497803,117,20.0,
RC102,HGLS,1,"(0.85, 1.0, 1.18)",14,1580.1080227897762,437.6183935995391,1137.8078233588017,0.2769547317574512,34.334470430353484,57.053891742881994,8.611637826764525,0.2906281185676432,8.501819610595703,100,8.0,
RC102,RGLS,3,"(0.85, 1.0, 1.18)",13,1528.7187773519436,443.71992346318063,1153.6718010042696,0.29025608243773593,24.224653512290974,61.985015507310386,13.790330980398636,0.30836553959024343,20.349663257598877,165,20.0,
RC102,GLS,2,"(0.85, 1.0, 1.18)",12,1524.9184840708608,461.81825691907954,1200.7274679896068,0.30284783202720983,20.314058110444435,62.70716989310193,16.978771996453656,0.3362882233648324,60.35771942138672,324,60.0,
RC102,HGLS,2,"(0.85, 1.0, 1.18)",13,1627.1503114045986,467.2242803408174,1214.7831288861253,0.2871426671931109,28.351729999855635,60.43052248440791,11.217747515736434,0.30682327119506797,8.324972867965698,80,8.0,
RC102,HGLS,3,"(0.85, 1.0, 1.18)",14,1932.1574530296116,568.4085854377911,1477.8623221382568,0.29418336717151583,17.569705088382303,61.40228929166136,21.028005619956335,0.29892283502801936,3.3771133422851562,34,3.0,
RC102,GLS,3,"(0.85, 1.0, 1.18)",13,1519.281443073747,434.08750663242813,1128.6275172443131,0.28571895524123586,34.76299793453079,58.00454953625243,7.2324525292167925,0.31710657710160817,60.541003942489624,360,60.0,
RC102,ALNS,1,"(0.85, 1.0, 1.18)",14,1849.559504492982,517.6576240774293,1345.9098226013164,0.2798815733259333,22.706126090701677,63.00355609159642,14.290317817701892,0.27485311819412955,3.3061954975128174,11,3.0,
RC102,HGLS,1,"(0.85, 1.0, 1.18)",13,1520.0939695214743,435.9202907145775,1133.3927558579016,0.28677193611379515,27.29025874232634,66.7930409934581,5.916700264215603,0.31719729551664755,20.26244020462036,190,20.0,
RC102,HGLS,3,"(0.85, 1.0, 1.18)",13,1799.615879889794,536.4012971134334,1394.643372494927,0.2980643275643255,14.417683805343822,51.81296687735563,33.76934931730056,0.28742294847621,8.382540464401245,85,8.0,
RC102,IGLS,1,"(0.85, 1.0, 1.18)",13,1494.5293161671443,435.694953725909,1132.8068796873633,0.29152653548696394,27.711968881315865,58.230025120232234,14.05800599845187,0.31676918199718923,60.30912971496582,418,60.0,
RC102,ALNS,2,"(0.85, 1.0, 1.18)",13,1768.9246450235203,521.7011876558179,1356.4230879051265,0.29492561434061604,12.405921904371601,65.32774350209898,22.26633459352943,0.2946496050334991,3.338909864425659,10,3.0,
RC102,HGLS,2,"(0.85, 1.0, 1.18)",13,1528.9537179707202,433.1419675311396,1126.1691155809629,0.28329305357000634,37.72417357780732,49.102855367329276,13.172971054863376,0.3033645404396095,20.29440212249756,147,20.0,
RC102,IGLS,2,"(0.85, 1.0, 1.18)",13,1500.9555940867085,437.3465374718272,1137.1009974267508,0.2913787317858267,31.06981356282396,53.35656311214256,15.573623325033468,0.31719492260269067,60.44047141075134,416,60.0,
RC102,ALNS,1,"(0.85, 1.0, 1.18)",14,1588.219817611537,447.66196480443136,1163.9211084915216,0.2818639837133206,31.93877297133475,56.177520154139025,11.883706874526215,0.292277569078351,8.352492570877075,33,8.0,
RC102,ALNS,3,"(0.85, 1.0, 1.18)",14,1923.1499241210454,564.2917922612147,1467.1586598791582,0.29342059357078887,19.25347909995467,55.775842461311115,24.97067843873421,0.29535865771658504,3.559166193008423,9,3.0,
RC102,ALNS,2,"(0.85, 1.0, 1.18)",13,1660.5701642502486,495.311254215675,1287.809260960755,0.29827782341212256,17.46453761442772,59.02307507051969,23.512387315052575,0.3094013924441113,8.327340126037598,30,8.0,
RC102,HGLS,3,"(0.85, 1.0, 1.18)",13,1743.7680536709006,508.5708303684853,1322.2841589580619,0.29165050322940905,19.864492392565943,58.90577145294152,21.22973615449251,0.2950105958006328,20.30445098876953,153,20.0,
RC102,IGLS,3,"(0.85, 1.0, 1.18)",13,1535.7618296308494,442.6917276406317,1150.9984918656426,0.28825545673774255,30.88902401719744,58.84944266189887,10.261533320903752,0.3192063830266482,60.40285873413086,410,60.0,
RC106,GLS,1,"(0.85, 1.0, 1.18)",12,1591.2581775863634,501.57890093946844,1304.105142442618,0.3152090012824119,11.080034708598351,60.58957004802895,28.33039524337271,0.3446827523553859,3.2049262523651123,19,3.0,
RC102,ALNS,3,"(0.85, 1.0, 1.18)",14,1923.1499241210454,564.2917922612147,1467.1586598791582,0.29342059357078887,19.25347909995467,55.775842461311115,24.97067843873421,0.29535865771658504,8.258432388305664,31,8.0,
RC102,ALNS,1,"(0.85, 1.0, 1.18)",14,1539.2050092134953,423.754208994166,1101.7609433848315,0.2753071919969234,37.69507892016587,56.147970021652945,6.1569510581811535,0.29239773470535657,20.40331506729126,74,20.0,
RC102,RGLS,1,"(0.85, 1.0, 1.18)",13,1532.3302307435492,442.6242236208175,1150.8229814141255,0.28885694136964074,25.81762009668743,59.982908573871526,14.199471329441064,0.30875713078632716,60.3857147693634,354,60.0,
RC106,GLS,2,"(0.85, 1.0, 1.18)",12,1657.0735958468574,521.4975320360262,1355.8935832936681,0.3147099400672737,11.231476718646622,59.7635595310966,29.00496375025673,0.34499003100834397,3.11517333984375,31,3.0,
RC102,RGLS,2,"(0.85, 1.0, 1.18)",12,1502.6752056311511,447.20721832245675,1162.7387676383876,0.2976073716040463,25.475204591602363,60.59127240838474,13.933523000012928,0.33938858295905333,60.20842790603638,312,60.0,
RC102,ALNS,2,"(0.85, 1.0, 1.18)",13,1660.5701642502486,495.311254215675,1287.809260960755,0.29827782341212256,17.46453761442772,59.02307507051969,23.512387315052575,0.3094013924441113,20.551623821258545,82,20.0,
RC106,GLS,1,"(0.85, 1.0, 1.18)",12,1446.1338980957332,449.4407778419125,1168.5460223889725,0.3107878035593629,20.316926741560646,50.830191243271834,28.85288201516755,0.34259585409023163,8.385643482208252,57,8.0,
RC106,GLS,3,"(0.85, 1.0, 1.18)",12,1568.9197331177916,495.3917029552045,1288.0184276835316,0.31575337635071443,7.694452940315254,68.40041036653324,23.905136693151494,0.35395982264037007,3.375802993774414,24,3.0,
RC106,GLS,2,"(0.85, 1.0, 1.18)",12,1476.0640834598914,453.4299134902709,1178.9177750747044,0.30718850121156804,17.71450003875176,62.48273864959475,19.802761311653487,0.3483480791675533,8.390974760055542,85,8.0,
RC102,ALNS,3,"(0.85, 1.0, 1.18)",14,1537.1164808246756,427.716536570917,1112.0629950843843,0.27825902715026746,34.44288184372799,54.753155349825825,10.80396280644621,0.2891845493082794,20.391297578811646,82,20.0,
RC102,RGLS,3,"(0.85, 1.0, 1.18)",13,1455.4313978300725,429.0738436996247,1115.5919936190244,0.2948087036869881,30.53917049014592,49.58901867146537,19.8718108383887,0.31886600801974513,60.3405122756958,374,60.0,
RC106,IGLS,1,"(0.85, 1.0, 1.18)",12,1490.1482575897862,461.3263494140706,1199.4485084765836,0.3095841954412205,16.366562015306627,62.02739140357216,21.60604658112123,0.3456305130720973,3.214954376220703,44,3.0,
RC106,GLS,3,"(0.85, 1.0, 1.18)",12,1476.096048928074,453.3138730516284,1178.6160699342338,0.3071032358502825,17.590962716619607,68.05177944816887,14.357257835211465,0.3534172738412512,8.391794681549072,60,8.0,
RC106,GLS,1,"(0.85, 1.0, 1.18)",12,1409.7569431375607,426.8589255740214,1109.8332064924557,0.30278902164794624,23.368588791434515,57.841821200545155,18.78959000802034,0.33899534884413496,20.244098663330078,114,20.0,
RC102,HGLS,1,"(0.85, 1.0, 1.18)",13,1494.865106133183,431.87862550274895,1122.8844263071474,0.28890809192804273,23.2485089044937,71.42212104362355,5.329370051882772,0.3213105264677019,60.379252910614014,450,60.0,
RC106,IGLS,2,"(0.85, 1.0, 1.18)",13,1558.6567345761277,454.9680117853635,1182.9168306419451,0.2918975048788345,23.903659389276598,63.73222627825781,12.3641143324656,0.31723044535151884,3.275987148284912,76,3.0,
RC106,GLS,2,"(0.85, 1.0, 1.18)",12,1438.1413224166608,427.795149016773,1112.2673874436098,0.297463915644885,21.79157709168106,67.96138769771375,10.247035210605194,0.339594808115737,20.533928871154785,150,20.0,
RC106,IGLS,1,"(0.85, 1.0, 1.18)",12,1433.1280363111744,433.55187735097627,1127.2348811125382,0.3025213842490479,24.02517151624816,59.5971796335573,16.37764885019455,0.34426148170016907,8.304406642913818,75,8.0,
RC102,HGLS,2,"(0.85, 1.0, 1.18)",12,1500.8254234258575,453.1386094029294,1178.1603844476165,0.30192626159581776,17.56698840105771,65.97693858880592,16.456073010136333,0.3342673147323399,60.411683797836304,369,60.0,
RC106,IGLS,3,"(0.85, 1.0, 1.18)",12,1504.8741987674268,462.58877798145323,1202.7308227517785,0.3073936534763759,13.947096936908178,69.38168869829816,16.671214364793677,0.34649117996325074,3.2026898860931396,54,3.0,
RC106,IGLS,2,"(0.85, 1.0, 1.18)",12,1529.0871387565535,465.20120161010834,1209.5231241862816,0.3042345918810146,13.812367097142968,69.54357770797986,16.644055194877136,0.33459230733170575,8.168479204177856,120,8.0,
RC106,GLS,3,"(0.85, 1.0, 1.18)",12,1418.1322919983597,429.59691771330614,1116.951986054596,0.3029314825825876,25.336897814768403,60.57247938044517,14.090622804786443,0.34839716947666965,20.232083797454834,125,20.0,
RC102,HGLS,3,"(0.85, 1.0, 1.18)",13,1514.4836717965454,433.9202794026921,1128.1927264469994,0.28651367293247687,30.550488409641105,59.39404571368322,10.055465876675656,0.31252540894928976,60.208630084991455,380,60.0,
RC106,RGLS,1,"(0.85, 1.0, 1.18)",12,1601.3728711914114,507.6079291480049,1319.7806157848129,0.3169829702250094,10.606760513112334,61.0111919977898,28.382047489097893,0.34991529477089717,3.3023829460144043,15,3.0,
RC106,IGLS,1,"(0.85, 1.0, 1.18)",12,1421.7781175539787,429.58315374347137,1116.9161997330257,0.3021450031053541,24.709416512996157,58.02699737136452,17.263586115639352,0.3412151346849294,20.233654260635376,135,20.0,
RC106,IGLS,3,"(0.85, 1.0, 1.18)",12,1450.0604819900118,443.9073693230986,1154.1591602400563,0.30613024410809114,18.722930236337916,63.85080781888088,17.42626194478124,0.34490914366444203,8.256917953491211,90,8.0,
RC102,ALNS,1,"(0.85, 1.0, 1.18)",13,1550.2136789500696,442.7007518520113,1151.0219548152295,0.28557401980341457,28.71884559789024,59.23476572667986,12.046388675429897,0.3045146855012829,60.44758081436157,228,60.0,
RC106,RGLS,2,"(0.85, 1.0, 1.18)",12,1683.0008516840408,529.9889212246931,1377.971195184202,0.3149071022123231,6.341546474131213,60.48017697131384,33.17827655455492,0.335942428600389,3.3849122524261475,37,3.0,
RC106,RGLS,1,"(0.85, 1.0, 1.18)",12,1469.753289775685,445.2152519418994,1157.5596550489386,0.30291835714131893,21.377671783525813,61.695756588436836,16.926571628037333,0.3400127399819594,8.277992963790894,53,8.0,
RC106,IGLS,2,"(0.85, 1.0, 1.18)",12,1440.1713717727503,443.5103020073558,1153.1267852191252,0.30795661592788476,16.073398685738194,64.47373337994681,19.45286793431499,0.34372421704179756,20.414555311203003,180,20.0,
RC102,ALNS,2,"(0.85, 1.0, 1.18)",13,1525.0581104399848,439.09057587116075,1141.635497265018,0.2879172753256474,24.19020662847523,60.97996537726489,14.829827994259908,0.2982782931893964,60.30297660827637,234,60.0,
RC106,RGLS,3,"(0.85, 1.0, 1.18)",12,1536.1019198866852,479.3824808364757,1246.3944501748367,0.31207726169096817,13.83780658211211,60.50688941186819,25.655304006019676,0.345406338151562,3.4030039310455322,32,3.0,
RC106,RGLS,2,"(0.85, 1.0, 1.18)",12,1484.6753231712414,462.6400527189003,1202.8641370691407,0.31161025275930965,17.379384313574437,58.142620586699366,24.477995099726147,0.3480011795237221,8.371527910232544,92,8.0,
RC106,IGLS,3,"(0.85, 1.0, 1.18)",12,1440.0924680474827,443.245656058234,1152.4387057514084,0.3077897189888082,16.118056395376357,66.33506077897133,17.54688282565235,0.3473892990285696,20.436742782592773,156,20.0,
RC102,ALNS,3,"(0.85, 1.0, 1.18)",13,1498.0346208921026,432.94260326662425,1125.650768493223,0.28900707448857244,25.835125079356654,63.26880420286765,10.896070717775657,0.30930458178647413,60.79095506668091,224,60.0,
RC106,HGLS,1,"(0.85, 1.0, 1.18)",12,1590.4245311844552,494.0594177261625,1284.5544860880225,0.31064625075810165,11.429618707024332,68.39691443717867,20.173466855797,0.3472888108361453,3.3981642723083496,27,3.0,
RC106,RGLS,3,"(0.85, 1.0, 1.18)",12,1468.845218087613,456.20972776649097,1186.1452921928765,0.31059074308759416,13.438178999543986,62.88937984047817,23.672441159977883,0.34505932976149717,8.27796983718872,63,8.0,
RC106,RGLS,1,"(0.85, 1.0, 1.18)",12,1456.840859894986,441.4205599490071,1147.6934558674186,0.3029984757434839,17.347073407033218,67.17859874295108,15.47432785001572,0.3359822642966608,20.460291385650635,108,20.0,
RC106,GLS,1,"(0.85, 1.0, 1.18)",12,1409.7569431375607,426.8589255740214,1109.8332064924557,0.30278902164794624,23.368588791434515,57.841821200545155,18.78959000802034,0.33899534884413496,60.32169055938721,294,60.0,
RC106,HGLS,2,"(0.85, 1.0, 1.18)",13,1681.6279421608176,495.566396562101,1288.4726310614626,0.29469443515865945,22.242565958478473,61.90889920877534,15.848534832746163,0.3200415311187954,3.3068957328796387,41,3.0,
RC106,HGLS,1,"(0.85, 1.0, 1.18)",12,1484.472635408809,445.1684558098447,1157.4379851055962,0.2998832347537681,19.778397885519947,68.99616901507602,11.225433099403988,0.339745539850201,8.28774094581604,65,8.0,
RC106,GLS,2,"(0.85, 1.0, 1.18)",12,1437.7487980871763,427.6836881333116,1111.9775891466102,0.2974676026175885,23.708703570848783,63.97157172567853,12.319724703472655,0.3383510507726681,60.319944620132446,323,60.0,
RC106,RGLS,2,"(0.85, 1.0, 1.18)",12,1463.4129242383713,444.8820285518775,1156.6932742348815,0.30400307471892457,22.475786447814155,62.05940719334119,15.464806358844653,0.3484742031204255,20.357162475585938,169,20.0,
RC106,HGLS,3,"(0.85, 1.0, 1.18)",12,1634.4892026885395,517.3875620071616,1345.2076612186202,0.3165438848761563,12.906249460110061,53.36153115653999,33.73221938334996,0.3433156043801357,3.2094743251800537,20,3.0,
RC106,HGLS,2,"(0.85, 1.0, 1.18)",12,1499.8252234449849,465.3056836234207,1209.7947774208938,0.31023993752728657,18.924159406766943,59.71166197601892,21.364178617214147,0.34950912010377666,8.427878379821777,96,8.0,
RC106,RGLS,3,"(0.85, 1.0, 1.18)",12,1454.7544502652333,439.1783060628332,1141.8635957633664,0.3018917082417321,26.253956726677433,56.73674980228332,17.009293471039253,0.3432591174020952,20.32378077507019,117,20.0,
RC106,GLS,3,"(0.85, 1.0, 1.18)",12,1421.832613591807,427.6623037581973,1111.921989771313,0.3007824547489066,27.79124561091989,58.856744179327876,13.35201020975222,0.34744930618336867,60.61383128166199,325,60.0,
RC106,ALNS,1,"(0.85, 1.0, 1.18)",12,1684.9133583705777,546.9343957023009,1422.0294288259824,0.32460683689470093,7.038904716604674,48.69533714884345,44.26575813455183,0.3441756163507757,3.2757253646850586,10,3.0,
RC106,HGLS,3,"(0.85, 1.0, 1.18)",12,1537.7005334051055,480.37948195131145,1248.9866530734098,0.31240119354550294,11.391189898403447,69.04639440583816,19.562415695758382,0.35208294185902655,8.199247121810913,45,8.0,
RC106,HGLS,1,"(0.85, 1.0, 1.18)",12,1435.3615412397362,426.70990726393234,1109.4457588862242,0.2972839211613394,25.854189207983477,62.80929680018905,11.336513991827442,0.3369340589567178,20.328832387924194,124,20.0,
RC106,IGLS,1,"(0.85, 1.0, 1.18)",12,1428.1688814972258,429.535012071061,1116.7910313847585,0.3007592572810832,24.61832750259623,58.19533740236036,17.186335095043454,0.33631253881026985,60.20776987075806,357,60.0,
RC106,ALNS,2,"(0.85, 1.0, 1.18)",12,1551.2026437830045,484.16540172209034,1258.830044477435,0.3121225996245914,16.363721105067505,62.212014151255495,21.424264743676993,0.35683330110965933,3.3224728107452393,9,3.0,
RC106,ALNS,1,"(0.85, 1.0, 1.18)",12,1684.9133583705777,546.9343957023009,1422.0294288259824,0.32460683689470093,7.038904716604674,48.69533714884345,44.26575813455183,0.3441756163507757,8.537995100021362,31,8.0,
RC106,HGLS,2,"(0.85, 1.0, 1.18)",12,1462.3574580120974,455.32521219950036,1183.845551718701,0.31136382537991864,19.610608773048593,52.50990134021643,27.87948988673495,0.3452088534234632,20.442994832992554,164,20.0,
RC106,IGLS,2,"(0.85, 1.0, 1.18)",12,1420.7175994416632,416.8619274457752,1083.8410113590155,0.2934164591257266,24.03982474103876,69.49087474246829,6.469300516492964,0.3354987826293546,60.28719758987427,391,60.0,
RC106,ALNS,3,"(0.85, 1.0, 1.18)",12,1559.8419860192698,489.12549811816024,1271.7262951072166,0.3135737481758731,14.250351332728263,55.76718692645309,29.982461740818653,0.3443182560036437,3.268191337585449,9,3.0,
RC106,ALNS,2,"(0.85, 1.0, 1.18)",12,1513.403360469814,468.2845305789969,1217.539779505392,0.3094247989733714,15.916084663776786,61.669239772282594,22.414675563940595,0.34372546565682055,8.515421390533447,26,8.0,
RC106,HGLS,3,"(0.85, 1.0, 1.18)",12,1482.1377261537755,445.32917457737017,1157.8558539011624,0.30046409771446986,21.532300884417804,67.76981028466787,10.6978888309143,0.34452535393881484,20.238149404525757,106,20.0,
RC106,IGLS,3,"(0.85, 1.0, 1.18)",12,1393.566232613985,420.3977106181019,1093.0340476070648,0.3016704199480637,20.78112809282766,71.51541517619634,7.703456730975987,0.35394547942408744,60.411986112594604,397,60.0,
RC106,ALNS,3,"(0.85, 1.0, 1.18)",12,1493.4611254041781,462.0287173492006,1201.2746651079215,0.3093677562073542,14.547110074442184,64.35574457044491,21.097145355112882,0.3494813931330361,8.327536821365356,26,8.0,
RC106,ALNS,1,"(0.85, 1.0, 1.18)",12,1684.9133583705777,546.9343957023009,1422.0294288259824,0.32460683689470093,7.038904716604674,48.69533714884345,44.26575813455183,0.3441756163507757,20.45664143562317,76,20.0,
RC106,RGLS,1,"(0.85, 1.0, 1.18)",12,1450.3504973882773,436.80296482920284,1135.6877085559274,0.3011706243530629,19.091627614995126,65.98462932784753,14.92374305715733,0.3326893040172827,60.34255242347717,315,60.0,
RC106,ALNS,2,"(0.85, 1.0, 1.18)",12,1445.6336924643576,442.91773029760253,1151.5860987737667,0.30638309871054886,23.184998759001044,54.66975913763158,22.145242103367313,0.3451625158576984,20.4566752910614,71,20.0,
RC106,RGLS,2,"(0.85, 1.0, 1.18)",12,1464.5319146421825,437.6766410317181,1137.959266682467,0.2988508728665378,25.031172815718275,58.169168921875716,16.799658262405984,0.3364170281554813,60.37160587310791,344,60.0,
RC106,ALNS,3,"(0.85, 1.0, 1.18)",12,1493.4611254041781,462.0287173492006,1201.2746651079215,0.3093677562073542,14.547110074442184,64.35574457044491,21.097145355112882,0.3494813931330361,20.28887438774109,75,20.0,
RC106,RGLS,3,"(0.85, 1.0, 1.18)",12,1454.7544502652333,439.1783060628332,1141.8635957633664,0.3018917082417321,26.253956726677433,56.73674980228332,17.009293471039253,0.3432591174020952,60.37350678443909,300,60.0,
RC106,HGLS,1,"(0.85, 1.0, 1.18)",12,1435.0260778667805,425.76368925191684,1106.9855920549837,0.2966940432781754,29.078229490739137,58.654648686668175,12.267121822592664,0.3402240215969123,60.48272490501404,323,60.0,
RC106,HGLS,2,"(0.85, 1.0, 1.18)",13,1431.1130013177092,398.8066052337666,1036.8971736077933,0.2786688436668258,42.36368764681422,52.09173787919909,5.544574473986659,0.3132788297246894,60.408679246902466,436,60.0,
RC203,GLS,1,"(0.85, 1.0, 1.18)",3,1714.0290170449362,547.5034226104145,1423.508898787078,0.3194248272146147,7.137118426399881,31.371437263555787,61.49144431004433,0.2955922341125032,37.92456293106079,0,3.0,
RC106,HGLS,3,"(0.85, 1.0, 1.18)",12,1464.7468847648183,437.07532899613597,1136.3958553899536,0.29839648989341483,26.24487183439208,62.64036904182356,11.114759123784317,0.34427092990133235,60.36574840545654,321,60.0,
RC203,GLS,1,"(0.85, 1.0, 1.18)",3,1714.0290170449362,547.5034226104145,1423.508898787078,0.3194248272146147,7.137118426399881,31.371437263555787,61.49144431004433,0.2955922341125032,37.68290686607361,0,20.0,
RC203,GLS,2,"(0.85, 1.0, 1.18)",3,1705.9507612708053,532.6097587500283,1384.7853727500735,0.31220699380166983,13.552659147558535,21.999968281782838,64.44737257065867,0.2773479055933411,30.05277943611145,0,3.0,
RC203,GLS,1,"(0.85, 1.0, 1.18)",3,1714.0290170449362,547.5034226104145,1423.508898787078,0.3194248272146147,7.137118426399881,31.371437263555787,61.49144431004433,0.2955922341125032,38.09671759605408,0,8.0,
RC203,GLS,2,"(0.85, 1.0, 1.18)",3,1705.9507612708053,532.6097587500283,1384.7853727500735,0.31220699380166983,13.552659147558535,21.999968281782838,64.44737257065867,0.2773479055933411,30.095694541931152,0,8.0,
RC106,ALNS,1,"(0.85, 1.0, 1.18)",12,1684.9133583705777,546.9343957023009,1422.0294288259824,0.32460683689470093,7.038904716604674,48.69533714884345,44.26575813455183,0.3441756163507757,60.1743106842041,223,60.0,
RC203,GLS,2,"(0.85, 1.0, 1.18)",3,1705.9507612708053,532.6097587500283,1384.7853727500735,0.31220699380166983,13.552659147558535,21.999968281782838,64.44737257065867,0.2773479055933411,30.036571741104126,0,20.0,
RC106,ALNS,2,"(0.85, 1.0, 1.18)",12,1452.2448054978854,439.9534773568322,1143.8790411277637,0.30294718610200105,21.49356803204953,63.11941355046626,15.387018417484173,0.3460151334056502,60.5299437046051,218,60.0,
RC203,GLS,3,"(0.85, 1.0, 1.18)",3,1846.8826874183274,592.0890301648061,1539.431478428496,0.32058832658855024,10.51364932383825,25.52099116080642,63.965359515355324,0.30068631699000287,32.345898151397705,0,3.0,
RC106,ALNS,3,"(0.85, 1.0, 1.18)",12,1493.4611254041781,462.0287173492006,1201.2746651079215,0.3093677562073542,14.547110074442184,64.35574457044491,21.097145355112882,0.3494813931330361,60.387532472610474,227,60.0,
RC203,GLS,3,"(0.85, 1.0, 1.18)",3,1846.8826874183274,592.0890301648061,1539.431478428496,0.32058832658855024,10.51364932383825,25.52099116080642,63.965359515355324,0.30068631699000287,32.19109630584717,0,8.0,
RC203,GLS,3,"(0.85, 1.0, 1.18)",3,1846.8826874183274,592.0890301648061,1539.431478428496,0.32058832658855024,10.51364932383825,25.52099116080642,63.965359515355324,0.30068631699000287,32.555460691452026,0,20.0,
RC203,GLS,1,"(0.85, 1.0, 1.18)",3,1440.0227474885216,424.178580473882,1102.8643092320933,0.2945638054771514,12.699539472896651,63.677547274559615,23.62291325254373,0.28693209178696505,67.3302538394928,30,60.0,
RC203,IGLS,2,"(0.85, 1.0, 1.18)",3,1705.9507612708053,532.6097587500283,1384.7853727500735,0.31220699380166983,13.552659147558535,21.999968281782838,64.44737257065867,0.2773479055933411,30.20795249938965,0,3.0,
RC203,IGLS,2,"(0.85, 1.0, 1.18)",3,1705.9507612708053,532.6097587500283,1384.7853727500735,0.31220699380166983,13.552659147558535,21.999968281782838,64.44737257065867,0.2773479055933411,30.398736715316772,0,8.0,
RC203,GLS,2,"(0.85, 1.0, 1.18)",3,1647.2677430490944,481.00860960520913,1250.6223849735438,0.2920039026047227,8.39868335889929,63.771758625345726,27.829558015755044,0.2698720564826521,61.06797003746033,32,60.0,
RC203,IGLS,1,"(0.85, 1.0, 1.18)",3,1714.0290170449362,547.5034226104145,1423.508898787078,0.3194248272146147,7.137118426399881,31.371437263555787,61.49144431004433,0.2955922341125032,38.85908794403076,0,3.0,
RC203,IGLS,1,"(0.85, 1.0, 1.18)",3,1714.0290170449362,547.5034226104145,1423.508898787078,0.3194248272146147,7.137118426399881,31.371437263555787,61.49144431004433,0.2955922341125032,38.84823250770569,0,20.0,
RC203,IGLS,1,"(0.85, 1.0, 1.18)",3,1714.0290170449362,547.5034226104145,1423.508898787078,0.3194248272146147,7.137118426399881,31.371437263555787,61.49144431004433,0.2955922341125032,39.03456473350525,0,8.0,
RC203,IGLS,2,"(0.85, 1.0, 1.18)",3,1705.9507612708053,532.6097587500283,1384.7853727500735,0.31220699380166983,13.552659147558535,21.999968281782838,64.44737257065867,0.2773479055933411,30.592856884002686,0,20.0,
RC203,IGLS,3,"(0.85, 1.0, 1.18)",3,1846.8826874183274,592.0890301648061,1539.431478428496,0.32058832658855024,10.51364932383825,25.52099116080642,63.965359515355324,0.30068631699000287,33.08016514778137,0,3.0,
RC203,IGLS,3,"(0.85, 1.0, 1.18)",3,1846.8826874183274,592.0890301648061,1539.431478428496,0.32058832658855024,10.51364932383825,25.52099116080642,63.965359515355324,0.30068631699000287,32.85413980484009,0,8.0,
RC203,GLS,3,"(0.85, 1.0, 1.18)",3,1655.8779650972024,502.4588794378353,1306.3930865383718,0.30343955897036184,3.1096270204893437,64.17068154649988,32.71969143301081,0.29778642312697784,61.16808485984802,27,60.0,
RC203,IGLS,3,"(0.85, 1.0, 1.18)",3,1846.8826874183274,592.0890301648061,1539.431478428496,0.32058832658855024,10.51364932383825,25.52099116080642,63.965359515355324,0.30068631699000287,33.21951365470886,0,20.0,
RC203,IGLS,1,"(0.85, 1.0, 1.18)",3,1615.187764140262,507.41005764750037,1319.266149883501,0.31414927038998863,6.828999925562326,44.83392537184812,48.33707470258954,0.30198287211927993,61.033753871917725,29,60.0,
RC203,RGLS,2,"(0.85, 1.0, 1.18)",3,1705.9507612708053,532.6097587500283,1384.7853727500735,0.31220699380166983,13.552659147558535,21.999968281782838,64.44737257065867,0.2773479055933411,30.152424812316895,0,3.0,
RC203,RGLS,2,"(0.85, 1.0, 1.18)",3,1705.9507612708053,532.6097587500283,1384.7853727500735,0.31220699380166983,13.552659147558535,21.999968281782838,64.44737257065867,0.2773479055933411,30.516504764556885,0,8.0,
RC203,RGLS,2,"(0.85, 1.0, 1.18)",3,1705.9507612708053,532.6097587500283,1384.7853727500735,0.31220699380166983,13.552659147558535,21.999968281782838,64.44737257065867,0.2773479055933411,30.225767850875854,0,20.0,
RC203,RGLS,1,"(0.85, 1.0, 1.18)",3,1714.0290170449362,547.5034226104145,1423.508898787078,0.3194248272146147,7.137118426399881,31.371437263555787,61.49144431004433,0.2955922341125032,38.57172727584839,0,3.0,
RC203,RGLS,1,"(0.85, 1.0, 1.18)",3,1714.0290170449362,547.5034226104145,1423.508898787078,0.3194248272146147,7.137118426399881,31.371437263555787,61.49144431004433,0.2955922341125032,38.8767786026001,0,8.0,
RC203,RGLS,1,"(0.85, 1.0, 1.18)",3,1714.0290170449362,547.5034226104145,1423.508898787078,0.3194248272146147,7.137118426399881,31.371437263555787,61.49144431004433,0.2955922341125032,38.35425519943237,0,20.0,
RC203,IGLS,2,"(0.85, 1.0, 1.18)",3,1502.894097807428,443.0431060940535,1151.912075844539,0.2947932969730928,15.666062760564513,52.92879152646306,31.40514571297244,0.28379419862110333,60.74231505393982,47,60.0,
RC203,RGLS,3,"(0.85, 1.0, 1.18)",3,1846.8826874183274,592.0890301648061,1539.431478428496,0.32058832658855024,10.51364932383825,25.52099116080642,63.965359515355324,0.30068631699000287,32.799028635025024,0,3.0,
RC203,RGLS,3,"(0.85, 1.0, 1.18)",3,1846.8826874183274,592.0890301648061,1539.431478428496,0.32058832658855024,10.51364932383825,25.52099116080642,63.965359515355324,0.30068631699000287,32.31317734718323,0,8.0,
RC203,RGLS,3,"(0.85, 1.0, 1.18)",3,1846.8826874183274,592.0890301648061,1539.431478428496,0.32058832658855024,10.51364932383825,25.52099116080642,63.965359515355324,0.30068631699000287,33.07807946205139,0,20.0,
RC203,IGLS,3,"(0.85, 1.0, 1.18)",3,1734.5364295841607,532.4093871358294,1384.2644065531565,0.30694621228766567,11.194620410733853,45.06142125872762,43.74395833053855,0.2953177659049463,63.50846338272095,30,60.0,
RC203,RGLS,1,"(0.85, 1.0, 1.18)",3,1532.5759237473628,457.40490057614386,1189.252741497974,0.298454969498493,6.700183430644416,57.058579179673764,36.24123738968184,0.28015413591458965,63.166499853134155,25,60.0,
RC203,HGLS,2,"(0.85, 1.0, 1.18)",3,1705.9507612708053,532.6097587500283,1384.7853727500735,0.31220699380166983,13.552659147558535,21.999968281782838,64.44737257065867,0.2773479055933411,30.536925315856934,0,3.0,
RC203,HGLS,2,"(0.85, 1.0, 1.18)",3,1705.9507612708053,532.6097587500283,1384.7853727500735,0.31220699380166983,13.552659147558535,21.999968281782838,64.44737257065867,0.2773479055933411,30.47980546951294,0,8.0,
RC203,HGLS,2,"(0.85, 1.0, 1.18)",3,1705.9507612708053,532.6097587500283,1384.7853727500735,0.31220699380166983,13.552659147558535,21.999968281782838,64.44737257065867,0.2773479055933411,30.379971265792847,0,20.0,
RC203,HGLS,1,"(0.85, 1.0, 1.18)",3,1714.0290170449362,547.5034226104145,1423.508898787078,0.3194248272146147,7.137118426399881,31.371437263555787,61.49144431004433,0.2955922341125032,38.52812600135803,0,3.0,
RC203,HGLS,1,"(0.85, 1.0, 1.18)",3,1714.0290170449362,547.5034226104145,1423.508898787078,0.3194248272146147,7.137118426399881,31.371437263555787,61.49144431004433,0.2955922341125032,38.75533938407898,0,8.0,
RC203,HGLS,1,"(0.85, 1.0, 1.18)",3,1714.0290170449362,547.5034226104145,1423.508898787078,0.3194248272146147,7.137118426399881,31.371437263555787,61.49144431004433,0.2955922341125032,38.76752471923828,0,20.0,
RC203,RGLS,2,"(0.85, 1.0, 1.18)",3,1520.896272686697,423.0432628513297,1099.9124834134573,0.27815392176878334,19.799336788088514,63.58988533005754,16.61077788185398,0.2541984904892489,63.06215286254883,53,60.0,
RC203,HGLS,3,"(0.85, 1.0, 1.18)",3,1846.8826874183274,592.0890301648061,1539.431478428496,0.32058832658855024,10.51364932383825,25.52099116080642,63.965359515355324,0.30068631699000287,32.954612493515015,0,3.0,
RC203,RGLS,3,"(0.85, 1.0, 1.18)",3,1592.8626776803744,466.54391687961777,1213.0141838870063,0.29289650854210986,5.761783388266672,76.89731472946794,17.34090188226536,0.28947354969357925,63.00850701332092,40,60.0,
RC203,HGLS,3,"(0.85, 1.0, 1.18)",3,1846.8826874183274,592.0890301648061,1539.431478428496,0.32058832658855024,10.51364932383825,25.52099116080642,63.965359515355324,0.30068631699000287,33.14412236213684,0,8.0,
RC203,HGLS,3,"(0.85, 1.0, 1.18)",3,1846.8826874183274,592.0890301648061,1539.431478428496,0.32058832658855024,10.51364932383825,25.52099116080642,63.965359515355324,0.30068631699000287,33.192742109298706,0,20.0,
RC203,HGLS,1,"(0.85, 1.0, 1.18)",3,1587.2800544123736,486.7126106326991,1265.4527876450177,0.3066331043975002,8.346935148356666,53.44248445376998,38.210580397873386,0.29514309931219224,60.93715047836304,13,60.0,
RC203,ALNS,2,"(0.85, 1.0, 1.18)",3,1705.9507612708053,532.6097587500283,1384.7853727500735,0.31220699380166983,13.552659147558535,21.999968281782838,64.44737257065867,0.2773479055933411,30.509583234786987,0,3.0,
RC203,ALNS,2,"(0.85, 1.0, 1.18)",3,1705.9507612708053,532.6097587500283,1384.7853727500735,0.31220699380166983,13.552659147558535,21.999968281782838,64.44737257065867,0.2773479055933411,30.262650728225708,0,8.0,
RC203,ALNS,2,"(0.85, 1.0, 1.18)",3,1705.9507612708053,532.6097587500283,1384.7853727500735,0.31220699380166983,13.552659147558535,21.999968281782838,64.44737257065867,0.2773479055933411,30.279085159301758,0,20.0,
RC203,ALNS,1,"(0.85, 1.0, 1.18)",3,1714.0290170449362,547.5034226104145,1423.508898787078,0.3194248272146147,7.137118426399881,31.371437263555787,61.49144431004433,0.2955922341125032,38.63607668876648,0,3.0,
RC203,ALNS,1,"(0.85, 1.0, 1.18)",3,1714.0290170449362,547.5034226104145,1423.508898787078,0.3194248272146147,7.137118426399881,31.371437263555787,61.49144431004433,0.2955922341125032,38.111822843551636,0,20.0,
RC203,ALNS,1,"(0.85, 1.0, 1.18)",3,1714.0290170449362,547.5034226104145,1423.508898787078,0.3194248272146147,7.137118426399881,31.371437263555787,61.49144431004433,0.2955922341125032,38.38210129737854,0,8.0,
RC203,HGLS,2,"(0.85, 1.0, 1.18)",3,1440.1754840143672,412.9885568368978,1073.7702477759344,0.2867626628983624,22.73475324310837,57.00383743182448,20.26140932506721,0.2777930133462908,65.31534218788147,38,60.0,
RC203,ALNS,3,"(0.85, 1.0, 1.18)",3,1846.8826874183274,592.0890301648061,1539.431478428496,0.32058832658855024,10.51364932383825,25.52099116080642,63.965359515355324,0.30068631699000287,32.48170876502991,0,3.0,
RC203,ALNS,3,"(0.85, 1.0, 1.18)",3,1846.8826874183274,592.0890301648061,1539.431478428496,0.32058832658855024,10.51364932383825,25.52099116080642,63.965359515355324,0.30068631699000287,32.953611612319946,0,8.0,
RC203,ALNS,3,"(0.85, 1.0, 1.18)",3,1846.8826874183274,592.0890301648061,1539.431478428496,0.32058832658855024,10.51364932383825,25.52099116080642,63.965359515355324,0.30068631699000287,32.69266176223755,0,20.0,
RC203,HGLS,3,"(0.85, 1.0, 1.18)",3,1766.0157054175006,531.9673225034478,1383.1150385089643,0.30122457058086377,10.844513674977865,52.545310506949015,36.610175818073095,0.2945408214779773,62.43146085739136,22,60.0,
RC203,ALNS,1,"(0.85, 1.0, 1.18)",3,1488.7467486443054,419.6775757500773,1091.161696950201,0.28189991086949306,26.334792532496163,61.02314078633632,12.642066681167504,0.2801226250642241,62.58841633796692,12,60.0,
RC207,GLS,1,"(0.85, 1.0, 1.18)",3,1446.3028354936007,437.06836962169405,1136.3777610164045,0.3021969942225339,20.800615922035036,37.25836651050896,41.941017567455994,0.28966197034063856,40.40260910987854,0,3.0,
RC207,GLS,1,"(0.85, 1.0, 1.18)",3,1446.3028354936007,437.06836962169405,1136.3777610164045,0.3021969942225339,20.800615922035036,37.25836651050896,41.941017567455994,0.28966197034063856,39.800604581832886,0,8.0,
RC207,GLS,2,"(0.85, 1.0, 1.18)",3,1714.4722815340533,558.6613321549853,1452.5194636029619,0.3258503145090882,2.8788647002298307,17.09488204737773,80.02625325239245,0.28391636154795413,36.696876525878906,0,3.0,
RC207,GLS,2,"(0.85, 1.0, 1.18)",3,1714.4722815340533,558.6613321549853,1452.5194636029619,0.3258503145090882,2.8788647002298307,17.09488204737773,80.02625325239245,0.28391636154795413,36.95137357711792,0,8.0,
RC207,GLS,1,"(0.85, 1.0, 1.18)",3,1446.3028354936007,437.06836962169405,1136.3777610164045,0.3021969942225339,20.800615922035036,37.25836651050896,41.941017567455994,0.28966197034063856,40.28475379943848,0,20.0,
RC203,ALNS,2,"(0.85, 1.0, 1.18)",3,1335.0923815384263,394.17441027421705,1024.8534667129643,0.2952412999466075,19.381451064570918,57.386493002666626,23.232055932762467,0.2971843126275997,61.641939640045166,12,60.0,
RC207,GLS,2,"(0.85, 1.0, 1.18)",3,1714.4722815340533,558.6613321549853,1452.5194636029619,0.3258503145090882,2.8788647002298307,17.09488204737773,80.02625325239245,0.28391636154795413,37.335203886032104,0,20.0,
RC203,ALNS,3,"(0.85, 1.0, 1.18)",3,1438.1373648118206,418.3705923300849,1087.7635400582208,0.29091142652067065,17.160024978053205,58.67079718871944,24.169177833227366,0.28203509790028425,61.35025930404663,12,60.0,
RC207,GLS,3,"(0.85, 1.0, 1.18)",3,1898.2111304305145,610.3332170167507,1586.866364243552,0.3215307334534105,5.515303629027566,16.5361954305621,77.94850094041034,0.27850778752481686,34.51248073577881,0,8.0,
RC207,GLS,3,"(0.85, 1.0, 1.18)",3,1898.2111304305145,610.3332170167507,1586.866364243552,0.3215307334534105,5.515303629027566,16.5361954305621,77.94850094041034,0.27850778752481686,35.03355669975281,0,3.0,
RC207,GLS,3,"(0.85, 1.0, 1.18)",3,1898.2111304305145,610.3332170167507,1586.866364243552,0.3215307334534105,5.515303629027566,16.5361954305621,77.94850094041034,0.27850778752481686,32.28761529922485,0,20.0,
RC207,GLS,1,"(0.85, 1.0, 1.18)",3,1409.8438224319636,400.24901781529303,1040.647446319762,0.28389599716433006,19.040323663961114,70.30682680419724,10.652849531841603,0.28371375662801224,64.53665518760681,15,60.0,
RC207,IGLS,1,"(0.85, 1.0, 1.18)",3,1446.3028354936007,437.06836962169405,1136.3777610164045,0.3021969942225339,20.800615922035036,37.25836651050896,41.941017567455994,0.28966197034063856,34.52579641342163,0,3.0,
RC207,IGLS,1,"(0.85, 1.0, 1.18)",3,1446.3028354936007,437.06836962169405,1136.3777610164045,0.3021969942225339,20.800615922035036,37.25836651050896,41.941017567455994,0.28966197034063856,34.42391777038574,0,8.0,
RC207,IGLS,2,"(0.85, 1.0, 1.18)",3,1714.4722815340533,558.6613321549853,1452.5194636029619,0.3258503145090882,2.8788647002298307,17.09488204737773,80.02625325239245,0.28391636154795413,31.61495852470398,0,3.0,
RC207,IGLS,1,"(0.85, 1.0, 1.18)",3,1446.3028354936007,437.06836962169405,1136.3777610164045,0.3021969942225339,20.800615922035036,37.25836651050896,41.941017567455994,0.28966197034063856,34.1468391418457,0,20.0,
RC207,IGLS,2,"(0.85, 1.0, 1.18)",3,1714.4722815340533,558.6613321549853,1452.5194636029619,0.3258503145090882,2.8788647002298307,17.09488204737773,80.02625325239245,0.28391636154795413,31.293583154678345,0,8.0,
RC207,IGLS,2,"(0.85, 1.0, 1.18)",3,1714.4722815340533,558.6613321549853,1452.5194636029619,0.3258503145090882,2.8788647002298307,17.09488204737773,80.02625325239245,0.28391636154795413,31.560494422912598,0,20.0,
RC207,GLS,2,"(0.85, 1.0, 1.18)",3,1642.7581440256931,503.83846892815336,1309.9800192131988,0.30670276739183416,5.581110072451113,35.229574093157716,59.189315834391145,0.2689897391370812,65.73488736152649,10,60.0,
RC207,IGLS,3,"(0.85, 1.0, 1.18)",3,1898.2111304305145,610.3332170167507,1586.866364243552,0.3215307334534105,5.515303629027566,16.5361954305621,77.94850094041034,0.27850778752481686,29.51370859146118,0,3.0,
RC207,IGLS,3,"(0.85, 1.0, 1.18)",3,1898.2111304305145,610.3332170167507,1586.866364243552,0.3215307334534105,5.515303629027566,16.5361954305621,77.94850094041034,0.27850778752481686,29.728787183761597,0,8.0,
RC207,IGLS,3,"(0.85, 1.0, 1.18)",3,1898.2111304305145,610.3332170167507,1586.866364243552,0.3215307334534105,5.515303629027566,16.5361954305621,77.94850094041034,0.27850778752481686,29.513833045959473,0,20.0,
RC207,GLS,3,"(0.85, 1.0, 1.18)",3,1733.3356081520571,524.3055155171022,1363.194340344466,0.3024835542818361,11.66631464238905,45.16684680380075,43.1668385538102,0.27820822181216226,61.58409237861633,20,60.0,
RC207,RGLS,2,"(0.85, 1.0, 1.18)",3,1714.4722815340533,558.6613321549853,1452.5194636029619,0.3258503145090882,2.8788647002298307,17.09488204737773,80.02625325239245,0.28391636154795413,31.397483348846436,0,3.0,
RC207,RGLS,1,"(0.85, 1.0, 1.18)",3,1446.3028354936007,437.06836962169405,1136.3777610164045,0.3021969942225339,20.800615922035036,37.25836651050896,41.941017567455994,0.28966197034063856,34.454797983169556,0,3.0,
RC207,RGLS,1,"(0.85, 1.0, 1.18)",3,1446.3028354936007,437.06836962169405,1136.3777610164045,0.3021969942225339,20.800615922035036,37.25836651050896,41.941017567455994,0.28966197034063856,34.300862073898315,0,8.0,
RC207,IGLS,1,"(0.85, 1.0, 1.18)",3,1330.9592520948718,378.7011766810257,984.6230593706669,0.284532509981028,34.282324302544474,42.17408490464868,23.54359079280683,0.2845102540861399,67.06974244117737,31,60.0,
RC207,RGLS,1,"(0.85, 1.0, 1.18)",3,1446.3028354936007,437.06836962169405,1136.3777610164045,0.3021969942225339,20.800615922035036,37.25836651050896,41.941017567455994,0.28966197034063856,34.75041890144348,0,20.0,
RC207,RGLS,2,"(0.85, 1.0, 1.18)",3,1714.4722815340533,558.6613321549853,1452.5194636029619,0.3258503145090882,2.8788647002298307,17.09488204737773,80.02625325239245,0.28391636154795413,31.520981550216675,0,8.0,
RC207,RGLS,2,"(0.85, 1.0, 1.18)",3,1714.4722815340533,558.6613321549853,1452.5194636029619,0.3258503145090882,2.8788647002298307,17.09488204737773,80.02625325239245,0.28391636154795413,31.206945657730103,0,20.0,
RC207,RGLS,3,"(0.85, 1.0, 1.18)",3,1898.2111304305145,610.3332170167507,1586.866364243552,0.3215307334534105,5.515303629027566,16.5361954305621,77.94850094041034,0.27850778752481686,29.690526247024536,0,3.0,
RC207,RGLS,3,"(0.85, 1.0, 1.18)",3,1898.2111304305145,610.3332170167507,1586.866364243552,0.3215307334534105,5.515303629027566,16.5361954305621,77.94850094041034,0.27850778752481686,29.77990198135376,0,8.0,
RC207,IGLS,2,"(0.85, 1.0, 1.18)",3,1584.122690174357,487.34765143732056,1267.1038937370336,0.3076451429299838,6.243954131037494,45.81496236378617,47.941083505176294,0.29022659920925603,62.115434408187866,40,60.0,
RC207,RGLS,3,"(0.85, 1.0, 1.18)",3,1898.2111304305145,610.3332170167507,1586.866364243552,0.3215307334534105,5.515303629027566,16.5361954305621,77.94850094041034,0.27850778752481686,29.50498652458191,0,20.0,
RC207,IGLS,3,"(0.85, 1.0, 1.18)",3,1776.1726327626725,552.3688266312149,1436.1589492411588,0.31098825443113387,6.292359938080318,29.87520472353163,63.83243533838803,0.26957586440348574,62.41931176185608,32,60.0,
RC207,HGLS,1,"(0.85, 1.0, 1.18)",3,1446.3028354936007,437.06836962169405,1136.3777610164045,0.3021969942225339,20.800615922035036,37.25836651050896,41.941017567455994,0.28966197034063856,34.119741678237915,0,20.0,
RC207,HGLS,1,"(0.85, 1.0, 1.18)",3,1446.3028354936007,437.06836962169405,1136.3777610164045,0.3021969942225339,20.800615922035036,37.25836651050896,41.941017567455994,0.28966197034063856,34.673397064208984,0,3.0,
RC207,HGLS,1,"(0.85, 1.0, 1.18)",3,1446.3028354936007,437.06836962169405,1136.3777610164045,0.3021969942225339,20.800615922035036,37.25836651050896,41.941017567455994,0.28966197034063856,34.344828367233276,0,8.0,
RC207,HGLS,2,"(0.85, 1.0, 1.18)",3,1714.4722815340533,558.6613321549853,1452.5194636029619,0.3258503145090882,2.8788647002298307,17.09488204737773,80.02625325239245,0.28391636154795413,30.88903307914734,0,8.0,
RC207,HGLS,2,"(0.85, 1.0, 1.18)",3,1714.4722815340533,558.6613321549853,1452.5194636029619,0.3258503145090882,2.8788647002298307,17.09488204737773,80.02625325239245,0.28391636154795413,31.64432120323181,0,3.0,
RC207,HGLS,2,"(0.85, 1.0, 1.18)",3,1714.4722815340533,558.6613321549853,1452.5194636029619,0.3258503145090882,2.8788647002298307,17.09488204737773,80.02625325239245,0.28391636154795413,31.43220353126526,0,20.0,
RC207,HGLS,3,"(0.85, 1.0, 1.18)",3,1898.2111304305145,610.3332170167507,1586.866364243552,0.3215307334534105,5.515303629027566,16.5361954305621,77.94850094041034,0.27850778752481686,29.716911792755127,0,3.0,
RC207,RGLS,1,"(0.85, 1.0, 1.18)",3,1402.3038020217043,398.3783725399583,1035.7837686038918,0.2840884920697037,27.11414986816763,54.74719077054791,18.138659361284432,0.2801003397184359,73.19753980636597,17,60.0,
RC207,HGLS,3,"(0.85, 1.0, 1.18)",3,1898.2111304305145,610.3332170167507,1586.866364243552,0.3215307334534105,5.515303629027566,16.5361954305621,77.94850094041034,0.27850778752481686,29.52002716064453,0,8.0,
RC207,RGLS,2,"(0.85, 1.0, 1.18)",3,1663.198132544337,536.4188915010426,1394.689117902711,0.3225225431683455,5.2571128554521485,19.67180336621268,75.07108377833521,0.2839040381703181,67.25392174720764,7,60.0,
RC207,HGLS,3,"(0.85, 1.0, 1.18)",3,1898.2111304305145,610.3332170167507,1586.866364243552,0.3215307334534105,5.515303629027566,16.5361954305621,77.94850094041034,0.27850778752481686,29.497527360916138,0,20.0,
RC207,HGLS,1,"(0.85, 1.0, 1.18)",3,1475.661994338704,425.81544761135945,1107.1201637895347,0.2885589310051875,22.517895878782518,51.76009828803146,25.72200583318598,0.28076011125059736,61.117887020111084,11,60.0,
RC207,RGLS,3,"(0.85, 1.0, 1.18)",3,1703.6935749840013,524.8440586105074,1364.5945523873195,0.308062474565261,7.2838126416724345,37.90255958826835,54.81362777005922,0.28032840468628,67.37883567810059,31,60.0,
RC207,ALNS,2,"(0.85, 1.0, 1.18)",3,1714.4722815340533,558.6613321549853,1452.5194636029619,0.3258503145090882,2.8788647002298307,17.09488204737773,80.02625325239245,0.28391636154795413,31.52610468864441,0,3.0,
RC207,ALNS,1,"(0.85, 1.0, 1.18)",3,1446.3028354936007,437.06836962169405,1136.3777610164045,0.3021969942225339,20.800615922035036,37.25836651050896,41.941017567455994,0.28966197034063856,34.84694457054138,0,3.0,
RC207,ALNS,2,"(0.85, 1.0, 1.18)",3,1714.4722815340533,558.6613321549853,1452.5194636029619,0.3258503145090882,2.8788647002298307,17.09488204737773,80.02625325239245,0.28391636154795413,32.03298592567444,0,8.0,
RC207,ALNS,1,"(0.85, 1.0, 1.18)",3,1446.3028354936007,437.06836962169405,1136.3777610164045,0.3021969942225339,20.800615922035036,37.25836651050896,41.941017567455994,0.28966197034063856,35.07768940925598,0,8.0,
RC207,ALNS,1,"(0.85, 1.0, 1.18)",3,1446.3028354936007,437.06836962169405,1136.3777610164045,0.3021969942225339,20.800615922035036,37.25836651050896,41.941017567455994,0.28966197034063856,34.37364387512207,0,20.0,
RC207,ALNS,2,"(0.85, 1.0, 1.18)",3,1714.4722815340533,558.6613321549853,1452.5194636029619,0.3258503145090882,2.8788647002298307,17.09488204737773,80.02625325239245,0.28391636154795413,31.553370237350464,0,20.0,
RC207,ALNS,3,"(0.85, 1.0, 1.18)",3,1898.2111304305145,610.3332170167507,1586.866364243552,0.3215307334534105,5.515303629027566,16.5361954305621,77.94850094041034,0.27850778752481686,29.22506809234619,0,3.0,
RC207,HGLS,2,"(0.85, 1.0, 1.18)",3,1670.0678227632018,516.1845273838773,1342.0797711980808,0.3090799788776404,3.5302308149382164,43.00104618535336,53.468722999708426,0.2810971830489928,64.87716054916382,21,60.0,
RC207,ALNS,3,"(0.85, 1.0, 1.18)",3,1898.2111304305145,610.3332170167507,1586.866364243552,0.3215307334534105,5.515303629027566,16.5361954305621,77.94850094041034,0.27850778752481686,26.165042877197266,0,8.0,
RC207,ALNS,3,"(0.85, 1.0, 1.18)",3,1898.2111304305145,610.3332170167507,1586.866364243552,0.3215307334534105,5.515303629027566,16.5361954305621,77.94850094041034,0.27850778752481686,22.68018913269043,0,20.0,
RC207,HGLS,3,"(0.85, 1.0, 1.18)",3,1752.7277099816706,532.9930138054096,1385.7818358940651,0.30409344861158355,9.48150182464184,36.572262348566674,53.946235826791465,0.2707425916273742,61.994345903396606,28,60.0,
RC207,ALNS,1,"(0.85, 1.0, 1.18)",3,1244.5164597635396,325.0051750516757,845.0134551343568,0.2611497602156481,55.55159259345672,44.4484074065433,0.0,0.28051174348229313,60.68989610671997,23,60.0,
RC207,ALNS,2,"(0.85, 1.0, 1.18)",3,1374.0763292031388,392.63116546828223,1020.8410302175339,0.28574188865911027,27.96476006500876,52.10997910722964,19.92526082776163,0.28719389939280293,60.65140104293823,27,60.0,
RC207,ALNS,3,"(0.85, 1.0, 1.18)",3,1310.4752094993844,381.53741185486626,991.9972708226524,0.2911443185564858,17.77640311029524,51.2450369168092,30.97855997289555,0.2750697992903517,60.50362992286682,60,60.0,
